{
"type": "FeatureCollection",
"name": "roads",
"crs": { "type": "name", "properties": { "name": "urn:ogc:def:crs:OGC:1.3:CRS84" } },
"xy_coordinate_resolution": 1e-06,
"features": [
{ "type": "Feature", "properties": { "highway": "motorway_link", "name": null }, "geometry": { "type": "LineString", "coordinates": [ [ 113.902208, 22.590202 ], [ 113.901765, 22.590827 ], [ 113.901557, 22.591089 ], [ 113.9004, 22.592433 ], [ 113.900211, 22.59267 ], [ 113.900081, 22.592889 ], [ 113.899981, 22.593088 ], [ 113.899849, 22.593505 ], [ 113.899725, 22.594393 ], [ 113.899671, 22.594599 ], [ 113.899521, 22.59496 ], [ 113.899407, 22.595125 ], [ 113.899265, 22.595278 ], [ 113.899138, 22.595387 ], [ 113.898963, 22.595508 ], [ 113.898606, 22.595664 ] ] } },
{ "type": "Feature", "properties": { "highway": "motorway", "name": "京港澳高速" }, "geometry": { "type": "LineString", "coordinates": [ [ 113.923457, 22.5681 ], [ 113.923338, 22.56824 ], [ 113.92271, 22.568771 ], [ 113.922446, 22.569086 ], [ 113.922327, 22.569276 ], [ 113.922184, 22.569575 ], [ 113.922079, 22.569884 ], [ 113.921935, 22.570622 ] ] } },
{ "type": "Feature", "properties": { "highway": "motorway_link", "name": null }, "geometry": { "type": "LineString", "coordinates": [ [ 113.93442, 22.565349 ], [ 113.934089, 22.565402 ], [ 113.933314, 22.565447 ], [ 113.933131, 22.565483 ], [ 113.932964, 22.565534 ], [ 113.932663, 22.565664 ], [ 113.931743, 22.566182 ], [ 113.931528, 22.56623 ], [ 113.931406, 22.566248 ], [ 113.931206, 22.566245 ], [ 113.931046, 22.566174 ], [ 113.930917, 22.566042 ] ] } },
{ "type": "Feature", "properties": { "highway": "trunk", "name": "107国道" }, "geometry": { "type": "LineString", "coordinates": [ [ 113.910346, 22.552409 ], [ 113.909718, 22.55221 ] ] } },
{ "type": "Feature", "properties": { "highway": "trunk_link", "name": null }, "geometry": { "type": "LineString", "coordinates": [ [ 113.87163, 22.587401 ], [ 113.871432, 22.587334 ], [ 113.871296, 22.587306 ], [ 113.871144, 22.587303 ], [ 113.871014, 22.587321 ], [ 113.870906, 22.587362 ], [ 113.87081, 22.587432 ], [ 113.870744, 22.587513 ] ] } },
{ "type": "Feature", "properties": { "highway": "primary_link", "name": null }, "geometry": { "type": "LineString", "coordinates": [ [ 113.926458, 22.542927 ], [ 113.926295, 22.542963 ], [ 113.926159, 22.543014 ], [ 113.926029, 22.543084 ], [ 113.925963, 22.54314 ], [ 113.925899, 22.543226 ], [ 113.925852, 22.543349 ], [ 113.925836, 22.543447 ], [ 113.925846, 22.543574 ], [ 113.925884, 22.543679 ], [ 113.925961, 22.543782 ] ] } },
{ "type": "Feature", "properties": { "highway": "trunk", "name": "107国道" }, "geometry": { "type": "LineString", "coordinates": [ [ 113.906995, 22.552684 ], [ 113.907112, 22.552429 ], [ 113.907179, 22.552165 ], [ 113.907253, 22.55113 ], [ 113.907333, 22.550822 ], [ 113.907408, 22.55066 ], [ 113.90759, 22.550434 ], [ 113.907683, 22.550345 ], [ 113.907794, 22.550269 ], [ 113.907898, 22.550232 ] ] } },
{ "type": "Feature", "properties": { "highway": "motorway_link", "name": null }, "geometry": { "type": "LineString", "coordinates": [ [ 113.928913, 22.567516 ], [ 113.928884, 22.567395 ], [ 113.928843, 22.567298 ], [ 113.928754, 22.567176 ] ] } },
{ "type": "Feature", "properties": { "highway": "trunk_link", "name": null }, "geometry": { "type": "LineString", "coordinates": [ [ 113.874675, 22.589711 ], [ 113.87392, 22.589218 ], [ 113.873725, 22.589105 ], [ 113.873541, 22.589042 ], [ 113.873151, 22.589027 ], [ 113.871462, 22.589173 ] ] } },
{ "type": "Feature", "properties": { "highway": "tertiary", "name": "宝田三路" }, "geometry": { "type": "LineString", "coordinates": [ [ 113.86839, 22.607352 ], [ 113.866001, 22.605286 ] ] } },
{ "type": "Feature", "properties": { "highway": "secondary", "name": "前进二路" }, "geometry": { "type": "LineString", "coordinates": [ [ 113.878453, 22.592932 ], [ 113.877982, 22.593365 ], [ 113.877253, 22.594083 ] ] } },
{ "type": "Feature", "properties": { "highway": "tertiary", "name": "西乡大道辅路" }, "geometry": { "type": "LineString", "coordinates": [ [ 113.890812, 22.593601 ], [ 113.888706, 22.593476 ], [ 113.888236, 22.593523 ], [ 113.886378, 22.593421 ], [ 113.882658, 22.593159 ], [ 113.882284, 22.593114 ], [ 113.881899, 22.593037 ] ] } },
{ "type": "Feature", "properties": { "highway": "secondary", "name": "前进二路" }, "geometry": { "type": "LineString", "coordinates": [ [ 113.854945, 22.620713 ], [ 113.856716, 22.615508 ], [ 113.856935, 22.614923 ], [ 113.857112, 22.614385 ], [ 113.857529, 22.613612 ], [ 113.857704, 22.613374 ], [ 113.857903, 22.613152 ], [ 113.858546, 22.612532 ], [ 113.860871, 22.610194 ], [ 113.861537, 22.609556 ], [ 113.864558, 22.606547 ], [ 113.86939, 22.601669 ], [ 113.872136, 22.598948 ], [ 113.873609, 22.597431 ] ] } },
{ "type": "Feature", "properties": { "highway": "motorway_link", "name": null }, "geometry": { "type": "LineString", "coordinates": [ [ 113.928954, 22.564785 ], [ 113.9289, 22.564625 ] ] } },
{ "type": "Feature", "properties": { "highway": "motorway_link", "name": null }, "geometry": { "type": "LineString", "coordinates": [ [ 113.929085, 22.566439 ], [ 113.929158, 22.566615 ], [ 113.929248, 22.566733 ] ] } },
{ "type": "Feature", "properties": { "highway": "motorway_link", "name": null }, "geometry": { "type": "LineString", "coordinates": [ [ 113.927559, 22.566259 ], [ 113.927107, 22.566401 ], [ 113.926376, 22.566686 ], [ 113.925544, 22.567113 ] ] } },
{ "type": "Feature", "properties": { "highway": "primary_link", "name": null }, "geometry": { "type": "LineString", "coordinates": [ [ 113.928851, 22.557926 ], [ 113.928727, 22.557433 ], [ 113.928639, 22.557239 ], [ 113.928482, 22.557056 ], [ 113.926777, 22.555715 ], [ 113.92651, 22.555598 ], [ 113.926097, 22.555519 ] ] } },
{ "type": "Feature", "properties": { "highway": "primary", "name": "北环大道辅路" }, "geometry": { "type": "LineString", "coordinates": [ [ 113.932143, 22.555366 ], [ 113.931223, 22.555412 ] ] } },
{ "type": "Feature", "properties": { "highway": "trunk", "name": "宝安大道" }, "geometry": { "type": "LineString", "coordinates": [ [ 113.852578, 22.588575 ], [ 113.853086, 22.58802 ], [ 113.853948, 22.587401 ], [ 113.854675, 22.586939 ], [ 113.855305, 22.58662 ], [ 113.85635, 22.585888 ], [ 113.857267, 22.585331 ], [ 113.858187, 22.584947 ], [ 113.858786, 22.584592 ], [ 113.859747, 22.583971 ], [ 113.86045, 22.583438 ], [ 113.861048, 22.58295 ], [ 113.861678, 22.58239 ], [ 113.862895, 22.581149 ], [ 113.864051, 22.580076 ] ] } },
{ "type": "Feature", "properties": { "highway": "primary", "name": "南海大道" }, "geometry": { "type": "LineString", "coordinates": [ [ 113.926924, 22.543257 ], [ 113.926938, 22.542253 ], [ 113.926972, 22.541272 ] ] } },
{ "type": "Feature", "properties": { "highway": "primary", "name": "南海大道" }, "geometry": { "type": "LineString", "coordinates": [ [ 113.926972, 22.541272 ], [ 113.927051, 22.539418 ], [ 113.927044, 22.538559 ] ] } },
{ "type": "Feature", "properties": { "highway": "primary", "name": "南海大道" }, "geometry": { "type": "LineString", "coordinates": [ [ 113.92707, 22.542146 ], [ 113.927061, 22.544241 ] ] } },
{ "type": "Feature", "properties": { "highway": "motorway", "name": "京港澳高速" }, "geometry": { "type": "LineString", "coordinates": [ [ 113.919186, 22.572306 ], [ 113.921334, 22.570737 ], [ 113.921494, 22.570604 ], [ 113.921586, 22.570493 ] ] } },
{ "type": "Feature", "properties": { "highway": "primary", "name": "南海大道" }, "geometry": { "type": "LineString", "coordinates": [ [ 113.928922, 22.566432 ], [ 113.928954, 22.564785 ] ] } },
{ "type": "Feature", "properties": { "highway": "primary", "name": "同乐路" }, "geometry": { "type": "LineString", "coordinates": [ [ 113.929085, 22.566439 ], [ 113.929069, 22.567522 ] ] } },
{ "type": "Feature", "properties": { "highway": "primary", "name": "南海大道" }, "geometry": { "type": "LineString", "coordinates": [ [ 113.929118, 22.564789 ], [ 113.929085, 22.566439 ] ] } },
{ "type": "Feature", "properties": { "highway": "motorway", "name": "南光高速" }, "geometry": { "type": "LineString", "coordinates": [ [ 113.926171, 22.596041 ], [ 113.925459, 22.591587 ] ] } },
{ "type": "Feature", "properties": { "highway": "primary_link", "name": null }, "geometry": { "type": "LineString", "coordinates": [ [ 113.92996, 22.542473 ], [ 113.930366, 22.542366 ] ] } },
{ "type": "Feature", "properties": { "highway": "trunk_link", "name": null }, "geometry": { "type": "LineString", "coordinates": [ [ 113.905431, 22.549233 ], [ 113.90503, 22.548636 ], [ 113.904844, 22.548299 ], [ 113.90462, 22.547938 ] ] } },
{ "type": "Feature", "properties": { "highway": "trunk_link", "name": null }, "geometry": { "type": "LineString", "coordinates": [ [ 113.90299, 22.544795 ], [ 113.903218, 22.544046 ], [ 113.903333, 22.543824 ], [ 113.903543, 22.543577 ], [ 113.904106, 22.543096 ], [ 113.904285, 22.542862 ], [ 113.904355, 22.542709 ], [ 113.904394, 22.542563 ], [ 113.904428, 22.54209 ] ] } },
{ "type": "Feature", "properties": { "highway": "secondary", "name": "桃园路" }, "geometry": { "type": "LineString", "coordinates": [ [ 113.910267, 22.535306 ], [ 113.904665, 22.535196 ] ] } },
{ "type": "Feature", "properties": { "highway": "secondary", "name": "南山大道" }, "geometry": { "type": "LineString", "coordinates": [ [ 113.919227, 22.559497 ], [ 113.919543, 22.560978 ] ] } },
{ "type": "Feature", "properties": { "highway": "primary_link", "name": null }, "geometry": { "type": "LineString", "coordinates": [ [ 113.927135, 22.545894 ], [ 113.926887, 22.54522 ], [ 113.926766, 22.545002 ] ] } },
{ "type": "Feature", "properties": { "highway": "secondary", "name": "庄边路" }, "geometry": { "type": "LineString", "coordinates": [ [ 113.880697, 22.59041 ], [ 113.877858, 22.588069 ] ] } },
{ "type": "Feature", "properties": { "highway": "secondary", "name": "前进二路" }, "geometry": { "type": "LineString", "coordinates": [ [ 113.880784, 22.590325 ], [ 113.882553, 22.58855 ], [ 113.884267, 22.58686 ] ] } },
{ "type": "Feature", "properties": { "highway": "trunk_link", "name": null }, "geometry": { "type": "LineString", "coordinates": [ [ 113.907053, 22.552247 ], [ 113.907096, 22.551938 ], [ 113.907097, 22.551634 ], [ 113.907077, 22.551458 ], [ 113.907015, 22.551182 ], [ 113.906923, 22.550965 ], [ 113.906861, 22.550858 ], [ 113.906707, 22.550671 ], [ 113.905999, 22.550034 ], [ 113.905848, 22.549876 ], [ 113.905431, 22.549233 ] ] } },
{ "type": "Feature", "properties": { "highway": "trunk", "name": "北环大道" }, "geometry": { "type": "LineString", "coordinates": [ [ 113.909773, 22.552122 ], [ 113.907109, 22.550753 ], [ 113.90692, 22.550635 ], [ 113.906537, 22.550351 ], [ 113.906, 22.549869 ] ] } },
{ "type": "Feature", "properties": { "highway": "secondary", "name": "宝田一路" }, "geometry": { "type": "LineString", "coordinates": [ [ 113.884329, 22.60182 ], [ 113.883102, 22.602193 ], [ 113.882763, 22.602269 ], [ 113.880411, 22.602933 ], [ 113.880176, 22.602959 ], [ 113.879974, 22.602905 ], [ 113.87981, 22.602786 ], [ 113.878886, 22.601828 ], [ 113.878622, 22.601579 ], [ 113.877723, 22.600958 ], [ 113.874084, 22.597812 ], [ 113.873908, 22.597642 ], [ 113.87377, 22.597543 ] ] } },
{ "type": "Feature", "properties": { "highway": "primary", "name": "西乡大道" }, "geometry": { "type": "LineString", "coordinates": [ [ 113.874675, 22.589711 ], [ 113.873772, 22.589008 ], [ 113.872362, 22.58795 ] ] } },
{ "type": "Feature", "properties": { "highway": "secondary", "name": "裕安二路" }, "geometry": { "type": "LineString", "coordinates": [ [ 113.895862, 22.57538 ], [ 113.893008, 22.572897 ] ] } },
{ "type": "Feature", "properties": { "highway": "primary_link", "name": null }, "geometry": { "type": "LineString", "coordinates": [ [ 113.92495, 22.54275 ], [ 113.925236, 22.542615 ], [ 113.925386, 22.542511 ] ] } },
{ "type": "Feature", "properties": { "highway": "primary", "name": "宝源路" }, "geometry": { "type": "LineString", "coordinates": [ [ 113.856725, 22.5735 ], [ 113.859142, 22.571514 ], [ 113.86015, 22.570766 ], [ 113.863188, 22.568636 ] ] } },
{ "type": "Feature", "properties": { "highway": "secondary", "name": "流塘路" }, "geometry": { "type": "LineString", "coordinates": [ [ 113.878136, 22.581762 ], [ 113.879153, 22.582631 ], [ 113.88136, 22.584475 ], [ 113.883613, 22.586301 ], [ 113.884267, 22.58686 ] ] } },
{ "type": "Feature", "properties": { "highway": "secondary", "name": "建安二路" }, "geometry": { "type": "LineString", "coordinates": [ [ 113.885058, 22.580788 ], [ 113.88354, 22.58189 ], [ 113.882902, 22.582376 ], [ 113.882477, 22.582864 ], [ 113.881831, 22.583659 ], [ 113.88136, 22.584475 ], [ 113.878838, 22.587094 ], [ 113.877939, 22.587988 ] ] } },
{ "type": "Feature", "properties": { "highway": "motorway", "name": "京港澳高速" }, "geometry": { "type": "LineString", "coordinates": [ [ 113.886915, 22.602515 ], [ 113.88755, 22.602004 ], [ 113.88969, 22.600446 ], [ 113.89315, 22.598061 ] ] } },
{ "type": "Feature", "properties": { "highway": "motorway_link", "name": null }, "geometry": { "type": "LineString", "coordinates": [ [ 113.922343, 22.56854 ], [ 113.923118, 22.567965 ], [ 113.923702, 22.56759 ], [ 113.924851, 22.566966 ], [ 113.925208, 22.56669 ], [ 113.92595, 22.565977 ] ] } },
{ "type": "Feature", "properties": { "highway": "trunk_link", "name": null }, "geometry": { "type": "LineString", "coordinates": [ [ 113.906771, 22.552839 ], [ 113.906979, 22.552493 ], [ 113.907053, 22.552247 ] ] } },
{ "type": "Feature", "properties": { "highway": "secondary", "name": "湖滨中路" }, "geometry": { "type": "LineString", "coordinates": [ [ 113.904499, 22.556141 ], [ 113.904493, 22.556064 ], [ 113.904438, 22.555973 ], [ 113.903746, 22.55536 ], [ 113.901926, 22.553807 ], [ 113.898527, 22.550953 ], [ 113.898414, 22.550892 ], [ 113.898285, 22.550888 ], [ 113.898196, 22.550901 ] ] } },
{ "type": "Feature", "properties": { "highway": "trunk_link", "name": null }, "geometry": { "type": "LineString", "coordinates": [ [ 113.904839, 22.546733 ], [ 113.904912, 22.547232 ], [ 113.905014, 22.547631 ] ] } },
{ "type": "Feature", "properties": { "highway": "primary", "name": "广深公路辅路" }, "geometry": { "type": "LineString", "coordinates": [ [ 113.86268, 22.602422 ], [ 113.861864, 22.603648 ], [ 113.861033, 22.604833 ], [ 113.860295, 22.60571 ], [ 113.859682, 22.606368 ], [ 113.858718, 22.607247 ], [ 113.857902, 22.60805 ], [ 113.857255, 22.608714 ] ] } },
{ "type": "Feature", "properties": { "highway": "primary_link", "name": null }, "geometry": { "type": "LineString", "coordinates": [ [ 113.928541, 22.554506 ], [ 113.928452, 22.554277 ], [ 113.928329, 22.554114 ], [ 113.928262, 22.554064 ], [ 113.928069, 22.553999 ], [ 113.927972, 22.553987 ], [ 113.92787, 22.554 ], [ 113.927683, 22.554075 ], [ 113.927595, 22.554142 ], [ 113.92753, 22.554215 ], [ 113.927484, 22.554301 ], [ 113.927462, 22.554394 ], [ 113.927463, 22.554491 ], [ 113.927488, 22.554593 ], [ 113.927543, 22.554698 ], [ 113.927683, 22.554845 ], [ 113.927884, 22.554933 ], [ 113.928305, 22.554991 ] ] } },
{ "type": "Feature", "properties": { "highway": "tertiary", "name": "南光路" }, "geometry": { "type": "LineString", "coordinates": [ [ 113.92234, 22.542662 ], [ 113.922273, 22.541632 ], [ 113.922308, 22.540553 ], [ 113.922419, 22.538888 ] ] } },
{ "type": "Feature", "properties": { "highway": "primary", "name": "南海大道" }, "geometry": { "type": "LineString", "coordinates": [ [ 113.924448, 22.52853 ], [ 113.924442, 22.529339 ], [ 113.924458, 22.529846 ], [ 113.924501, 22.530163 ], [ 113.924567, 22.530431 ], [ 113.924755, 22.530932 ], [ 113.925784, 22.532849 ] ] } },
{ "type": "Feature", "properties": { "highway": "motorway_link", "name": null }, "geometry": { "type": "LineString", "coordinates": [ [ 113.929151, 22.563836 ], [ 113.929255, 22.564003 ], [ 113.929332, 22.56409 ] ] } },
{ "type": "Feature", "properties": { "highway": "motorway_link", "name": null }, "geometry": { "type": "LineString", "coordinates": [ [ 113.926521, 22.565414 ], [ 113.926669, 22.565303 ], [ 113.926781, 22.565248 ], [ 113.926885, 22.565227 ], [ 113.927093, 22.565239 ], [ 113.92718, 22.565261 ], [ 113.927289, 22.565316 ] ] } },
{ "type": "Feature", "properties": { "highway": "motorway_link", "name": null }, "geometry": { "type": "LineString", "coordinates": [ [ 113.93105, 22.564652 ], [ 113.931077, 22.564554 ], [ 113.931084, 22.564406 ] ] } },
{ "type": "Feature", "properties": { "highway": "trunk_link", "name": null }, "geometry": { "type": "LineString", "coordinates": [ [ 113.924467, 22.555279 ], [ 113.925395, 22.555126 ], [ 113.926537, 22.555054 ] ] } },
{ "type": "Feature", "properties": { "highway": "primary", "name": "南海大道" }, "geometry": { "type": "LineString", "coordinates": [ [ 113.929205, 22.560796 ], [ 113.929155, 22.563118 ] ] } },
{ "type": "Feature", "properties": { "highway": "primary", "name": "北环大道辅路" }, "geometry": { "type": "LineString", "coordinates": [ [ 113.928128, 22.555414 ], [ 113.926097, 22.555519 ] ] } },
{ "type": "Feature", "properties": { "highway": "primary", "name": "南海大道" }, "geometry": { "type": "LineString", "coordinates": [ [ 113.928693, 22.550396 ], [ 113.928686, 22.549827 ], [ 113.928657, 22.549591 ], [ 113.92862, 22.549383 ], [ 113.928473, 22.548867 ], [ 113.92825, 22.548296 ], [ 113.927329, 22.546348 ] ] } },
{ "type": "Feature", "properties": { "highway": "primary_link", "name": null }, "geometry": { "type": "LineString", "coordinates": [ [ 113.928128, 22.555414 ], [ 113.927903, 22.555465 ], [ 113.927779, 22.555522 ], [ 113.927672, 22.555603 ], [ 113.927579, 22.555721 ], [ 113.927531, 22.555855 ], [ 113.927521, 22.555972 ], [ 113.927545, 22.556112 ], [ 113.927604, 22.556212 ], [ 113.927706, 22.556307 ], [ 113.92783, 22.556374 ], [ 113.927976, 22.556409 ], [ 113.928118, 22.556417 ], [ 113.928247, 22.55639 ], [ 113.928365, 22.556335 ], [ 113.928462, 22.556263 ], [ 113.928547, 22.556142 ], [ 113.928589, 22.556027 ], [ 113.928615, 22.555894 ] ] } },
{ "type": "Feature", "properties": { "highway": "primary_link", "name": null }, "geometry": { "type": "LineString", "coordinates": [ [ 113.929105, 22.554957 ], [ 113.929275, 22.55494 ], [ 113.929484, 22.554889 ], [ 113.929567, 22.554846 ], [ 113.929704, 22.554726 ], [ 113.929784, 22.554569 ], [ 113.929793, 22.554398 ], [ 113.929771, 22.554314 ], [ 113.92968, 22.554148 ], [ 113.929532, 22.554013 ], [ 113.929362, 22.553943 ], [ 113.929157, 22.553943 ], [ 113.929056, 22.553971 ], [ 113.928963, 22.55401 ], [ 113.928829, 22.554119 ], [ 113.928757, 22.554238 ], [ 113.928702, 22.554423 ] ] } },
{ "type": "Feature", "properties": { "highway": "primary_link", "name": null }, "geometry": { "type": "LineString", "coordinates": [ [ 113.928764, 22.555958 ], [ 113.928807, 22.556064 ], [ 113.92897, 22.556248 ], [ 113.929083, 22.556315 ], [ 113.929199, 22.556357 ], [ 113.92932, 22.556373 ], [ 113.929451, 22.556359 ], [ 113.929558, 22.556317 ], [ 113.92966, 22.556246 ], [ 113.929744, 22.556162 ], [ 113.929806, 22.55606 ], [ 113.929836, 22.555959 ], [ 113.929845, 22.555847 ], [ 113.92979, 22.555653 ], [ 113.929724, 22.555559 ], [ 113.92965, 22.555499 ], [ 113.929561, 22.555461 ], [ 113.929195, 22.555379 ] ] } },
{ "type": "Feature", "properties": { "highway": "primary_link", "name": null }, "geometry": { "type": "LineString", "coordinates": [ [ 113.928778, 22.552352 ], [ 113.92882, 22.552839 ], [ 113.928866, 22.553031 ], [ 113.928893, 22.55312 ], [ 113.928986, 22.553294 ], [ 113.929109, 22.553435 ], [ 113.929876, 22.554167 ], [ 113.930415, 22.554661 ], [ 113.930541, 22.554755 ], [ 113.930782, 22.554885 ], [ 113.930908, 22.554915 ], [ 113.931398, 22.554958 ] ] } },
{ "type": "Feature", "properties": { "highway": "secondary", "name": "建安一路" }, "geometry": { "type": "LineString", "coordinates": [ [ 113.893008, 22.572897 ], [ 113.896556, 22.569376 ], [ 113.903602, 22.562308 ], [ 113.903919, 22.562007 ] ] } },
{ "type": "Feature", "properties": { "highway": "tertiary", "name": "新圳东路" }, "geometry": { "type": "LineString", "coordinates": [ [ 113.909002, 22.56799 ], [ 113.906472, 22.567929 ], [ 113.906336, 22.567897 ], [ 113.90465, 22.566483 ], [ 113.904502, 22.566307 ], [ 113.903381, 22.56522 ], [ 113.902041, 22.563886 ] ] } },
{ "type": "Feature", "properties": { "highway": "primary", "name": "前进一路" }, "geometry": { "type": "LineString", "coordinates": [ [ 113.89923, 22.571892 ], [ 113.899859, 22.571299 ], [ 113.90465, 22.566483 ], [ 113.906724, 22.564441 ] ] } },
{ "type": "Feature", "properties": { "highway": "tertiary", "name": "龙井二路" }, "geometry": { "type": "LineString", "coordinates": [ [ 113.908084, 22.565502 ], [ 113.909842, 22.563743 ], [ 113.909944, 22.563612 ], [ 113.909968, 22.563521 ], [ 113.909968, 22.563433 ], [ 113.909932, 22.563334 ], [ 113.909852, 22.563247 ], [ 113.908896, 22.562437 ] ] } },
{ "type": "Feature", "properties": { "highway": "secondary", "name": "公园路" }, "geometry": { "type": "LineString", "coordinates": [ [ 113.907266, 22.571115 ], [ 113.907089, 22.57119 ] ] } },
{ "type": "Feature", "properties": { "highway": "primary", "name": "新安二路" }, "geometry": { "type": "LineString", "coordinates": [ [ 113.906893, 22.564474 ], [ 113.90855, 22.565912 ], [ 113.908791, 22.566201 ], [ 113.908936, 22.566513 ], [ 113.908984, 22.566683 ], [ 113.909011, 22.566863 ], [ 113.909002, 22.56799 ], [ 113.908937, 22.570966 ] ] } },
{ "type": "Feature", "properties": { "highway": "secondary", "name": "兴华二路" }, "geometry": { "type": "LineString", "coordinates": [ [ 113.897071, 22.564773 ], [ 113.902305, 22.569237 ], [ 113.90588, 22.572369 ] ] } },
{ "type": "Feature", "properties": { "highway": "primary", "name": "创业二路" }, "geometry": { "type": "LineString", "coordinates": [ [ 113.899237, 22.572088 ], [ 113.898319, 22.571328 ], [ 113.895744, 22.569117 ] ] } },
{ "type": "Feature", "properties": { "highway": "trunk_link", "name": null }, "geometry": { "type": "LineString", "coordinates": [ [ 113.903483, 22.54451 ], [ 113.903583, 22.544584 ], [ 113.903672, 22.544624 ], [ 113.903796, 22.544651 ], [ 113.903904, 22.544652 ], [ 113.904331, 22.544602 ] ] } },
{ "type": "Feature", "properties": { "highway": "primary", "name": "创业二路" }, "geometry": { "type": "LineString", "coordinates": [ [ 113.899337, 22.571986 ], [ 113.901681, 22.57404 ], [ 113.902992, 22.575162 ] ] } },
{ "type": "Feature", "properties": { "highway": "secondary", "name": "兴华一路" }, "geometry": { "type": "LineString", "coordinates": [ [ 113.889485, 22.558545 ], [ 113.889522, 22.558389 ], [ 113.88951, 22.558317 ], [ 113.889481, 22.55825 ], [ 113.889376, 22.558121 ], [ 113.885667, 22.554941 ], [ 113.885069, 22.55441 ] ] } },
{ "type": "Feature", "properties": { "highway": "secondary", "name": "玉律路" }, "geometry": { "type": "LineString", "coordinates": [ [ 113.87112, 22.562242 ], [ 113.871061, 22.56233 ], [ 113.87104, 22.562489 ], [ 113.871071, 22.562576 ], [ 113.87116, 22.562699 ], [ 113.874379, 22.565502 ], [ 113.878263, 22.568824 ], [ 113.878315, 22.568863 ], [ 113.878383, 22.568879 ], [ 113.878542, 22.568845 ] ] } },
{ "type": "Feature", "properties": { "highway": "secondary", "name": "桃园路" }, "geometry": { "type": "LineString", "coordinates": [ [ 113.923489, 22.535466 ], [ 113.920986, 22.535422 ], [ 113.920474, 22.535426 ] ] } },
{ "type": "Feature", "properties": { "highway": "primary", "name": "创业一路" }, "geometry": { "type": "LineString", "coordinates": [ [ 113.890311, 22.564515 ], [ 113.889522, 22.56389 ], [ 113.886839, 22.561636 ] ] } },
{ "type": "Feature", "properties": { "highway": "primary", "name": "南山大道" }, "geometry": { "type": "LineString", "coordinates": [ [ 113.919527, 22.530506 ], [ 113.919766, 22.531855 ], [ 113.919904, 22.53299 ], [ 113.919928, 22.533258 ], [ 113.919965, 22.534231 ], [ 113.91999, 22.53533 ] ] } },
{ "type": "Feature", "properties": { "highway": "secondary", "name": "前海路" }, "geometry": { "type": "LineString", "coordinates": [ [ 113.910407, 22.535713 ], [ 113.910281, 22.539684 ] ] } },
{ "type": "Feature", "properties": { "highway": "primary_link", "name": null }, "geometry": { "type": "LineString", "coordinates": [ [ 113.909493, 22.547826 ], [ 113.909367, 22.547821 ] ] } },
{ "type": "Feature", "properties": { "highway": "tertiary", "name": "悦和路" }, "geometry": { "type": "LineString", "coordinates": [ [ 113.857221, 22.578805 ], [ 113.855154, 22.576653 ], [ 113.854261, 22.575694 ] ] } },
{ "type": "Feature", "properties": { "highway": "secondary", "name": "新湖路" }, "geometry": { "type": "LineString", "coordinates": [ [ 113.865423, 22.57229 ], [ 113.862071, 22.574925 ], [ 113.860133, 22.576469 ] ] } },
{ "type": "Feature", "properties": { "highway": "trunk", "name": "107国道" }, "geometry": { "type": "LineString", "coordinates": [ [ 113.907898, 22.550232 ], [ 113.908194, 22.550135 ], [ 113.908411, 22.55011 ], [ 113.908638, 22.55012 ], [ 113.908747, 22.550137 ], [ 113.908956, 22.550202 ], [ 113.909262, 22.550372 ], [ 113.909414, 22.550517 ], [ 113.909539, 22.550688 ], [ 113.909631, 22.550874 ], [ 113.909962, 22.551666 ], [ 113.910098, 22.551843 ] ] } },
{ "type": "Feature", "properties": { "highway": "secondary", "name": "裕安一路" }, "geometry": { "type": "LineString", "coordinates": [ [ 113.883274, 22.564643 ], [ 113.883162, 22.564525 ] ] } },
{ "type": "Feature", "properties": { "highway": "secondary", "name": "罗田路" }, "geometry": { "type": "LineString", "coordinates": [ [ 113.870832, 22.558459 ], [ 113.867066, 22.555209 ], [ 113.866748, 22.554922 ], [ 113.866679, 22.554796 ] ] } },
{ "type": "Feature", "properties": { "highway": "secondary", "name": "海天路" }, "geometry": { "type": "LineString", "coordinates": [ [ 113.887244, 22.547656 ], [ 113.887056, 22.547616 ], [ 113.886967, 22.547616 ], [ 113.88685, 22.547651 ], [ 113.885849, 22.548378 ], [ 113.885093, 22.548844 ], [ 113.884619, 22.549099 ], [ 113.883915, 22.549436 ], [ 113.8835, 22.549613 ], [ 113.882997, 22.549803 ], [ 113.882288, 22.55006 ], [ 113.881417, 22.550289 ], [ 113.880731, 22.55043 ], [ 113.880077, 22.550543 ], [ 113.879355, 22.550615 ] ] } },
{ "type": "Feature", "properties": { "highway": "primary_link", "name": null }, "geometry": { "type": "LineString", "coordinates": [ [ 113.89412, 22.553409 ], [ 113.894303, 22.55352 ], [ 113.894371, 22.553541 ], [ 113.894541, 22.553547 ], [ 113.894667, 22.55351 ] ] } },
{ "type": "Feature", "properties": { "highway": "primary_link", "name": null }, "geometry": { "type": "LineString", "coordinates": [ [ 113.905597, 22.544459 ], [ 113.906517, 22.544344 ], [ 113.906749, 22.544328 ], [ 113.907973, 22.544365 ] ] } },
{ "type": "Feature", "properties": { "highway": "trunk_link", "name": null }, "geometry": { "type": "LineString", "coordinates": [ [ 113.892016, 22.566647 ], [ 113.892085, 22.566438 ], [ 113.892167, 22.566308 ], [ 113.892235, 22.566234 ] ] } },
{ "type": "Feature", "properties": { "highway": "trunk_link", "name": null }, "geometry": { "type": "LineString", "coordinates": [ [ 113.904987, 22.54448 ], [ 113.905152, 22.544443 ], [ 113.905357, 22.544349 ], [ 113.905506, 22.544228 ], [ 113.905575, 22.544099 ], [ 113.90559, 22.544024 ], [ 113.905586, 22.543842 ], [ 113.905531, 22.543606 ], [ 113.905422, 22.54348 ], [ 113.905257, 22.543413 ] ] } },
{ "type": "Feature", "properties": { "highway": "motorway", "name": "广深沿江高速" }, "geometry": { "type": "LineString", "coordinates": [ [ 113.857892, 22.560312 ], [ 113.853764, 22.563765 ], [ 113.851277, 22.565822 ], [ 113.847402, 22.569132 ], [ 113.845927, 22.570332 ] ] } },
{ "type": "Feature", "properties": { "highway": "primary_link", "name": null }, "geometry": { "type": "LineString", "coordinates": [ [ 113.908763, 22.551438 ], [ 113.908921, 22.551446 ], [ 113.909065, 22.551424 ], [ 113.909207, 22.551371 ], [ 113.909313, 22.551296 ], [ 113.909401, 22.55119 ], [ 113.909452, 22.551071 ], [ 113.909466, 22.550943 ] ] } },
{ "type": "Feature", "properties": { "highway": "secondary", "name": "翻身路" }, "geometry": { "type": "LineString", "coordinates": [ [ 113.901978, 22.553768 ], [ 113.898632, 22.556307 ] ] } },
{ "type": "Feature", "properties": { "highway": "tertiary", "name": "共和工业路" }, "geometry": { "type": "LineString", "coordinates": [ [ 113.85231, 22.593395 ], [ 113.853367, 22.592404 ], [ 113.860503, 22.586979 ], [ 113.86289, 22.585012 ], [ 113.865348, 22.583016 ], [ 113.866613, 22.581955 ], [ 113.866715, 22.581922 ] ] } },
{ "type": "Feature", "properties": { "highway": "primary", "name": "桂湾四路" }, "geometry": { "type": "LineString", "coordinates": [ [ 113.904181, 22.53522 ], [ 113.903876, 22.535217 ], [ 113.903582, 22.535187 ], [ 113.903167, 22.535183 ] ] } },
{ "type": "Feature", "properties": { "highway": "tertiary", "name": "桃李路" }, "geometry": { "type": "LineString", "coordinates": [ [ 113.907048, 22.531212 ], [ 113.907075, 22.535116 ] ] } },
{ "type": "Feature", "properties": { "highway": "trunk", "name": "月亮湾大道" }, "geometry": { "type": "LineString", "coordinates": [ [ 113.905045, 22.526343 ], [ 113.904967, 22.529382 ], [ 113.904941, 22.53106 ], [ 113.904941, 22.532173 ], [ 113.904769, 22.539961 ], [ 113.904766, 22.541363 ] ] } },
{ "type": "Feature", "properties": { "highway": "trunk_link", "name": null }, "geometry": { "type": "LineString", "coordinates": [ [ 113.909379, 22.549242 ], [ 113.909352, 22.549497 ], [ 113.909359, 22.549721 ], [ 113.909401, 22.549896 ], [ 113.909618, 22.550518 ] ] } },
{ "type": "Feature", "properties": { "highway": "trunk_link", "name": null }, "geometry": { "type": "LineString", "coordinates": [ [ 113.891718, 22.567943 ], [ 113.891863, 22.56766 ], [ 113.891967, 22.567349 ] ] } },
{ "type": "Feature", "properties": { "highway": "primary_link", "name": null }, "geometry": { "type": "LineString", "coordinates": [ [ 113.877813, 22.556322 ], [ 113.87706, 22.556306 ], [ 113.876965, 22.556281 ], [ 113.87694, 22.556236 ] ] } },
{ "type": "Feature", "properties": { "highway": "trunk_link", "name": null }, "geometry": { "type": "LineString", "coordinates": [ [ 113.894011, 22.565918 ], [ 113.893921, 22.566164 ], [ 113.89378, 22.5668 ] ] } },
{ "type": "Feature", "properties": { "highway": "tertiary", "name": "前星路" }, "geometry": { "type": "LineString", "coordinates": [ [ 113.905297, 22.538283 ], [ 113.905108, 22.538305 ], [ 113.905038, 22.538345 ], [ 113.904929, 22.538458 ], [ 113.904807, 22.538661 ] ] } },
{ "type": "Feature", "properties": { "highway": "primary", "name": "宝安大道" }, "geometry": { "type": "LineString", "coordinates": [ [ 113.902413, 22.545876 ], [ 113.902816, 22.545453 ], [ 113.903005, 22.545283 ], [ 113.903364, 22.545029 ], [ 113.903856, 22.544771 ], [ 113.904089, 22.544677 ], [ 113.904331, 22.544602 ], [ 113.904753, 22.544511 ], [ 113.905318, 22.544459 ], [ 113.905597, 22.544459 ] ] } },
{ "type": "Feature", "properties": { "highway": "primary", "name": "创业一路" }, "geometry": { "type": "LineString", "coordinates": [ [ 113.89039, 22.564391 ], [ 113.891904, 22.5657 ], [ 113.892095, 22.565813 ], [ 113.892253, 22.56585 ] ] } },
{ "type": "Feature", "properties": { "highway": "secondary", "name": "裕安一路" }, "geometry": { "type": "LineString", "coordinates": [ [ 113.889596, 22.569981 ], [ 113.884273, 22.565362 ], [ 113.884099, 22.565198 ], [ 113.883809, 22.565058 ], [ 113.883616, 22.564946 ], [ 113.883417, 22.564787 ], [ 113.883274, 22.564643 ] ] } },
{ "type": "Feature", "properties": { "highway": "primary_link", "name": null }, "geometry": { "type": "LineString", "coordinates": [ [ 113.8891, 22.549267 ], [ 113.888957, 22.549229 ], [ 113.888789, 22.549219 ], [ 113.888521, 22.549307 ] ] } },
{ "type": "Feature", "properties": { "highway": "trunk_link", "name": null }, "geometry": { "type": "LineString", "coordinates": [ [ 113.886253, 22.560862 ], [ 113.886556, 22.560959 ], [ 113.886746, 22.560987 ], [ 113.886945, 22.560964 ], [ 113.887193, 22.560859 ] ] } },
{ "type": "Feature", "properties": { "highway": "trunk_link", "name": null }, "geometry": { "type": "LineString", "coordinates": [ [ 113.905503, 22.544854 ], [ 113.905356, 22.545063 ], [ 113.905101, 22.545359 ], [ 113.904951, 22.545507 ], [ 113.904571, 22.5458 ], [ 113.904145, 22.546014 ], [ 113.902726, 22.546594 ], [ 113.902302, 22.546829 ] ] } },
{ "type": "Feature", "properties": { "highway": "primary", "name": "创业二路" }, "geometry": { "type": "LineString", "coordinates": [ [ 113.894516, 22.568083 ], [ 113.894368, 22.567959 ], [ 113.894233, 22.567874 ], [ 113.894056, 22.567804 ], [ 113.89378, 22.567756 ] ] } },
{ "type": "Feature", "properties": { "highway": "primary_link", "name": null }, "geometry": { "type": "LineString", "coordinates": [ [ 113.904649, 22.535875 ], [ 113.904574, 22.535548 ], [ 113.90454, 22.53546 ], [ 113.904485, 22.535393 ], [ 113.9044, 22.535332 ], [ 113.904181, 22.53522 ] ] } },
{ "type": "Feature", "properties": { "highway": "tertiary", "name": "前星路" }, "geometry": { "type": "LineString", "coordinates": [ [ 113.905297, 22.538283 ], [ 113.910189, 22.538339 ] ] } },
{ "type": "Feature", "properties": { "highway": "trunk_link", "name": null }, "geometry": { "type": "LineString", "coordinates": [ [ 113.893567, 22.566365 ], [ 113.89365, 22.566586 ], [ 113.893656, 22.56682 ], [ 113.893584, 22.567045 ], [ 113.893442, 22.567238 ] ] } },
{ "type": "Feature", "properties": { "highway": "trunk_link", "name": null }, "geometry": { "type": "LineString", "coordinates": [ [ 113.891755, 22.565573 ], [ 113.891955, 22.56568 ], [ 113.89214, 22.565746 ], [ 113.892384, 22.565789 ], [ 113.892751, 22.56581 ], [ 113.893063, 22.565776 ], [ 113.893237, 22.565727 ], [ 113.893381, 22.565672 ], [ 113.893627, 22.565538 ] ] } },
{ "type": "Feature", "properties": { "highway": "secondary", "name": "海城路" }, "geometry": { "type": "LineString", "coordinates": [ [ 113.863188, 22.568636 ], [ 113.859764, 22.564607 ], [ 113.859309, 22.564312 ], [ 113.857888, 22.56282 ], [ 113.85735, 22.562024 ], [ 113.857202, 22.561762 ] ] } },
{ "type": "Feature", "properties": { "highway": "primary_link", "name": null }, "geometry": { "type": "LineString", "coordinates": [ [ 113.904077, 22.535067 ], [ 113.904338, 22.534993 ], [ 113.904533, 22.534874 ], [ 113.904637, 22.53472 ], [ 113.904677, 22.534623 ] ] } },
{ "type": "Feature", "properties": { "highway": "secondary", "name": "新湖路" }, "geometry": { "type": "LineString", "coordinates": [ [ 113.890308, 22.550103 ], [ 113.889938, 22.550486 ], [ 113.889083, 22.5513 ], [ 113.888256, 22.552052 ], [ 113.886752, 22.553503 ], [ 113.885509, 22.554659 ] ] } },
{ "type": "Feature", "properties": { "highway": "tertiary", "name": "银田工业路" }, "geometry": { "type": "LineString", "coordinates": [ [ 113.854157, 22.588144 ], [ 113.856515, 22.590828 ] ] } },
{ "type": "Feature", "properties": { "highway": "trunk_link", "name": null }, "geometry": { "type": "LineString", "coordinates": [ [ 113.89378, 22.5668 ], [ 113.893794, 22.567074 ], [ 113.893837, 22.567244 ], [ 113.893886, 22.56734 ], [ 113.893949, 22.567431 ], [ 113.894079, 22.56757 ], [ 113.894499, 22.567894 ] ] } },
{ "type": "Feature", "properties": { "highway": "tertiary", "name": "劳动路" }, "geometry": { "type": "LineString", "coordinates": [ [ 113.866983, 22.577431 ], [ 113.864647, 22.575689 ], [ 113.864256, 22.575242 ], [ 113.86363, 22.574384 ], [ 113.863291, 22.573967 ], [ 113.862841, 22.573522 ], [ 113.861693, 22.572459 ], [ 113.860266, 22.570878 ] ] } },
{ "type": "Feature", "properties": { "highway": "tertiary", "name": "新圳西路" }, "geometry": { "type": "LineString", "coordinates": [ [ 113.899118, 22.562734 ], [ 113.901292, 22.564636 ] ] } },
{ "type": "Feature", "properties": { "highway": "tertiary", "name": "桂湾三路" }, "geometry": { "type": "LineString", "coordinates": [ [ 113.888701, 22.537985 ], [ 113.890791, 22.538022 ] ] } },
{ "type": "Feature", "properties": { "highway": "trunk_link", "name": null }, "geometry": { "type": "LineString", "coordinates": [ [ 113.894516, 22.568083 ], [ 113.894315, 22.567988 ], [ 113.893918, 22.567865 ], [ 113.893589, 22.567818 ], [ 113.893193, 22.567793 ], [ 113.892916, 22.567807 ], [ 113.892592, 22.567869 ], [ 113.892363, 22.567947 ], [ 113.892109, 22.568077 ] ] } },
{ "type": "Feature", "properties": { "highway": "trunk_link", "name": null }, "geometry": { "type": "LineString", "coordinates": [ [ 113.904747, 22.532045 ], [ 113.904655, 22.531791 ], [ 113.904522, 22.531655 ], [ 113.90442, 22.531603 ], [ 113.904306, 22.531576 ], [ 113.903707, 22.531575 ], [ 113.903612, 22.531552 ] ] } },
{ "type": "Feature", "properties": { "highway": "tertiary", "name": "前星路" }, "geometry": { "type": "LineString", "coordinates": [ [ 113.904814, 22.537776 ], [ 113.904892, 22.537967 ], [ 113.904978, 22.5381 ], [ 113.90511, 22.538211 ], [ 113.905297, 22.538283 ] ] } },
{ "type": "Feature", "properties": { "highway": "tertiary", "name": "银田路" }, "geometry": { "type": "LineString", "coordinates": [ [ 113.855305, 22.58662 ], [ 113.855311, 22.586487 ], [ 113.855277, 22.586348 ], [ 113.855211, 22.586223 ], [ 113.844436, 22.575082 ] ] } },
{ "type": "Feature", "properties": { "highway": "tertiary", "name": "高新北三道" }, "geometry": { "type": "LineString", "coordinates": [ [ 113.931722, 22.561112 ], [ 113.940578, 22.561233 ] ] } },
{ "type": "Feature", "properties": { "highway": "tertiary", "name": "科技北一路" }, "geometry": { "type": "LineString", "coordinates": [ [ 113.931746, 22.559729 ], [ 113.931697, 22.562185 ] ] } },
{ "type": "Feature", "properties": { "highway": "tertiary", "name": "高新北一道" }, "geometry": { "type": "LineString", "coordinates": [ [ 113.931674, 22.563287 ], [ 113.940586, 22.5634 ] ] } },
{ "type": "Feature", "properties": { "highway": "tertiary", "name": "高新北二道" }, "geometry": { "type": "LineString", "coordinates": [ [ 113.929284, 22.562141 ], [ 113.943816, 22.562402 ] ] } },
{ "type": "Feature", "properties": { "highway": "primary_link", "name": null }, "geometry": { "type": "LineString", "coordinates": [ [ 113.929306, 22.560526 ], [ 113.929205, 22.560796 ] ] } },
{ "type": "Feature", "properties": { "highway": "primary_link", "name": null }, "geometry": { "type": "LineString", "coordinates": [ [ 113.927057, 22.543697 ], [ 113.927001, 22.543925 ], [ 113.926961, 22.544024 ], [ 113.926863, 22.544137 ], [ 113.926675, 22.544238 ], [ 113.926546, 22.544264 ], [ 113.926381, 22.544255 ], [ 113.926262, 22.544216 ], [ 113.926146, 22.544137 ], [ 113.92575, 22.543675 ] ] } },
{ "type": "Feature", "properties": { "highway": "tertiary", "name": "隆昌路" }, "geometry": { "type": "LineString", "coordinates": [ [ 113.92336, 22.582992 ], [ 113.923685, 22.582645 ], [ 113.923731, 22.582562 ], [ 113.923777, 22.582341 ], [ 113.923767, 22.582242 ], [ 113.923728, 22.582123 ], [ 113.922596, 22.579615 ], [ 113.92207, 22.578306 ], [ 113.921958, 22.577942 ], [ 113.921883, 22.577787 ], [ 113.92176, 22.577594 ], [ 113.92169, 22.577521 ], [ 113.921453, 22.577344 ], [ 113.921071, 22.577122 ], [ 113.920884, 22.576987 ], [ 113.920086, 22.576518 ], [ 113.919524, 22.576212 ], [ 113.917968, 22.57529 ], [ 113.917843, 22.575247 ], [ 113.917657, 22.575252 ], [ 113.917508, 22.575303 ], [ 113.917394, 22.575387 ] ] } },
{ "type": "Feature", "properties": { "highway": "motorway_link", "name": null }, "geometry": { "type": "LineString", "coordinates": [ [ 113.927171, 22.606543 ], [ 113.927045, 22.606467 ], [ 113.926903, 22.606413 ], [ 113.926751, 22.606396 ], [ 113.926584, 22.606413 ], [ 113.926463, 22.606475 ], [ 113.926269, 22.606661 ], [ 113.926209, 22.606776 ], [ 113.926186, 22.606865 ], [ 113.92618, 22.606971 ], [ 113.926197, 22.607075 ], [ 113.926235, 22.607171 ], [ 113.926302, 22.60727 ], [ 113.92639, 22.607351 ], [ 113.92649, 22.607411 ], [ 113.926599, 22.607449 ], [ 113.926704, 22.607465 ], [ 113.926819, 22.607462 ], [ 113.926934, 22.607436 ], [ 113.927036, 22.607391 ], [ 113.927146, 22.607312 ], [ 113.927222, 22.607226 ], [ 113.927298, 22.607074 ], [ 113.927362, 22.606808 ], [ 113.9275, 22.605617 ] ] } },
{ "type": "Feature", "properties": { "highway": "motorway_link", "name": null }, "geometry": { "type": "LineString", "coordinates": [ [ 113.927609, 22.604258 ], [ 113.927869, 22.606001 ], [ 113.927945, 22.606352 ], [ 113.928044, 22.606688 ], [ 113.928089, 22.606782 ], [ 113.928196, 22.606938 ], [ 113.92828, 22.607039 ], [ 113.928353, 22.607093 ], [ 113.928589, 22.607189 ], [ 113.928846, 22.607227 ] ] } },
{ "type": "Feature", "properties": { "highway": "motorway_link", "name": null }, "geometry": { "type": "LineString", "coordinates": [ [ 113.926667, 22.610222 ], [ 113.926924, 22.609103 ], [ 113.926956, 22.60875 ], [ 113.926945, 22.608419 ], [ 113.926869, 22.608138 ], [ 113.92675, 22.607894 ], [ 113.926611, 22.607697 ], [ 113.926193, 22.607216 ], [ 113.926135, 22.607116 ], [ 113.926105, 22.60701 ], [ 113.926104, 22.606906 ], [ 113.926158, 22.606706 ], [ 113.926242, 22.606547 ], [ 113.926377, 22.606429 ], [ 113.926513, 22.606357 ], [ 113.926691, 22.606319 ], [ 113.926876, 22.606316 ], [ 113.927052, 22.606382 ], [ 113.927202, 22.606475 ] ] } },
{ "type": "Feature", "properties": { "highway": "motorway_link", "name": null }, "geometry": { "type": "LineString", "coordinates": [ [ 113.931678, 22.606921 ], [ 113.931788, 22.60678 ], [ 113.931845, 22.606665 ], [ 113.931857, 22.606604 ] ] } },
{ "type": "Feature", "properties": { "highway": "tertiary", "name": "玉泉路" }, "geometry": { "type": "LineString", "coordinates": [ [ 113.929576, 22.549322 ], [ 113.927842, 22.54934 ] ] } },
{ "type": "Feature", "properties": { "highway": "secondary", "name": "宝民一路" }, "geometry": { "type": "LineString", "coordinates": [ [ 113.88719, 22.574596 ], [ 113.889348, 22.572471 ], [ 113.890769, 22.571023 ], [ 113.893408, 22.568387 ], [ 113.897071, 22.564773 ], [ 113.902991, 22.558866 ] ] } },
{ "type": "Feature", "properties": { "highway": "trunk", "name": "北环大道" }, "geometry": { "type": "LineString", "coordinates": [ [ 113.906166, 22.549786 ], [ 113.906391, 22.550001 ], [ 113.906761, 22.550302 ], [ 113.907096, 22.550542 ], [ 113.907467, 22.550775 ], [ 113.909864, 22.551996 ] ] } },
{ "type": "Feature", "properties": { "highway": "trunk_link", "name": null }, "geometry": { "type": "LineString", "coordinates": [ [ 113.902302, 22.546829 ], [ 113.902113, 22.546955 ], [ 113.901792, 22.547212 ], [ 113.90054, 22.548428 ] ] } },
{ "type": "Feature", "properties": { "highway": "primary", "name": "深南大道" }, "geometry": { "type": "LineString", "coordinates": [ [ 113.911575, 22.544621 ], [ 113.910925, 22.544693 ], [ 113.910624, 22.544704 ], [ 113.905737, 22.544615 ], [ 113.905263, 22.544618 ] ] } },
{ "type": "Feature", "properties": { "highway": "trunk_link", "name": null }, "geometry": { "type": "LineString", "coordinates": [ [ 113.904665, 22.546349 ], [ 113.904839, 22.546733 ] ] } },
{ "type": "Feature", "properties": { "highway": "trunk_link", "name": null }, "geometry": { "type": "LineString", "coordinates": [ [ 113.922511, 22.555579 ], [ 113.921607, 22.55592 ] ] } },
{ "type": "Feature", "properties": { "highway": "trunk_link", "name": null }, "geometry": { "type": "LineString", "coordinates": [ [ 113.920549, 22.55597 ], [ 113.918929, 22.555748 ] ] } },
{ "type": "Feature", "properties": { "highway": "primary_link", "name": null }, "geometry": { "type": "LineString", "coordinates": [ [ 113.908785, 22.544805 ], [ 113.908103, 22.544768 ] ] } },
{ "type": "Feature", "properties": { "highway": "secondary", "name": "湖滨中路" }, "geometry": { "type": "LineString", "coordinates": [ [ 113.898584, 22.550613 ], [ 113.898559, 22.550686 ], [ 113.89855, 22.550786 ], [ 113.898607, 22.550923 ], [ 113.898673, 22.550996 ], [ 113.901978, 22.553768 ], [ 113.90422, 22.555696 ], [ 113.904299, 22.555748 ], [ 113.904385, 22.555775 ], [ 113.904488, 22.555769 ], [ 113.904599, 22.555696 ], [ 113.904681, 22.555543 ] ] } },
{ "type": "Feature", "properties": { "highway": "primary_link", "name": null }, "geometry": { "type": "LineString", "coordinates": [ [ 113.909494, 22.546715 ], [ 113.909467, 22.54651 ], [ 113.909396, 22.546174 ] ] } },
{ "type": "Feature", "properties": { "highway": "primary_link", "name": "宝安大道辅路" }, "geometry": { "type": "LineString", "coordinates": [ [ 113.908103, 22.544768 ], [ 113.906154, 22.544715 ], [ 113.905263, 22.544618 ] ] } },
{ "type": "Feature", "properties": { "highway": "secondary", "name": "南山大道" }, "geometry": { "type": "LineString", "coordinates": [ [ 113.918408, 22.553894 ], [ 113.918399, 22.555494 ], [ 113.918435, 22.555902 ], [ 113.918768, 22.557459 ] ] } },
{ "type": "Feature", "properties": { "highway": "trunk_link", "name": null }, "geometry": { "type": "LineString", "coordinates": [ [ 113.904766, 22.541363 ], [ 113.904887, 22.542172 ], [ 113.904948, 22.542343 ], [ 113.905135, 22.54271 ], [ 113.905422, 22.543142 ] ] } },
{ "type": "Feature", "properties": { "highway": "trunk_link", "name": null }, "geometry": { "type": "LineString", "coordinates": [ [ 113.904476, 22.547602 ], [ 113.904386, 22.547247 ], [ 113.904341, 22.546727 ], [ 113.904428, 22.54209 ] ] } },
{ "type": "Feature", "properties": { "highway": "trunk_link", "name": null }, "geometry": { "type": "LineString", "coordinates": [ [ 113.905257, 22.543413 ], [ 113.905173, 22.543409 ], [ 113.905017, 22.543458 ], [ 113.904951, 22.543503 ], [ 113.904861, 22.543628 ], [ 113.904831, 22.54379 ], [ 113.904799, 22.544323 ], [ 113.904712, 22.544868 ] ] } },
{ "type": "Feature", "properties": { "highway": "primary_link", "name": null }, "geometry": { "type": "LineString", "coordinates": [ [ 113.918321, 22.556487 ], [ 113.918289, 22.556288 ], [ 113.91832, 22.55621 ], [ 113.918369, 22.556171 ], [ 113.918516, 22.556146 ], [ 113.918576, 22.55616 ], [ 113.918654, 22.556228 ], [ 113.918714, 22.556504 ] ] } },
{ "type": "Feature", "properties": { "highway": "trunk_link", "name": null }, "geometry": { "type": "LineString", "coordinates": [ [ 113.89378, 22.5668 ], [ 113.893692, 22.567055 ], [ 113.893638, 22.567149 ], [ 113.893498, 22.567313 ] ] } },
{ "type": "Feature", "properties": { "highway": "trunk_link", "name": null }, "geometry": { "type": "LineString", "coordinates": [ [ 113.905422, 22.543142 ], [ 113.905583, 22.543481 ], [ 113.905647, 22.543652 ], [ 113.905692, 22.543834 ], [ 113.905708, 22.543987 ], [ 113.905693, 22.544212 ], [ 113.905618, 22.544587 ], [ 113.905503, 22.544854 ] ] } },
{ "type": "Feature", "properties": { "highway": "primary_link", "name": "南山大道辅路" }, "geometry": { "type": "LineString", "coordinates": [ [ 113.918536, 22.554882 ], [ 113.918532, 22.555045 ], [ 113.918494, 22.55516 ], [ 113.918408, 22.555215 ], [ 113.918292, 22.55521 ], [ 113.918207, 22.55516 ], [ 113.918165, 22.555078 ], [ 113.918144, 22.55483 ] ] } },
{ "type": "Feature", "properties": { "highway": "primary", "name": "南山大道辅路" }, "geometry": { "type": "LineString", "coordinates": [ [ 113.918417, 22.553543 ], [ 113.918493, 22.553951 ], [ 113.91851, 22.55414 ], [ 113.918536, 22.554882 ] ] } },
{ "type": "Feature", "properties": { "highway": "primary_link", "name": null }, "geometry": { "type": "LineString", "coordinates": [ [ 113.918991, 22.556061 ], [ 113.91885, 22.556138 ], [ 113.918786, 22.556205 ], [ 113.918725, 22.556333 ], [ 113.918714, 22.556504 ] ] } },
{ "type": "Feature", "properties": { "highway": "primary_link", "name": null }, "geometry": { "type": "LineString", "coordinates": [ [ 113.90571, 22.549266 ], [ 113.906203, 22.549708 ], [ 113.906402, 22.549869 ], [ 113.906566, 22.549973 ], [ 113.906747, 22.550057 ], [ 113.906937, 22.550116 ], [ 113.907125, 22.550143 ], [ 113.907309, 22.55014 ], [ 113.907661, 22.550075 ], [ 113.9082, 22.549921 ], [ 113.908483, 22.549808 ], [ 113.908602, 22.549733 ], [ 113.90876, 22.549592 ], [ 113.909029, 22.549231 ] ] } },
{ "type": "Feature", "properties": { "highway": "primary", "name": "深南大道" }, "geometry": { "type": "LineString", "coordinates": [ [ 113.912697, 22.54435 ], [ 113.91219, 22.544581 ], [ 113.912023, 22.544645 ], [ 113.911705, 22.54473 ], [ 113.911526, 22.54476 ], [ 113.91095, 22.544811 ], [ 113.910215, 22.544823 ] ] } },
{ "type": "Feature", "properties": { "highway": "trunk_link", "name": null }, "geometry": { "type": "LineString", "coordinates": [ [ 113.914839, 22.554684 ], [ 113.915731, 22.554873 ] ] } },
{ "type": "Feature", "properties": { "highway": "primary", "name": "深南大道" }, "geometry": { "type": "LineString", "coordinates": [ [ 113.90636, 22.544272 ], [ 113.906486, 22.544366 ], [ 113.906549, 22.544394 ], [ 113.906708, 22.54442 ], [ 113.908057, 22.544441 ], [ 113.908905, 22.544435 ] ] } },
{ "type": "Feature", "properties": { "highway": "trunk_link", "name": null }, "geometry": { "type": "LineString", "coordinates": [ [ 113.904386, 22.544371 ], [ 113.904334, 22.544107 ], [ 113.904286, 22.543988 ], [ 113.904223, 22.543891 ], [ 113.904122, 22.543809 ], [ 113.903972, 22.543746 ], [ 113.903855, 22.543731 ], [ 113.903737, 22.543742 ], [ 113.903594, 22.543794 ], [ 113.903475, 22.543883 ], [ 113.903406, 22.543973 ], [ 113.903362, 22.544076 ], [ 113.903346, 22.544191 ], [ 113.903362, 22.544307 ], [ 113.903414, 22.544424 ], [ 113.903483, 22.54451 ] ] } },
{ "type": "Feature", "properties": { "highway": "primary", "name": "南山大道" }, "geometry": { "type": "LineString", "coordinates": [ [ 113.919636, 22.53873 ], [ 113.919371, 22.540864 ], [ 113.919143, 22.543072 ] ] } },
{ "type": "Feature", "properties": { "highway": "primary_link", "name": null }, "geometry": { "type": "LineString", "coordinates": [ [ 113.907973, 22.544365 ], [ 113.908905, 22.544435 ] ] } },
{ "type": "Feature", "properties": { "highway": "trunk", "name": "宝安大道" }, "geometry": { "type": "LineString", "coordinates": [ [ 113.899479, 22.54909 ], [ 113.900637, 22.547974 ], [ 113.901196, 22.547396 ], [ 113.901433, 22.547119 ], [ 113.902413, 22.545876 ] ] } },
{ "type": "Feature", "properties": { "highway": "primary", "name": "同乐路" }, "geometry": { "type": "LineString", "coordinates": [ [ 113.925706, 22.590345 ], [ 113.925975, 22.59068 ], [ 113.926117, 22.590828 ], [ 113.926298, 22.590985 ], [ 113.926489, 22.591127 ], [ 113.92736, 22.591655 ], [ 113.927735, 22.591936 ], [ 113.928041, 22.592264 ], [ 113.928174, 22.592448 ], [ 113.928404, 22.592859 ], [ 113.928501, 22.593135 ], [ 113.928563, 22.593361 ], [ 113.928622, 22.593818 ], [ 113.928611, 22.594267 ], [ 113.928573, 22.594469 ], [ 113.928519, 22.594702 ], [ 113.928352, 22.59512 ], [ 113.927645, 22.596445 ], [ 113.927417, 22.596912 ], [ 113.927333, 22.597145 ], [ 113.927246, 22.597593 ], [ 113.927228, 22.597882 ], [ 113.927244, 22.598138 ], [ 113.927288, 22.598401 ], [ 113.927359, 22.598664 ], [ 113.927841, 22.599787 ], [ 113.928013, 22.600268 ], [ 113.928074, 22.600482 ], [ 113.928134, 22.600742 ], [ 113.928411, 22.602553 ], [ 113.928539, 22.60328 ], [ 113.928614, 22.603634 ], [ 113.928729, 22.60404 ], [ 113.92884, 22.604329 ], [ 113.929168, 22.604938 ], [ 113.929557, 22.605438 ], [ 113.929713, 22.605672 ], [ 113.930032, 22.606019 ], [ 113.930293, 22.606282 ], [ 113.930606, 22.606544 ], [ 113.930907, 22.606788 ], [ 113.931539, 22.607242 ] ] } },
{ "type": "Feature", "properties": { "highway": "motorway", "name": "广深沿江高速" }, "geometry": { "type": "LineString", "coordinates": [ [ 113.847252, 22.568988 ], [ 113.85128, 22.565578 ], [ 113.85704, 22.560791 ], [ 113.859251, 22.558874 ], [ 113.860559, 22.557664 ] ] } },
{ "type": "Feature", "properties": { "highway": "motorway_link", "name": null }, "geometry": { "type": "LineString", "coordinates": [ [ 113.895136, 22.594016 ], [ 113.895904, 22.594466 ] ] } },
{ "type": "Feature", "properties": { "highway": "motorway_link", "name": null }, "geometry": { "type": "LineString", "coordinates": [ [ 113.89315, 22.598061 ], [ 113.893984, 22.597282 ], [ 113.894813, 22.596606 ] ] } },
{ "type": "Feature", "properties": { "highway": "primary", "name": "南山大道" }, "geometry": { "type": "LineString", "coordinates": [ [ 113.919832, 22.534756 ], [ 113.919794, 22.533271 ], [ 113.91973, 22.532462 ], [ 113.919667, 22.532023 ], [ 113.919369, 22.530539 ] ] } },
{ "type": "Feature", "properties": { "highway": "tertiary", "name": "固戍一路" }, "geometry": { "type": "LineString", "coordinates": [ [ 113.862312, 22.60279 ], [ 113.861829, 22.603515 ], [ 113.861694, 22.603632 ], [ 113.861592, 22.603666 ], [ 113.861427, 22.603676 ], [ 113.860854, 22.603625 ], [ 113.860718, 22.60364 ], [ 113.860479, 22.603719 ] ] } },
{ "type": "Feature", "properties": { "highway": "trunk_link", "name": null }, "geometry": { "type": "LineString", "coordinates": [ [ 113.872702, 22.587996 ], [ 113.87283, 22.58819 ], [ 113.872868, 22.588283 ], [ 113.872893, 22.588401 ], [ 113.872894, 22.5885 ], [ 113.872875, 22.588617 ], [ 113.872833, 22.588725 ], [ 113.87276, 22.588816 ], [ 113.872678, 22.588883 ], [ 113.87257, 22.58894 ], [ 113.872349, 22.588999 ], [ 113.871205, 22.589132 ] ] } },
{ "type": "Feature", "properties": { "highway": "trunk_link", "name": null }, "geometry": { "type": "LineString", "coordinates": [ [ 113.871961, 22.587961 ], [ 113.871875, 22.58809 ], [ 113.871793, 22.588259 ], [ 113.871765, 22.588371 ], [ 113.871762, 22.588562 ] ] } },
{ "type": "Feature", "properties": { "highway": "trunk_link", "name": null }, "geometry": { "type": "LineString", "coordinates": [ [ 113.869447, 22.590714 ], [ 113.869375, 22.590559 ], [ 113.869488, 22.590372 ], [ 113.870006, 22.589632 ], [ 113.870077, 22.589582 ], [ 113.870305, 22.589514 ] ] } },
{ "type": "Feature", "properties": { "highway": "trunk_link", "name": null }, "geometry": { "type": "LineString", "coordinates": [ [ 113.870421, 22.589369 ], [ 113.870506, 22.589218 ], [ 113.870572, 22.589056 ], [ 113.870649, 22.588755 ], [ 113.870669, 22.588605 ], [ 113.870668, 22.588456 ], [ 113.870619, 22.587983 ] ] } },
{ "type": "Feature", "properties": { "highway": "primary", "name": "深南大道" }, "geometry": { "type": "LineString", "coordinates": [ [ 113.911587, 22.544483 ], [ 113.9121, 22.544367 ], [ 113.913596, 22.543856 ] ] } },
{ "type": "Feature", "properties": { "highway": "primary_link", "name": null }, "geometry": { "type": "LineString", "coordinates": [ [ 113.92913, 22.542808 ], [ 113.928422, 22.542935 ], [ 113.927996, 22.542955 ] ] } },
{ "type": "Feature", "properties": { "highway": "primary_link", "name": null }, "geometry": { "type": "LineString", "coordinates": [ [ 113.927155, 22.539459 ], [ 113.927217, 22.54009 ], [ 113.92723, 22.54065 ], [ 113.927211, 22.541264 ] ] } },
{ "type": "Feature", "properties": { "highway": "primary_link", "name": null }, "geometry": { "type": "LineString", "coordinates": [ [ 113.926938, 22.542253 ], [ 113.926874, 22.541958 ], [ 113.92677, 22.541802 ], [ 113.926609, 22.541695 ], [ 113.926416, 22.541652 ] ] } },
{ "type": "Feature", "properties": { "highway": "secondary", "name": null }, "geometry": { "type": "LineString", "coordinates": [ [ 113.930366, 22.542366 ], [ 113.931642, 22.542312 ], [ 113.932352, 22.542299 ], [ 113.932962, 22.542297 ], [ 113.934417, 22.542347 ], [ 113.940231, 22.542595 ], [ 113.940424, 22.542622 ], [ 113.940929, 22.542734 ] ] } },
{ "type": "Feature", "properties": { "highway": "secondary", "name": "打石一路" }, "geometry": { "type": "LineString", "coordinates": [ [ 113.934589, 22.575364 ], [ 113.933761, 22.575394 ], [ 113.933298, 22.575447 ], [ 113.933041, 22.575507 ], [ 113.93271, 22.575616 ], [ 113.93243, 22.575733 ], [ 113.932262, 22.575823 ], [ 113.932027, 22.575979 ], [ 113.931802, 22.576164 ], [ 113.930488, 22.577442 ], [ 113.929417, 22.578453 ], [ 113.929109, 22.57871 ], [ 113.928759, 22.57895 ], [ 113.92841, 22.579115 ] ] } },
{ "type": "Feature", "properties": { "highway": "motorway", "name": "南光高速" }, "geometry": { "type": "LineString", "coordinates": [ [ 113.925644, 22.591583 ], [ 113.926352, 22.596018 ] ] } },
{ "type": "Feature", "properties": { "highway": "primary", "name": "同乐路" }, "geometry": { "type": "LineString", "coordinates": [ [ 113.929068, 22.568401 ], [ 113.929057, 22.569051 ] ] } },
{ "type": "Feature", "properties": { "highway": "secondary", "name": "创科路" }, "geometry": { "type": "LineString", "coordinates": [ [ 113.9325, 22.582062 ], [ 113.932516, 22.58162 ], [ 113.93255, 22.581407 ], [ 113.932642, 22.581067 ], [ 113.932728, 22.580843 ], [ 113.932961, 22.580418 ], [ 113.933513, 22.579683 ], [ 113.933668, 22.579432 ], [ 113.933824, 22.579082 ], [ 113.933951, 22.578625 ], [ 113.933987, 22.578356 ], [ 113.93401, 22.577938 ], [ 113.934044, 22.575524 ], [ 113.934018, 22.575186 ], [ 113.934017, 22.57431 ] ] } },
{ "type": "Feature", "properties": { "highway": "primary", "name": "南山大道" }, "geometry": { "type": "LineString", "coordinates": [ [ 113.918965, 22.543076 ], [ 113.919213, 22.540867 ], [ 113.919475, 22.538721 ], [ 113.91962, 22.537896 ], [ 113.919759, 22.537265 ], [ 113.919798, 22.537013 ], [ 113.919857, 22.536414 ], [ 113.919867, 22.535928 ], [ 113.919848, 22.535333 ] ] } },
{ "type": "Feature", "properties": { "highway": "tertiary", "name": "南博一路" }, "geometry": { "type": "LineString", "coordinates": [ [ 113.923199, 22.560956 ], [ 113.919897, 22.561635 ], [ 113.919671, 22.561706 ] ] } },
{ "type": "Feature", "properties": { "highway": "secondary", "name": "中山园路" }, "geometry": { "type": "LineString", "coordinates": [ [ 113.917145, 22.568554 ], [ 113.916647, 22.568248 ], [ 113.916426, 22.568075 ], [ 113.916279, 22.567876 ], [ 113.916188, 22.567616 ], [ 113.916171, 22.567424 ], [ 113.916219, 22.563293 ], [ 113.91623, 22.563193 ], [ 113.916287, 22.563091 ] ] } },
{ "type": "Feature", "properties": { "highway": "secondary", "name": "南山大道" }, "geometry": { "type": "LineString", "coordinates": [ [ 113.918676, 22.557479 ], [ 113.918358, 22.555907 ], [ 113.918322, 22.555493 ], [ 113.918321, 22.553893 ] ] } },
{ "type": "Feature", "properties": { "highway": "secondary", "name": "中山园路" }, "geometry": { "type": "LineString", "coordinates": [ [ 113.918026, 22.568976 ], [ 113.920864, 22.570741 ], [ 113.921209, 22.570936 ], [ 113.921554, 22.571099 ], [ 113.922035, 22.571276 ], [ 113.922283, 22.571343 ], [ 113.922704, 22.571426 ], [ 113.923167, 22.57148 ], [ 113.923891, 22.571497 ] ] } },
{ "type": "Feature", "properties": { "highway": "secondary", "name": "中山园路" }, "geometry": { "type": "LineString", "coordinates": [ [ 113.923891, 22.571599 ], [ 113.923093, 22.571568 ], [ 113.922615, 22.571501 ], [ 113.922115, 22.571387 ], [ 113.921679, 22.571246 ], [ 113.921435, 22.571143 ], [ 113.92101, 22.570935 ], [ 113.920653, 22.570723 ], [ 113.917975, 22.569054 ] ] } },
{ "type": "Feature", "properties": { "highway": "tertiary", "name": null }, "geometry": { "type": "LineString", "coordinates": [ [ 113.919856, 22.589796 ], [ 113.920153, 22.589977 ], [ 113.92047, 22.58998 ], [ 113.920797, 22.589886 ], [ 113.921905, 22.589371 ], [ 113.92321, 22.588944 ], [ 113.923922, 22.588818 ] ] } },
{ "type": "Feature", "properties": { "highway": "secondary", "name": "上川路" }, "geometry": { "type": "LineString", "coordinates": [ [ 113.911455, 22.587506 ], [ 113.907435, 22.587544 ], [ 113.906721, 22.587582 ], [ 113.906346, 22.58762 ], [ 113.90567, 22.58775 ], [ 113.905454, 22.587773 ], [ 113.90532, 22.587755 ] ] } },
{ "type": "Feature", "properties": { "highway": "tertiary", "name": "留仙二路" }, "geometry": { "type": "LineString", "coordinates": [ [ 113.914096, 22.584927 ], [ 113.911548, 22.587457 ], [ 113.911455, 22.587506 ] ] } },
{ "type": "Feature", "properties": { "highway": "secondary", "name": "上川路" }, "geometry": { "type": "LineString", "coordinates": [ [ 113.904564, 22.587197 ], [ 113.905175, 22.587676 ] ] } },
{ "type": "Feature", "properties": { "highway": "secondary", "name": "裕安二路" }, "geometry": { "type": "LineString", "coordinates": [ [ 113.895908, 22.575334 ], [ 113.896042, 22.575465 ], [ 113.905863, 22.583932 ], [ 113.905884, 22.583991 ] ] } },
{ "type": "Feature", "properties": { "highway": "secondary", "name": "大宝路" }, "geometry": { "type": "LineString", "coordinates": [ [ 113.916155, 22.573706 ], [ 113.912518, 22.577339 ], [ 113.912361, 22.577472 ] ] } },
{ "type": "Feature", "properties": { "highway": "tertiary", "name": "南头街" }, "geometry": { "type": "LineString", "coordinates": [ [ 113.910281, 22.539684 ], [ 113.914706, 22.538928 ] ] } },
{ "type": "Feature", "properties": { "highway": "secondary", "name": "洪浪北路" }, "geometry": { "type": "LineString", "coordinates": [ [ 113.908678, 22.574652 ], [ 113.91029, 22.575861 ], [ 113.912361, 22.577472 ] ] } },
{ "type": "Feature", "properties": { "highway": "trunk_link", "name": null }, "geometry": { "type": "LineString", "coordinates": [ [ 113.880836, 22.578316 ], [ 113.881069, 22.577926 ] ] } },
{ "type": "Feature", "properties": { "highway": "secondary", "name": "辅三路" }, "geometry": { "type": "LineString", "coordinates": [ [ 113.85577, 22.55603 ], [ 113.858549, 22.556794 ] ] } },
{ "type": "Feature", "properties": { "highway": "secondary", "name": "兴业路" }, "geometry": { "type": "LineString", "coordinates": [ [ 113.866011, 22.562435 ], [ 113.867695, 22.560806 ], [ 113.870496, 22.558016 ] ] } },
{ "type": "Feature", "properties": { "highway": "tertiary", "name": "和丰路" }, "geometry": { "type": "LineString", "coordinates": [ [ 113.877234, 22.569921 ], [ 113.872938, 22.56625 ] ] } },
{ "type": "Feature", "properties": { "highway": "tertiary", "name": "裕乐一路" }, "geometry": { "type": "LineString", "coordinates": [ [ 113.87628, 22.567256 ], [ 113.873514, 22.569956 ] ] } },
{ "type": "Feature", "properties": { "highway": "primary", "name": "新安五路" }, "geometry": { "type": "LineString", "coordinates": [ [ 113.875501, 22.571851 ], [ 113.88072, 22.576356 ] ] } },
{ "type": "Feature", "properties": { "highway": "primary", "name": "新安四路" }, "geometry": { "type": "LineString", "coordinates": [ [ 113.898833, 22.584693 ], [ 113.898683, 22.584816 ], [ 113.897601, 22.585914 ], [ 113.897534, 22.585953 ], [ 113.897379, 22.585981 ], [ 113.890194, 22.584408 ] ] } },
{ "type": "Feature", "properties": { "highway": "tertiary", "name": "锦花路" }, "geometry": { "type": "LineString", "coordinates": [ [ 113.890164, 22.584332 ], [ 113.890194, 22.584408 ], [ 113.88816, 22.588711 ] ] } },
{ "type": "Feature", "properties": { "highway": "trunk_link", "name": null }, "geometry": { "type": "LineString", "coordinates": [ [ 113.874853, 22.584474 ], [ 113.875043, 22.5841 ] ] } },
{ "type": "Feature", "properties": { "highway": "primary", "name": "新安四路" }, "geometry": { "type": "LineString", "coordinates": [ [ 113.885491, 22.580499 ], [ 113.888241, 22.582871 ] ] } },
{ "type": "Feature", "properties": { "highway": "secondary", "name": "尖岗山大道" }, "geometry": { "type": "LineString", "coordinates": [ [ 113.888902, 22.603694 ], [ 113.889028, 22.603628 ], [ 113.891724, 22.601488 ], [ 113.891932, 22.601363 ], [ 113.892156, 22.601264 ], [ 113.892392, 22.601194 ], [ 113.892607, 22.601158 ] ] } },
{ "type": "Feature", "properties": { "highway": "primary", "name": "西乡大道" }, "geometry": { "type": "LineString", "coordinates": [ [ 113.888818, 22.593269 ], [ 113.892759, 22.593502 ], [ 113.893568, 22.593583 ] ] } },
{ "type": "Feature", "properties": { "highway": "primary", "name": null }, "geometry": { "type": "LineString", "coordinates": [ [ 113.893568, 22.593583 ], [ 113.893939, 22.593641 ] ] } },
{ "type": "Feature", "properties": { "highway": "primary_link", "name": null }, "geometry": { "type": "LineString", "coordinates": [ [ 113.888057, 22.593262 ], [ 113.88872, 22.593191 ] ] } },
{ "type": "Feature", "properties": { "highway": "secondary", "name": "尖岗山大道" }, "geometry": { "type": "LineString", "coordinates": [ [ 113.892603, 22.601231 ], [ 113.892411, 22.601264 ], [ 113.892185, 22.601331 ], [ 113.89197, 22.601425 ], [ 113.891772, 22.601545 ], [ 113.889078, 22.603682 ], [ 113.888948, 22.603753 ] ] } },
{ "type": "Feature", "properties": { "highway": "primary", "name": "西乡大道" }, "geometry": { "type": "LineString", "coordinates": [ [ 113.888817, 22.59337 ], [ 113.888068, 22.593377 ] ] } },
{ "type": "Feature", "properties": { "highway": "tertiary", "name": "西乡大道辅路" }, "geometry": { "type": "LineString", "coordinates": [ [ 113.891944, 22.593398 ], [ 113.893376, 22.593493 ], [ 113.893673, 22.593545 ], [ 113.893939, 22.593641 ] ] } },
{ "type": "Feature", "properties": { "highway": "secondary", "name": "公园路" }, "geometry": { "type": "LineString", "coordinates": [ [ 113.902983, 22.575267 ], [ 113.896016, 22.582239 ] ] } },
{ "type": "Feature", "properties": { "highway": "primary", "name": "西乡大道" }, "geometry": { "type": "LineString", "coordinates": [ [ 113.893561, 22.593679 ], [ 113.893272, 22.59364 ], [ 113.892077, 22.593559 ], [ 113.888817, 22.59337 ] ] } },
{ "type": "Feature", "properties": { "highway": "secondary", "name": null }, "geometry": { "type": "LineString", "coordinates": [ [ 113.927492, 22.546327 ], [ 113.927838, 22.546851 ] ] } },
{ "type": "Feature", "properties": { "highway": "secondary", "name": "高新中二道" }, "geometry": { "type": "LineString", "coordinates": [ [ 113.940407, 22.549919 ], [ 113.940265, 22.549952 ], [ 113.939948, 22.549939 ], [ 113.939614, 22.549904 ], [ 113.939322, 22.549856 ], [ 113.938985, 22.549778 ], [ 113.937837, 22.549486 ], [ 113.937528, 22.549429 ], [ 113.937089, 22.549387 ], [ 113.932308, 22.549337 ], [ 113.932006, 22.549359 ], [ 113.929343, 22.549403 ], [ 113.92918, 22.549409 ], [ 113.92901, 22.549458 ], [ 113.928942, 22.549509 ], [ 113.928883, 22.549592 ] ] } },
{ "type": "Feature", "properties": { "highway": "secondary", "name": "高新中二道" }, "geometry": { "type": "LineString", "coordinates": [ [ 113.928763, 22.549019 ], [ 113.928999, 22.549082 ], [ 113.929246, 22.549116 ], [ 113.931432, 22.549124 ], [ 113.931832, 22.549148 ], [ 113.932306, 22.549206 ], [ 113.934604, 22.549218 ], [ 113.93511, 22.549248 ], [ 113.937091, 22.549267 ], [ 113.937404, 22.549294 ], [ 113.937869, 22.549378 ], [ 113.938914, 22.549653 ], [ 113.939444, 22.549771 ], [ 113.939738, 22.549811 ], [ 113.940269, 22.549841 ], [ 113.940407, 22.549919 ] ] } },
{ "type": "Feature", "properties": { "highway": "tertiary", "name": "高新中三道" }, "geometry": { "type": "LineString", "coordinates": [ [ 113.931188, 22.546997 ], [ 113.933559, 22.547036 ], [ 113.934607, 22.547072 ], [ 113.935612, 22.547169 ], [ 113.93909, 22.547232 ] ] } },
{ "type": "Feature", "properties": { "highway": "secondary", "name": "留仙一路" }, "geometry": { "type": "LineString", "coordinates": [ [ 113.910842, 22.581901 ], [ 113.910941, 22.581728 ], [ 113.913948, 22.57873 ] ] } },
{ "type": "Feature", "properties": { "highway": "tertiary", "name": null }, "geometry": { "type": "LineString", "coordinates": [ [ 113.922371, 22.54335 ], [ 113.92234, 22.542662 ] ] } },
{ "type": "Feature", "properties": { "highway": "motorway", "name": "京港澳高速" }, "geometry": { "type": "LineString", "coordinates": [ [ 113.916868, 22.572762 ], [ 113.918003, 22.573663 ], [ 113.918126, 22.57382 ], [ 113.918175, 22.573972 ] ] } },
{ "type": "Feature", "properties": { "highway": "tertiary", "name": "常兴路" }, "geometry": { "type": "LineString", "coordinates": [ [ 113.916181, 22.535578 ], [ 113.916414, 22.536629 ], [ 113.916742, 22.538596 ], [ 113.917186, 22.540909 ] ] } },
{ "type": "Feature", "properties": { "highway": "secondary", "name": null }, "geometry": { "type": "LineString", "coordinates": [ [ 113.927309, 22.535454 ], [ 113.927325, 22.535693 ], [ 113.92725, 22.537672 ], [ 113.927163, 22.538393 ] ] } },
{ "type": "Feature", "properties": { "highway": "secondary", "name": null }, "geometry": { "type": "LineString", "coordinates": [ [ 113.927044, 22.538559 ], [ 113.926984, 22.537744 ], [ 113.92699, 22.536689 ], [ 113.926974, 22.536348 ], [ 113.926943, 22.536101 ] ] } },
{ "type": "Feature", "properties": { "highway": "tertiary", "name": "科研路" }, "geometry": { "type": "LineString", "coordinates": [ [ 113.928563, 22.545773 ], [ 113.92857, 22.544064 ] ] } },
{ "type": "Feature", "properties": { "highway": "primary_link", "name": null }, "geometry": { "type": "LineString", "coordinates": [ [ 113.932352, 22.542299 ], [ 113.933634, 22.542417 ] ] } },
{ "type": "Feature", "properties": { "highway": "tertiary", "name": "甲岸路" }, "geometry": { "type": "LineString", "coordinates": [ [ 113.892813, 22.556411 ], [ 113.895459, 22.558714 ] ] } },
{ "type": "Feature", "properties": { "highway": "trunk_link", "name": null }, "geometry": { "type": "LineString", "coordinates": [ [ 113.89746, 22.562236 ], [ 113.898116, 22.56191 ] ] } },
{ "type": "Feature", "properties": { "highway": "tertiary", "name": "兴华一路" }, "geometry": { "type": "LineString", "coordinates": [ [ 113.890357, 22.558479 ], [ 113.89032, 22.558633 ], [ 113.890325, 22.558711 ], [ 113.890387, 22.558861 ], [ 113.893853, 22.561897 ], [ 113.895741, 22.563512 ] ] } },
{ "type": "Feature", "properties": { "highway": "trunk_link", "name": null }, "geometry": { "type": "LineString", "coordinates": [ [ 113.899016, 22.561235 ], [ 113.899374, 22.560782 ] ] } },
{ "type": "Feature", "properties": { "highway": "primary", "name": "宝安大道辅路" }, "geometry": { "type": "LineString", "coordinates": [ [ 113.891219, 22.557656 ], [ 113.88836, 22.560348 ], [ 113.887722, 22.560793 ] ] } },
{ "type": "Feature", "properties": { "highway": "motorway", "name": "南光高速" }, "geometry": { "type": "LineString", "coordinates": [ [ 113.925459, 22.591587 ], [ 113.925294, 22.590428 ], [ 113.925052, 22.58836 ], [ 113.924934, 22.586557 ], [ 113.924915, 22.584685 ], [ 113.924985, 22.581834 ], [ 113.92502, 22.578798 ], [ 113.925053, 22.578002 ], [ 113.925097, 22.577644 ], [ 113.925165, 22.577287 ], [ 113.925246, 22.576965 ], [ 113.925361, 22.576596 ], [ 113.925501, 22.576259 ], [ 113.925902, 22.575574 ], [ 113.926323, 22.57502 ], [ 113.926739, 22.574543 ], [ 113.928159, 22.573046 ], [ 113.928401, 22.572772 ] ] } },
{ "type": "Feature", "properties": { "highway": "motorway", "name": "京港澳高速" }, "geometry": { "type": "LineString", "coordinates": [ [ 113.946139, 22.564832 ], [ 113.94454, 22.56498 ], [ 113.942302, 22.565143 ], [ 113.93969, 22.565258 ], [ 113.937734, 22.565308 ], [ 113.93442, 22.565349 ], [ 113.93268, 22.565321 ], [ 113.931494, 22.565359 ], [ 113.930444, 22.56545 ], [ 113.929568, 22.565578 ], [ 113.928623, 22.56577 ], [ 113.927701, 22.566027 ], [ 113.927224, 22.566179 ], [ 113.926605, 22.566401 ], [ 113.925627, 22.566826 ], [ 113.925179, 22.567049 ], [ 113.924284, 22.56756 ], [ 113.92379, 22.56787 ], [ 113.923457, 22.5681 ] ] } },
{ "type": "Feature", "properties": { "highway": "motorway_link", "name": null }, "geometry": { "type": "LineString", "coordinates": [ [ 113.931743, 22.566182 ], [ 113.931169, 22.566548 ], [ 113.930892, 22.566685 ], [ 113.93071, 22.566734 ], [ 113.929742, 22.566887 ], [ 113.929445, 22.566954 ] ] } },
{ "type": "Feature", "properties": { "highway": "secondary", "name": "南海大道辅路" }, "geometry": { "type": "LineString", "coordinates": [ [ 113.929306, 22.560526 ], [ 113.929281, 22.56238 ], [ 113.929155, 22.563118 ] ] } },
{ "type": "Feature", "properties": { "highway": "motorway_link", "name": null }, "geometry": { "type": "LineString", "coordinates": [ [ 113.925208, 22.56669 ], [ 113.925558, 22.566017 ], [ 113.92572, 22.565782 ], [ 113.925957, 22.56552 ], [ 113.926593, 22.564949 ] ] } },
{ "type": "Feature", "properties": { "highway": "primary", "name": "同乐路" }, "geometry": { "type": "LineString", "coordinates": [ [ 113.928883, 22.569041 ], [ 113.928896, 22.568396 ] ] } },
{ "type": "Feature", "properties": { "highway": "motorway_link", "name": null }, "geometry": { "type": "LineString", "coordinates": [ [ 113.927162, 22.566504 ], [ 113.926494, 22.566807 ] ] } },
{ "type": "Feature", "properties": { "highway": "primary", "name": "同乐路" }, "geometry": { "type": "LineString", "coordinates": [ [ 113.928457, 22.572086 ], [ 113.928651, 22.571541 ], [ 113.928754, 22.5711 ], [ 113.928837, 22.570369 ], [ 113.928883, 22.569041 ] ] } },
{ "type": "Feature", "properties": { "highway": "primary", "name": "同乐路" }, "geometry": { "type": "LineString", "coordinates": [ [ 113.929057, 22.569051 ], [ 113.929009, 22.570881 ], [ 113.928949, 22.571291 ], [ 113.928715, 22.572161 ] ] } },
{ "type": "Feature", "properties": { "highway": "primary_link", "name": "同乐路辅路" }, "geometry": { "type": "LineString", "coordinates": [ [ 113.928929, 22.571984 ], [ 113.928848, 22.572242 ], [ 113.928693, 22.572577 ], [ 113.92837, 22.5731 ], [ 113.928193, 22.573324 ] ] } },
{ "type": "Feature", "properties": { "highway": "primary_link", "name": "同乐路辅路" }, "geometry": { "type": "LineString", "coordinates": [ [ 113.928274, 22.572144 ], [ 113.92837, 22.571927 ], [ 113.928482, 22.571607 ] ] } },
{ "type": "Feature", "properties": { "highway": "primary", "name": "同乐路辅路" }, "geometry": { "type": "LineString", "coordinates": [ [ 113.928482, 22.571607 ], [ 113.928658, 22.57093 ], [ 113.928687, 22.57072 ], [ 113.928717, 22.570374 ], [ 113.928763, 22.569201 ], [ 113.928778, 22.569049 ], [ 113.928896, 22.568396 ] ] } },
{ "type": "Feature", "properties": { "highway": "tertiary", "name": null }, "geometry": { "type": "LineString", "coordinates": [ [ 113.923922, 22.588818 ], [ 113.924754, 22.589673 ] ] } },
{ "type": "Feature", "properties": { "highway": "primary", "name": "同乐路辅路" }, "geometry": { "type": "LineString", "coordinates": [ [ 113.929068, 22.568401 ], [ 113.929194, 22.569584 ], [ 113.929203, 22.570163 ], [ 113.929169, 22.570898 ] ] } },
{ "type": "Feature", "properties": { "highway": "primary", "name": "南海大道" }, "geometry": { "type": "LineString", "coordinates": [ [ 113.927081, 22.53764 ], [ 113.927093, 22.536534 ], [ 113.927012, 22.535837 ], [ 113.926933, 22.535466 ], [ 113.926826, 22.535129 ], [ 113.926653, 22.534686 ], [ 113.926109, 22.533646 ] ] } },
{ "type": "Feature", "properties": { "highway": "primary", "name": "南海大道" }, "geometry": { "type": "LineString", "coordinates": [ [ 113.926188, 22.533617 ], [ 113.926737, 22.534653 ], [ 113.926979, 22.535289 ], [ 113.927028, 22.535469 ], [ 113.92714, 22.536053 ], [ 113.927183, 22.536449 ], [ 113.927172, 22.537644 ] ] } },
{ "type": "Feature", "properties": { "highway": "primary", "name": "南海大道" }, "geometry": { "type": "LineString", "coordinates": [ [ 113.92557, 22.532692 ], [ 113.924631, 22.531 ], [ 113.92446, 22.530591 ], [ 113.924375, 22.530278 ], [ 113.924297, 22.52982 ], [ 113.924279, 22.529546 ], [ 113.924301, 22.528786 ] ] } },
{ "type": "Feature", "properties": { "highway": "secondary", "name": "南海大道辅路" }, "geometry": { "type": "LineString", "coordinates": [ [ 113.929148, 22.559091 ], [ 113.929302, 22.559583 ] ] } },
{ "type": "Feature", "properties": { "highway": "trunk", "name": "北环大道" }, "geometry": { "type": "LineString", "coordinates": [ [ 113.922511, 22.555579 ], [ 113.918489, 22.555759 ], [ 113.917943, 22.555744 ], [ 113.917492, 22.555698 ], [ 113.916957, 22.555609 ], [ 113.916447, 22.555492 ], [ 113.915496, 22.555217 ], [ 113.9151, 22.555064 ], [ 113.914717, 22.554888 ], [ 113.913834, 22.554382 ], [ 113.912206, 22.553309 ], [ 113.911608, 22.552995 ], [ 113.910566, 22.55251 ] ] } },
{ "type": "Feature", "properties": { "highway": "primary_link", "name": null }, "geometry": { "type": "LineString", "coordinates": [ [ 113.930763, 22.542348 ], [ 113.931273, 22.542423 ] ] } },
{ "type": "Feature", "properties": { "highway": "secondary", "name": null }, "geometry": { "type": "LineString", "coordinates": [ [ 113.930217, 22.542876 ], [ 113.929317, 22.542801 ] ] } },
{ "type": "Feature", "properties": { "highway": "primary", "name": "宝安大道" }, "geometry": { "type": "LineString", "coordinates": [ [ 113.905263, 22.544618 ], [ 113.904886, 22.544646 ], [ 113.904657, 22.544682 ], [ 113.904178, 22.544808 ], [ 113.903676, 22.54501 ], [ 113.903264, 22.545256 ], [ 113.903046, 22.545425 ], [ 113.902865, 22.545588 ], [ 113.902667, 22.545805 ], [ 113.902049, 22.546613 ], [ 113.901535, 22.547246 ], [ 113.90115, 22.547721 ], [ 113.90054, 22.548428 ] ] } },
{ "type": "Feature", "properties": { "highway": "primary_link", "name": null }, "geometry": { "type": "LineString", "coordinates": [ [ 113.913153, 22.54419 ], [ 113.912503, 22.544732 ] ] } },
{ "type": "Feature", "properties": { "highway": "tertiary", "name": "深南大道辅路" }, "geometry": { "type": "LineString", "coordinates": [ [ 113.914968, 22.543712 ], [ 113.913766, 22.544099 ], [ 113.913392, 22.54425 ], [ 113.913077, 22.544397 ], [ 113.912503, 22.544732 ], [ 113.911848, 22.545263 ], [ 113.911612, 22.545487 ], [ 113.911488, 22.545626 ], [ 113.911428, 22.545727 ], [ 113.910518, 22.547426 ], [ 113.910254, 22.54819 ], [ 113.91011, 22.548407 ], [ 113.910024, 22.548506 ], [ 113.909928, 22.548602 ], [ 113.909692, 22.548782 ], [ 113.909605, 22.548899 ], [ 113.909575, 22.549002 ], [ 113.909458, 22.549271 ], [ 113.909409, 22.549436 ], [ 113.909405, 22.54951 ] ] } },
{ "type": "Feature", "properties": { "highway": "primary", "name": "深南大道" }, "geometry": { "type": "LineString", "coordinates": [ [ 113.912283, 22.544187 ], [ 113.913596, 22.543856 ] ] } },
{ "type": "Feature", "properties": { "highway": "primary_link", "name": null }, "geometry": { "type": "LineString", "coordinates": [ [ 113.911612, 22.545487 ], [ 113.911615, 22.545255 ], [ 113.911403, 22.544963 ], [ 113.911235, 22.544788 ] ] } },
{ "type": "Feature", "properties": { "highway": "primary_link", "name": null }, "geometry": { "type": "LineString", "coordinates": [ [ 113.91964, 22.543224 ], [ 113.919417, 22.543284 ], [ 113.91933, 22.543337 ], [ 113.919184, 22.543464 ], [ 113.919092, 22.543628 ] ] } },
{ "type": "Feature", "properties": { "highway": "primary_link", "name": null }, "geometry": { "type": "LineString", "coordinates": [ [ 113.926416, 22.541652 ], [ 113.926294, 22.541661 ], [ 113.926177, 22.541698 ], [ 113.926073, 22.541759 ], [ 113.925987, 22.541839 ], [ 113.925923, 22.541936 ], [ 113.925884, 22.542044 ], [ 113.925874, 22.542158 ], [ 113.925892, 22.54227 ], [ 113.925937, 22.542376 ], [ 113.926007, 22.542469 ], [ 113.926098, 22.542545 ], [ 113.926206, 22.5426 ], [ 113.926553, 22.542662 ] ] } },
{ "type": "Feature", "properties": { "highway": "primary_link", "name": null }, "geometry": { "type": "LineString", "coordinates": [ [ 113.923326, 22.543148 ], [ 113.923163, 22.543136 ], [ 113.922868, 22.543081 ] ] } },
{ "type": "Feature", "properties": { "highway": "primary_link", "name": null }, "geometry": { "type": "LineString", "coordinates": [ [ 113.923168, 22.543221 ], [ 113.921828, 22.543264 ], [ 113.92163, 22.543253 ], [ 113.921007, 22.543174 ] ] } },
{ "type": "Feature", "properties": { "highway": "secondary", "name": "南新路" }, "geometry": { "type": "LineString", "coordinates": [ [ 113.912457, 22.519755 ], [ 113.912571, 22.519886 ], [ 113.912812, 22.520225 ], [ 113.91405, 22.522398 ], [ 113.914189, 22.522701 ], [ 113.914325, 22.523112 ], [ 113.914438, 22.523564 ], [ 113.914486, 22.523869 ], [ 113.914662, 22.526645 ], [ 113.914655, 22.527202 ], [ 113.91456, 22.528031 ], [ 113.914534, 22.528409 ], [ 113.91444, 22.528972 ], [ 113.914342, 22.529341 ], [ 113.914217, 22.529703 ], [ 113.913726, 22.530962 ], [ 113.913681, 22.531325 ], [ 113.91426, 22.535129 ], [ 113.914343, 22.535468 ] ] } },
{ "type": "Feature", "properties": { "highway": "secondary", "name": "南新路" }, "geometry": { "type": "LineString", "coordinates": [ [ 113.91554, 22.543419 ], [ 113.915453, 22.543294 ] ] } },
{ "type": "Feature", "properties": { "highway": "secondary", "name": "桃园路" }, "geometry": { "type": "LineString", "coordinates": [ [ 113.904668, 22.535082 ], [ 113.909688, 22.535155 ] ] } },
{ "type": "Feature", "properties": { "highway": "secondary", "name": "前海路" }, "geometry": { "type": "LineString", "coordinates": [ [ 113.909686, 22.544447 ], [ 113.909717, 22.544012 ] ] } },
{ "type": "Feature", "properties": { "highway": "primary_link", "name": null }, "geometry": { "type": "LineString", "coordinates": [ [ 113.909901, 22.543846 ], [ 113.909983, 22.544184 ], [ 113.910071, 22.544321 ], [ 113.910197, 22.544399 ], [ 113.910334, 22.544441 ], [ 113.910564, 22.544466 ] ] } },
{ "type": "Feature", "properties": { "highway": "primary_link", "name": null }, "geometry": { "type": "LineString", "coordinates": [ [ 113.908905, 22.544435 ], [ 113.909289, 22.544393 ], [ 113.909488, 22.544344 ], [ 113.909627, 22.544246 ], [ 113.909672, 22.544172 ], [ 113.909717, 22.544012 ] ] } },
{ "type": "Feature", "properties": { "highway": "secondary", "name": "南新路" }, "geometry": { "type": "LineString", "coordinates": [ [ 113.91481, 22.538908 ], [ 113.915268, 22.541487 ], [ 113.915496, 22.542878 ] ] } },
{ "type": "Feature", "properties": { "highway": "secondary", "name": null }, "geometry": { "type": "LineString", "coordinates": [ [ 113.927502, 22.54696 ], [ 113.927329, 22.546348 ] ] } },
{ "type": "Feature", "properties": { "highway": "secondary", "name": null }, "geometry": { "type": "LineString", "coordinates": [ [ 113.928693, 22.550396 ], [ 113.92859, 22.549992 ] ] } },
{ "type": "Feature", "properties": { "highway": "primary", "name": null }, "geometry": { "type": "LineString", "coordinates": [ [ 113.917842, 22.555267 ], [ 113.917959, 22.555224 ], [ 113.918029, 22.555168 ], [ 113.91809, 22.555073 ], [ 113.918144, 22.55483 ] ] } },
{ "type": "Feature", "properties": { "highway": "trunk_link", "name": null }, "geometry": { "type": "LineString", "coordinates": [ [ 113.920013, 22.555267 ], [ 113.921098, 22.555481 ] ] } },
{ "type": "Feature", "properties": { "highway": "secondary", "name": null }, "geometry": { "type": "LineString", "coordinates": [ [ 113.928921, 22.550149 ], [ 113.928821, 22.550674 ] ] } },
{ "type": "Feature", "properties": { "highway": "secondary", "name": null }, "geometry": { "type": "LineString", "coordinates": [ [ 113.927838, 22.546851 ], [ 113.928286, 22.547776 ], [ 113.928572, 22.548451 ], [ 113.928678, 22.548751 ], [ 113.928763, 22.549019 ], [ 113.928854, 22.549419 ], [ 113.928907, 22.549832 ], [ 113.928921, 22.550149 ] ] } },
{ "type": "Feature", "properties": { "highway": "trunk_link", "name": null }, "geometry": { "type": "LineString", "coordinates": [ [ 113.903531, 22.545935 ], [ 113.903629, 22.545988 ], [ 113.903788, 22.546016 ], [ 113.903925, 22.546008 ], [ 113.904061, 22.545959 ], [ 113.904152, 22.545892 ], [ 113.904236, 22.545803 ], [ 113.904287, 22.545688 ], [ 113.904361, 22.545367 ] ] } },
{ "type": "Feature", "properties": { "highway": "secondary", "name": "甲岸路" }, "geometry": { "type": "LineString", "coordinates": [ [ 113.891987, 22.556157 ], [ 113.892042, 22.556053 ], [ 113.892056, 22.555947 ], [ 113.892011, 22.555813 ], [ 113.891951, 22.555748 ], [ 113.887887, 22.552257 ], [ 113.886268, 22.550839 ], [ 113.8861, 22.550633 ], [ 113.885965, 22.550431 ], [ 113.884946, 22.54883 ], [ 113.884397, 22.548005 ] ] } },
{ "type": "Feature", "properties": { "highway": "secondary", "name": "翻身路" }, "geometry": { "type": "LineString", "coordinates": [ [ 113.898632, 22.556307 ], [ 113.898191, 22.556645 ] ] } },
{ "type": "Feature", "properties": { "highway": "trunk_link", "name": null }, "geometry": { "type": "LineString", "coordinates": [ [ 113.904178, 22.544808 ], [ 113.903943, 22.544921 ], [ 113.903661, 22.545084 ], [ 113.903435, 22.545263 ], [ 113.903375, 22.545349 ], [ 113.903332, 22.545453 ], [ 113.903316, 22.545602 ], [ 113.903349, 22.54574 ], [ 113.903416, 22.545836 ], [ 113.903531, 22.545935 ] ] } },
{ "type": "Feature", "properties": { "highway": "secondary", "name": "翻身路" }, "geometry": { "type": "LineString", "coordinates": [ [ 113.898191, 22.556645 ], [ 113.89673, 22.557785 ], [ 113.895589, 22.558615 ], [ 113.89277, 22.560755 ], [ 113.890656, 22.562807 ], [ 113.889737, 22.563674 ], [ 113.878579, 22.574513 ], [ 113.87846, 22.574578 ] ] } },
{ "type": "Feature", "properties": { "highway": "primary", "name": "宝安大道辅路" }, "geometry": { "type": "LineString", "coordinates": [ [ 113.897331, 22.55157 ], [ 113.896888, 22.552172 ], [ 113.896781, 22.552293 ], [ 113.89536, 22.553607 ] ] } },
{ "type": "Feature", "properties": { "highway": "primary_link", "name": null }, "geometry": { "type": "LineString", "coordinates": [ [ 113.895148, 22.554505 ], [ 113.894909, 22.554408 ], [ 113.89474, 22.554389 ], [ 113.894555, 22.554434 ], [ 113.894387, 22.554546 ] ] } },
{ "type": "Feature", "properties": { "highway": "primary_link", "name": null }, "geometry": { "type": "LineString", "coordinates": [ [ 113.895147, 22.55392 ], [ 113.895141, 22.554119 ], [ 113.895229, 22.554373 ] ] } },
{ "type": "Feature", "properties": { "highway": "trunk", "name": "宝安大道" }, "geometry": { "type": "LineString", "coordinates": [ [ 113.896115, 22.552719 ], [ 113.893658, 22.555081 ] ] } },
{ "type": "Feature", "properties": { "highway": "trunk_link", "name": null }, "geometry": { "type": "LineString", "coordinates": [ [ 113.887541, 22.560959 ], [ 113.887366, 22.561264 ], [ 113.887322, 22.561376 ], [ 113.887313, 22.561468 ], [ 113.887325, 22.561573 ], [ 113.887497, 22.56194 ] ] } },
{ "type": "Feature", "properties": { "highway": "primary_link", "name": null }, "geometry": { "type": "LineString", "coordinates": [ [ 113.894027, 22.554175 ], [ 113.894142, 22.55395 ], [ 113.894162, 22.55384 ], [ 113.894145, 22.553735 ], [ 113.894095, 22.553627 ], [ 113.893998, 22.553502 ] ] } },
{ "type": "Feature", "properties": { "highway": "trunk", "name": "宝安大道" }, "geometry": { "type": "LineString", "coordinates": [ [ 113.893658, 22.555081 ], [ 113.892543, 22.556182 ], [ 113.890258, 22.558379 ] ] } },
{ "type": "Feature", "properties": { "highway": "trunk", "name": "宝安大道" }, "geometry": { "type": "LineString", "coordinates": [ [ 113.893467, 22.554897 ], [ 113.895893, 22.55252 ] ] } },
{ "type": "Feature", "properties": { "highway": "secondary", "name": "宝华路" }, "geometry": { "type": "LineString", "coordinates": [ [ 113.880503, 22.552638 ], [ 113.880429, 22.550637 ], [ 113.880381, 22.549903 ], [ 113.880342, 22.548914 ], [ 113.880393, 22.548633 ] ] } },
{ "type": "Feature", "properties": { "highway": "trunk_link", "name": null }, "geometry": { "type": "LineString", "coordinates": [ [ 113.893837, 22.56797 ], [ 113.893665, 22.567905 ], [ 113.893418, 22.567853 ], [ 113.893185, 22.567839 ], [ 113.892941, 22.567863 ], [ 113.892513, 22.567952 ], [ 113.892243, 22.568061 ], [ 113.891906, 22.568223 ] ] } },
{ "type": "Feature", "properties": { "highway": "primary", "name": "北环大道辅路" }, "geometry": { "type": "LineString", "coordinates": [ [ 113.924592, 22.555589 ], [ 113.923842, 22.555813 ] ] } },
{ "type": "Feature", "properties": { "highway": "motorway", "name": "京港澳高速" }, "geometry": { "type": "LineString", "coordinates": [ [ 113.92234, 22.568907 ], [ 113.921978, 22.56922 ], [ 113.920985, 22.570129 ] ] } },
{ "type": "Feature", "properties": { "highway": "primary", "name": "宝石路" }, "geometry": { "type": "LineString", "coordinates": [ [ 113.918182, 22.588284 ], [ 113.918167, 22.588394 ] ] } },
{ "type": "Feature", "properties": { "highway": "primary_link", "name": null }, "geometry": { "type": "LineString", "coordinates": [ [ 113.918566, 22.588716 ], [ 113.918425, 22.588678 ], [ 113.918295, 22.588683 ], [ 113.918084, 22.588767 ], [ 113.917877, 22.588907 ] ] } },
{ "type": "Feature", "properties": { "highway": "tertiary", "name": null }, "geometry": { "type": "LineString", "coordinates": [ [ 113.923489, 22.535466 ], [ 113.923272, 22.53553 ], [ 113.923207, 22.535568 ], [ 113.923065, 22.535723 ] ] } },
{ "type": "Feature", "properties": { "highway": "tertiary", "name": null }, "geometry": { "type": "LineString", "coordinates": [ [ 113.923065, 22.535723 ], [ 113.923012, 22.535611 ], [ 113.922957, 22.535545 ], [ 113.922872, 22.535494 ], [ 113.922702, 22.535446 ] ] } },
{ "type": "Feature", "properties": { "highway": "primary", "name": null }, "geometry": { "type": "LineString", "coordinates": [ [ 113.896216, 22.551886 ], [ 113.896984, 22.551143 ] ] } },
{ "type": "Feature", "properties": { "highway": "tertiary", "name": "实验路" }, "geometry": { "type": "LineString", "coordinates": [ [ 113.896141, 22.549943 ], [ 113.896118, 22.551373 ], [ 113.89608, 22.551483 ], [ 113.895916, 22.551693 ], [ 113.895876, 22.551857 ], [ 113.895894, 22.551918 ], [ 113.895967, 22.551976 ], [ 113.896037, 22.551982 ], [ 113.896167, 22.551946 ] ] } },
{ "type": "Feature", "properties": { "highway": "tertiary", "name": "实验路" }, "geometry": { "type": "LineString", "coordinates": [ [ 113.896751, 22.549309 ], [ 113.896141, 22.549943 ] ] } },
{ "type": "Feature", "properties": { "highway": "primary", "name": null }, "geometry": { "type": "LineString", "coordinates": [ [ 113.899466, 22.549549 ], [ 113.899263, 22.549814 ], [ 113.898975, 22.550244 ] ] } },
{ "type": "Feature", "properties": { "highway": "trunk_link", "name": null }, "geometry": { "type": "LineString", "coordinates": [ [ 113.887258, 22.561991 ], [ 113.887053, 22.561893 ], [ 113.886871, 22.561873 ], [ 113.886669, 22.561906 ], [ 113.886482, 22.561974 ] ] } },
{ "type": "Feature", "properties": { "highway": "trunk_link", "name": null }, "geometry": { "type": "LineString", "coordinates": [ [ 113.882765, 22.563961 ], [ 113.88329, 22.564181 ], [ 113.883486, 22.564175 ] ] } },
{ "type": "Feature", "properties": { "highway": "primary", "name": "宝安大道辅路" }, "geometry": { "type": "LineString", "coordinates": [ [ 113.883486, 22.564175 ], [ 113.884062, 22.563624 ], [ 113.884398, 22.563349 ], [ 113.884785, 22.56298 ], [ 113.885717, 22.562143 ], [ 113.886165, 22.561866 ] ] } },
{ "type": "Feature", "properties": { "highway": "secondary", "name": "裕安一路" }, "geometry": { "type": "LineString", "coordinates": [ [ 113.87914, 22.56077 ], [ 113.880469, 22.561943 ], [ 113.882516, 22.563705 ], [ 113.882765, 22.563961 ] ] } },
{ "type": "Feature", "properties": { "highway": "trunk_link", "name": null }, "geometry": { "type": "LineString", "coordinates": [ [ 113.886219, 22.561813 ], [ 113.886294, 22.561401 ], [ 113.88628, 22.561281 ], [ 113.886176, 22.561045 ] ] } },
{ "type": "Feature", "properties": { "highway": "trunk_link", "name": null }, "geometry": { "type": "LineString", "coordinates": [ [ 113.877996, 22.569685 ], [ 113.877641, 22.570119 ] ] } },
{ "type": "Feature", "properties": { "highway": "primary", "name": "宝安大道辅路" }, "geometry": { "type": "LineString", "coordinates": [ [ 113.876042, 22.571095 ], [ 113.876236, 22.57083 ], [ 113.876348, 22.570707 ], [ 113.877234, 22.569921 ], [ 113.879461, 22.568098 ], [ 113.880493, 22.567159 ], [ 113.881792, 22.565913 ] ] } },
{ "type": "Feature", "properties": { "highway": "primary", "name": "宝安大道辅路" }, "geometry": { "type": "LineString", "coordinates": [ [ 113.882934, 22.565257 ], [ 113.882795, 22.565553 ], [ 113.882606, 22.565846 ], [ 113.880385, 22.567991 ], [ 113.879675, 22.568648 ], [ 113.878819, 22.569287 ], [ 113.878181, 22.569713 ], [ 113.877837, 22.569967 ], [ 113.876615, 22.570985 ], [ 113.87622, 22.57125 ] ] } },
{ "type": "Feature", "properties": { "highway": "trunk_link", "name": null }, "geometry": { "type": "LineString", "coordinates": [ [ 113.874987, 22.571281 ], [ 113.875201, 22.571418 ], [ 113.875267, 22.571444 ], [ 113.875407, 22.571466 ], [ 113.875551, 22.571438 ], [ 113.875832, 22.571272 ] ] } },
{ "type": "Feature", "properties": { "highway": "trunk_link", "name": null }, "geometry": { "type": "LineString", "coordinates": [ [ 113.875982, 22.571472 ], [ 113.875825, 22.571689 ], [ 113.875755, 22.57183 ], [ 113.875744, 22.571891 ], [ 113.875746, 22.571978 ], [ 113.87587, 22.572162 ] ] } },
{ "type": "Feature", "properties": { "highway": "trunk_link", "name": null }, "geometry": { "type": "LineString", "coordinates": [ [ 113.882934, 22.565257 ], [ 113.882619, 22.565679 ], [ 113.882496, 22.565813 ], [ 113.88224, 22.566042 ] ] } },
{ "type": "Feature", "properties": { "highway": "trunk_link", "name": null }, "geometry": { "type": "LineString", "coordinates": [ [ 113.881792, 22.565913 ], [ 113.882154, 22.565705 ] ] } },
{ "type": "Feature", "properties": { "highway": "trunk_link", "name": null }, "geometry": { "type": "LineString", "coordinates": [ [ 113.877452, 22.569744 ], [ 113.877834, 22.569579 ] ] } },
{ "type": "Feature", "properties": { "highway": "secondary", "name": "上川一路" }, "geometry": { "type": "LineString", "coordinates": [ [ 113.879975, 22.568928 ], [ 113.879824, 22.568844 ], [ 113.879708, 22.568805 ], [ 113.879583, 22.568804 ], [ 113.879433, 22.568829 ] ] } },
{ "type": "Feature", "properties": { "highway": "trunk_link", "name": null }, "geometry": { "type": "LineString", "coordinates": [ [ 113.872707, 22.574009 ], [ 113.872197, 22.574192 ] ] } },
{ "type": "Feature", "properties": { "highway": "secondary", "name": "上川一路" }, "geometry": { "type": "LineString", "coordinates": [ [ 113.879954, 22.568388 ], [ 113.879894, 22.568566 ], [ 113.879889, 22.568658 ], [ 113.879905, 22.568752 ], [ 113.879975, 22.568928 ] ] } },
{ "type": "Feature", "properties": { "highway": "primary", "name": "宝安大道辅路" }, "geometry": { "type": "LineString", "coordinates": [ [ 113.87488, 22.572362 ], [ 113.874248, 22.572938 ], [ 113.872707, 22.574009 ], [ 113.872047, 22.57445 ] ] } },
{ "type": "Feature", "properties": { "highway": "trunk_link", "name": null }, "geometry": { "type": "LineString", "coordinates": [ [ 113.875764, 22.572228 ], [ 113.875606, 22.572131 ], [ 113.875512, 22.572106 ], [ 113.875432, 22.572111 ], [ 113.875239, 22.572168 ], [ 113.87488, 22.572362 ] ] } },
{ "type": "Feature", "properties": { "highway": "secondary", "name": "上川一路" }, "geometry": { "type": "LineString", "coordinates": [ [ 113.882637, 22.571231 ], [ 113.885595, 22.573785 ] ] } },
{ "type": "Feature", "properties": { "highway": "trunk_link", "name": null }, "geometry": { "type": "LineString", "coordinates": [ [ 113.872049, 22.573933 ], [ 113.872591, 22.573725 ] ] } },
{ "type": "Feature", "properties": { "highway": "primary", "name": "宝安大道辅路" }, "geometry": { "type": "LineString", "coordinates": [ [ 113.871775, 22.574116 ], [ 113.873972, 22.57263 ], [ 113.874721, 22.572199 ] ] } },
{ "type": "Feature", "properties": { "highway": "trunk_link", "name": null }, "geometry": { "type": "LineString", "coordinates": [ [ 113.863083, 22.58013 ], [ 113.863399, 22.580244 ], [ 113.863592, 22.580257 ], [ 113.863791, 22.580199 ], [ 113.864051, 22.580076 ] ] } },
{ "type": "Feature", "properties": { "highway": "primary", "name": "宝安大道辅路" }, "geometry": { "type": "LineString", "coordinates": [ [ 113.864051, 22.580076 ], [ 113.864525, 22.579501 ], [ 113.865223, 22.57883 ], [ 113.866983, 22.577431 ], [ 113.867388, 22.577139 ], [ 113.868159, 22.576699 ] ] } },
{ "type": "Feature", "properties": { "highway": "trunk_link", "name": null }, "geometry": { "type": "LineString", "coordinates": [ [ 113.868606, 22.575772 ], [ 113.868788, 22.57591 ], [ 113.868923, 22.575946 ], [ 113.869002, 22.575942 ], [ 113.869198, 22.575896 ], [ 113.869421, 22.575804 ] ] } },
{ "type": "Feature", "properties": { "highway": "primary", "name": "宝安大道辅路" }, "geometry": { "type": "LineString", "coordinates": [ [ 113.868352, 22.576825 ], [ 113.867734, 22.577363 ], [ 113.865523, 22.579112 ], [ 113.864812, 22.579758 ], [ 113.864229, 22.580224 ] ] } },
{ "type": "Feature", "properties": { "highway": "trunk_link", "name": null }, "geometry": { "type": "LineString", "coordinates": [ [ 113.862895, 22.581149 ], [ 113.862997, 22.580993 ], [ 113.863069, 22.580806 ], [ 113.863078, 22.580716 ], [ 113.86308, 22.580629 ], [ 113.863053, 22.580522 ], [ 113.862925, 22.580221 ] ] } },
{ "type": "Feature", "properties": { "highway": "secondary", "name": "宝华路" }, "geometry": { "type": "LineString", "coordinates": [ [ 113.880393, 22.548633 ], [ 113.880459, 22.548904 ], [ 113.880564, 22.550955 ], [ 113.880617, 22.552735 ] ] } },
{ "type": "Feature", "properties": { "highway": "tertiary", "name": "劳动路" }, "geometry": { "type": "LineString", "coordinates": [ [ 113.86015, 22.570766 ], [ 113.856621, 22.566908 ] ] } },
{ "type": "Feature", "properties": { "highway": "tertiary", "name": "西乡大道辅路" }, "geometry": { "type": "LineString", "coordinates": [ [ 113.873064, 22.586942 ], [ 113.872618, 22.587427 ], [ 113.872576, 22.587543 ], [ 113.872574, 22.587653 ], [ 113.872624, 22.587777 ], [ 113.873413, 22.588403 ] ] } },
{ "type": "Feature", "properties": { "highway": "primary", "name": "新安一路" }, "geometry": { "type": "LineString", "coordinates": [ [ 113.899932, 22.558565 ], [ 113.899548, 22.558307 ] ] } },
{ "type": "Feature", "properties": { "highway": "primary", "name": "广深海乐跨线桥" }, "geometry": { "type": "LineString", "coordinates": [ [ 113.90289, 22.561115 ], [ 113.899932, 22.558565 ] ] } },
{ "type": "Feature", "properties": { "highway": "tertiary", "name": "固戍一路" }, "geometry": { "type": "LineString", "coordinates": [ [ 113.863252, 22.601499 ], [ 113.863069, 22.601666 ], [ 113.862992, 22.601761 ], [ 113.862312, 22.60279 ] ] } },
{ "type": "Feature", "properties": { "highway": "trunk_link", "name": null }, "geometry": { "type": "LineString", "coordinates": [ [ 113.882352, 22.576727 ], [ 113.88277, 22.576506 ] ] } },
{ "type": "Feature", "properties": { "highway": "trunk_link", "name": null }, "geometry": { "type": "LineString", "coordinates": [ [ 113.891967, 22.567349 ], [ 113.892005, 22.567141 ], [ 113.892016, 22.566647 ] ] } },
{ "type": "Feature", "properties": { "highway": "secondary", "name": null }, "geometry": { "type": "LineString", "coordinates": [ [ 113.881308, 22.577683 ], [ 113.881372, 22.577525 ], [ 113.881382, 22.577435 ], [ 113.881363, 22.577268 ], [ 113.881297, 22.577144 ], [ 113.880469, 22.576395 ], [ 113.880029, 22.575927 ] ] } },
{ "type": "Feature", "properties": { "highway": "primary", "name": "广深公路辅路" }, "geometry": { "type": "LineString", "coordinates": [ [ 113.878034, 22.580904 ], [ 113.881308, 22.577683 ], [ 113.884036, 22.575192 ], [ 113.884318, 22.574991 ] ] } },
{ "type": "Feature", "properties": { "highway": "primary", "name": "广深公路辅路" }, "geometry": { "type": "LineString", "coordinates": [ [ 113.855688, 22.610141 ], [ 113.856301, 22.609276 ], [ 113.856881, 22.608537 ], [ 113.857492, 22.607817 ], [ 113.859836, 22.605483 ], [ 113.860221, 22.60508 ], [ 113.860457, 22.604799 ], [ 113.862556, 22.601699 ], [ 113.865692, 22.596854 ], [ 113.865848, 22.596665 ], [ 113.866252, 22.596253 ] ] } },
{ "type": "Feature", "properties": { "highway": "primary_link", "name": null }, "geometry": { "type": "LineString", "coordinates": [ [ 113.860479, 22.603719 ], [ 113.860397, 22.603815 ], [ 113.860363, 22.603892 ], [ 113.860348, 22.603997 ], [ 113.860375, 22.604114 ], [ 113.860441, 22.604182 ], [ 113.860541, 22.604231 ], [ 113.860655, 22.604258 ], [ 113.860769, 22.60425 ], [ 113.860871, 22.6042 ] ] } },
{ "type": "Feature", "properties": { "highway": "secondary", "name": "新湖路" }, "geometry": { "type": "LineString", "coordinates": [ [ 113.893675, 22.546828 ], [ 113.892414, 22.548047 ], [ 113.892096, 22.548335 ], [ 113.890308, 22.550103 ] ] } },
{ "type": "Feature", "properties": { "highway": "tertiary", "name": "金桂街" }, "geometry": { "type": "LineString", "coordinates": [ [ 113.884867, 22.557733 ], [ 113.886009, 22.558688 ], [ 113.886153, 22.558775 ], [ 113.886235, 22.558793 ], [ 113.886432, 22.558797 ], [ 113.88663, 22.558757 ], [ 113.886741, 22.558704 ], [ 113.886842, 22.558625 ], [ 113.888298, 22.557207 ], [ 113.88944, 22.556136 ], [ 113.890833, 22.554788 ] ] } },
{ "type": "Feature", "properties": { "highway": "tertiary", "name": "圣洁路" }, "geometry": { "type": "LineString", "coordinates": [ [ 113.887317, 22.558157 ], [ 113.884589, 22.555812 ] ] } },
{ "type": "Feature", "properties": { "highway": "tertiary", "name": "海丽路" }, "geometry": { "type": "LineString", "coordinates": [ [ 113.883406, 22.552998 ], [ 113.882246, 22.554143 ], [ 113.881982, 22.55438 ], [ 113.881875, 22.554412 ], [ 113.880584, 22.554453 ] ] } },
{ "type": "Feature", "properties": { "highway": "tertiary", "name": "海旺路" }, "geometry": { "type": "LineString", "coordinates": [ [ 113.883812, 22.558749 ], [ 113.886837, 22.555817 ] ] } },
{ "type": "Feature", "properties": { "highway": "tertiary", "name": "创辉路" }, "geometry": { "type": "LineString", "coordinates": [ [ 113.880469, 22.561943 ], [ 113.881476, 22.560936 ], [ 113.881611, 22.560855 ], [ 113.882603, 22.559877 ] ] } },
{ "type": "Feature", "properties": { "highway": "tertiary", "name": "雅兰路" }, "geometry": { "type": "LineString", "coordinates": [ [ 113.881277, 22.55873 ], [ 113.883694, 22.560818 ], [ 113.883788, 22.560958 ], [ 113.883821, 22.561048 ], [ 113.883838, 22.561185 ], [ 113.883827, 22.561312 ], [ 113.883777, 22.561465 ], [ 113.883643, 22.561644 ], [ 113.883105, 22.56215 ] ] } },
{ "type": "Feature", "properties": { "highway": "tertiary", "name": "金兰路" }, "geometry": { "type": "LineString", "coordinates": [ [ 113.880279, 22.559696 ], [ 113.883105, 22.56215 ], [ 113.883379, 22.562392 ], [ 113.883465, 22.562488 ], [ 113.883495, 22.562549 ], [ 113.883504, 22.562612 ], [ 113.883475, 22.562735 ], [ 113.883436, 22.56279 ], [ 113.882516, 22.563705 ] ] } },
{ "type": "Feature", "properties": { "highway": "primary", "name": "创业二路" }, "geometry": { "type": "LineString", "coordinates": [ [ 113.914195, 22.584833 ], [ 113.917921, 22.588056 ] ] } },
{ "type": "Feature", "properties": { "highway": "tertiary", "name": "留仙村路" }, "geometry": { "type": "LineString", "coordinates": [ [ 113.919856, 22.589796 ], [ 113.91972, 22.589725 ], [ 113.918566, 22.588716 ], [ 113.918167, 22.588394 ] ] } },
{ "type": "Feature", "properties": { "highway": "tertiary", "name": "自由路" }, "geometry": { "type": "LineString", "coordinates": [ [ 113.881477, 22.575121 ], [ 113.891629, 22.565306 ] ] } },
{ "type": "Feature", "properties": { "highway": "tertiary", "name": "新乐路" }, "geometry": { "type": "LineString", "coordinates": [ [ 113.895453, 22.553518 ], [ 113.901844, 22.558915 ] ] } },
{ "type": "Feature", "properties": { "highway": "primary", "name": "宝源路" }, "geometry": { "type": "LineString", "coordinates": [ [ 113.865503, 22.566933 ], [ 113.866012, 22.566559 ] ] } },
{ "type": "Feature", "properties": { "highway": "secondary", "name": "新湖路" }, "geometry": { "type": "LineString", "coordinates": [ [ 113.871042, 22.567771 ], [ 113.870283, 22.568357 ], [ 113.868381, 22.569893 ] ] } },
{ "type": "Feature", "properties": { "highway": "primary", "name": "宝源路" }, "geometry": { "type": "LineString", "coordinates": [ [ 113.866012, 22.566559 ], [ 113.867967, 22.565106 ] ] } },
{ "type": "Feature", "properties": { "highway": "primary", "name": "宝源路" }, "geometry": { "type": "LineString", "coordinates": [ [ 113.866115, 22.566681 ], [ 113.865626, 22.567046 ] ] } },
{ "type": "Feature", "properties": { "highway": "primary", "name": "宝源路" }, "geometry": { "type": "LineString", "coordinates": [ [ 113.863773, 22.568406 ], [ 113.863288, 22.568763 ], [ 113.862891, 22.569022 ], [ 113.860266, 22.570878 ], [ 113.859146, 22.57169 ], [ 113.858173, 22.572472 ], [ 113.856821, 22.5736 ] ] } },
{ "type": "Feature", "properties": { "highway": "tertiary", "name": "西乡河东路" }, "geometry": { "type": "LineString", "coordinates": [ [ 113.873657, 22.573356 ], [ 113.874093, 22.57409 ], [ 113.874584, 22.575063 ], [ 113.87505, 22.576217 ], [ 113.875614, 22.5775 ], [ 113.876155, 22.578526 ], [ 113.876248, 22.578636 ], [ 113.876343, 22.578707 ], [ 113.876549, 22.57881 ] ] } },
{ "type": "Feature", "properties": { "highway": "primary", "name": "前进一路" }, "geometry": { "type": "LineString", "coordinates": [ [ 113.906808, 22.56456 ], [ 113.906036, 22.565343 ], [ 113.904747, 22.566571 ], [ 113.903755, 22.567591 ], [ 113.902193, 22.569145 ], [ 113.90145, 22.569909 ], [ 113.899337, 22.571986 ] ] } },
{ "type": "Feature", "properties": { "highway": "secondary", "name": "广泰路" }, "geometry": { "type": "LineString", "coordinates": [ [ 113.900015, 22.596512 ], [ 113.900059, 22.594949 ], [ 113.900113, 22.594335 ], [ 113.90022, 22.593785 ], [ 113.900402, 22.59326 ], [ 113.900644, 22.592755 ], [ 113.900998, 22.592225 ], [ 113.901465, 22.59172 ], [ 113.902622, 22.590592 ], [ 113.905131, 22.587911 ], [ 113.90532, 22.587755 ] ] } },
{ "type": "Feature", "properties": { "highway": "secondary", "name": "广泰路" }, "geometry": { "type": "LineString", "coordinates": [ [ 113.90532, 22.587755 ], [ 113.905185, 22.587951 ], [ 113.90268, 22.590637 ], [ 113.90152, 22.591767 ], [ 113.901059, 22.592266 ], [ 113.900711, 22.592788 ], [ 113.90055, 22.593097 ], [ 113.900464, 22.5933 ], [ 113.900293, 22.593802 ], [ 113.900187, 22.594344 ], [ 113.900134, 22.594953 ], [ 113.900094, 22.596585 ] ] } },
{ "type": "Feature", "properties": { "highway": "tertiary", "name": null }, "geometry": { "type": "LineString", "coordinates": [ [ 113.896473, 22.599611 ], [ 113.895663, 22.599394 ] ] } },
{ "type": "Feature", "properties": { "highway": "secondary", "name": "尖岗山大道" }, "geometry": { "type": "LineString", "coordinates": [ [ 113.906058, 22.59651 ], [ 113.900094, 22.596585 ] ] } },
{ "type": "Feature", "properties": { "highway": "tertiary", "name": null }, "geometry": { "type": "LineString", "coordinates": [ [ 113.898725, 22.597941 ], [ 113.898297, 22.59672 ] ] } },
{ "type": "Feature", "properties": { "highway": "tertiary", "name": "龙辉路" }, "geometry": { "type": "LineString", "coordinates": [ [ 113.906058, 22.59651 ], [ 113.906074, 22.596746 ], [ 113.90615, 22.596971 ], [ 113.90621, 22.597076 ], [ 113.906369, 22.597262 ], [ 113.90713, 22.597926 ], [ 113.907213, 22.598022 ], [ 113.907278, 22.598128 ], [ 113.907323, 22.598243 ], [ 113.907347, 22.598366 ], [ 113.907349, 22.598485 ], [ 113.90733, 22.598606 ], [ 113.90729, 22.598722 ], [ 113.907006, 22.599228 ], [ 113.906823, 22.5994 ], [ 113.906715, 22.599469 ], [ 113.906474, 22.599566 ], [ 113.906212, 22.599603 ], [ 113.905955, 22.599579 ], [ 113.905829, 22.599544 ], [ 113.904681, 22.599067 ], [ 113.904311, 22.598969 ], [ 113.904056, 22.598943 ], [ 113.903799, 22.598948 ], [ 113.903546, 22.598984 ], [ 113.903421, 22.599014 ], [ 113.902563, 22.599303 ], [ 113.902378, 22.599341 ], [ 113.902189, 22.599357 ], [ 113.902, 22.59935 ], [ 113.901812, 22.599321 ], [ 113.901631, 22.59927 ], [ 113.901458, 22.599199 ], [ 113.901296, 22.599107 ], [ 113.901149, 22.598997 ], [ 113.901018, 22.59887 ], [ 113.900477, 22.59825 ], [ 113.900335, 22.598134 ], [ 113.90018, 22.598034 ], [ 113.900012, 22.597952 ], [ 113.899836, 22.597889 ], [ 113.899652, 22.597846 ], [ 113.899464, 22.597824 ], [ 113.899275, 22.597822 ], [ 113.899087, 22.597842 ], [ 113.898902, 22.597881 ], [ 113.898725, 22.597941 ], [ 113.898565, 22.598023 ], [ 113.896787, 22.599258 ], [ 113.896639, 22.599405 ], [ 113.896473, 22.599611 ] ] } },
{ "type": "Feature", "properties": { "highway": "secondary", "name": "尖岗山大道" }, "geometry": { "type": "LineString", "coordinates": [ [ 113.900015, 22.596512 ], [ 113.90606, 22.596435 ] ] } },
{ "type": "Feature", "properties": { "highway": "motorway_link", "name": null }, "geometry": { "type": "LineString", "coordinates": [ [ 113.918189, 22.571968 ], [ 113.918115, 22.572086 ], [ 113.918041, 22.572528 ], [ 113.91799, 22.572637 ], [ 113.917423, 22.573248 ], [ 113.91695, 22.573731 ], [ 113.916883, 22.573784 ], [ 113.916804, 22.573815 ] ] } },
{ "type": "Feature", "properties": { "highway": "motorway_link", "name": null }, "geometry": { "type": "LineString", "coordinates": [ [ 113.915049, 22.57481 ], [ 113.91545, 22.575206 ], [ 113.915536, 22.575262 ], [ 113.915637, 22.575286 ], [ 113.915739, 22.575256 ], [ 113.915814, 22.575194 ], [ 113.916598, 22.574168 ] ] } },
{ "type": "Feature", "properties": { "highway": "primary", "name": "西乡大道" }, "geometry": { "type": "LineString", "coordinates": [ [ 113.888068, 22.593377 ], [ 113.882992, 22.593062 ], [ 113.881899, 22.593037 ] ] } },
{ "type": "Feature", "properties": { "highway": "trunk_link", "name": null }, "geometry": { "type": "LineString", "coordinates": [ [ 113.870578, 22.588344 ], [ 113.870448, 22.587076 ], [ 113.870383, 22.586754 ] ] } },
{ "type": "Feature", "properties": { "highway": "trunk_link", "name": null }, "geometry": { "type": "LineString", "coordinates": [ [ 113.870383, 22.586754 ], [ 113.870308, 22.586597 ], [ 113.870211, 22.586471 ], [ 113.870068, 22.586343 ], [ 113.86971, 22.586083 ], [ 113.869288, 22.585681 ] ] } },
{ "type": "Feature", "properties": { "highway": "trunk_link", "name": null }, "geometry": { "type": "LineString", "coordinates": [ [ 113.870619, 22.587983 ], [ 113.87058, 22.587625 ], [ 113.870586, 22.587504 ], [ 113.870621, 22.587389 ], [ 113.870684, 22.587276 ], [ 113.870772, 22.58718 ], [ 113.870885, 22.587113 ], [ 113.871021, 22.587069 ], [ 113.871158, 22.587052 ], [ 113.871291, 22.587069 ], [ 113.871635, 22.587206 ] ] } },
{ "type": "Feature", "properties": { "highway": "primary", "name": "西乡大道" }, "geometry": { "type": "LineString", "coordinates": [ [ 113.868798, 22.585105 ], [ 113.869539, 22.585671 ], [ 113.872702, 22.587996 ], [ 113.87547, 22.590191 ] ] } },
{ "type": "Feature", "properties": { "highway": "trunk_link", "name": null }, "geometry": { "type": "LineString", "coordinates": [ [ 113.870744, 22.587513 ], [ 113.870694, 22.587613 ], [ 113.870675, 22.587708 ], [ 113.870679, 22.587805 ], [ 113.870713, 22.587885 ], [ 113.870764, 22.587968 ], [ 113.870835, 22.588035 ], [ 113.870928, 22.588093 ], [ 113.871025, 22.588125 ], [ 113.871133, 22.588138 ], [ 113.87137, 22.588109 ], [ 113.871495, 22.588058 ], [ 113.871811, 22.587845 ] ] } },
{ "type": "Feature", "properties": { "highway": "primary", "name": "西乡大道" }, "geometry": { "type": "LineString", "coordinates": [ [ 113.87547, 22.590191 ], [ 113.876109, 22.590691 ], [ 113.876501, 22.590945 ] ] } },
{ "type": "Feature", "properties": { "highway": "trunk_link", "name": null }, "geometry": { "type": "LineString", "coordinates": [ [ 113.871762, 22.588562 ], [ 113.871823, 22.588745 ], [ 113.871883, 22.588823 ], [ 113.871975, 22.588891 ], [ 113.872069, 22.58893 ], [ 113.872216, 22.588942 ], [ 113.872366, 22.588912 ], [ 113.872492, 22.588838 ], [ 113.872573, 22.58875 ], [ 113.872618, 22.58865 ], [ 113.872636, 22.588538 ], [ 113.872633, 22.588428 ], [ 113.872564, 22.588214 ], [ 113.872514, 22.588132 ], [ 113.872362, 22.58795 ] ] } },
{ "type": "Feature", "properties": { "highway": "trunk_link", "name": null }, "geometry": { "type": "LineString", "coordinates": [ [ 113.871205, 22.589132 ], [ 113.870978, 22.589213 ], [ 113.870833, 22.589285 ], [ 113.870684, 22.589383 ], [ 113.870466, 22.589568 ] ] } },
{ "type": "Feature", "properties": { "highway": "primary", "name": "新安四路" }, "geometry": { "type": "LineString", "coordinates": [ [ 113.888194, 22.582918 ], [ 113.885438, 22.580543 ] ] } },
{ "type": "Feature", "properties": { "highway": "primary", "name": "新安五路" }, "geometry": { "type": "LineString", "coordinates": [ [ 113.885419, 22.580526 ], [ 113.885029, 22.580191 ] ] } },
{ "type": "Feature", "properties": { "highway": "primary", "name": "新安五路" }, "geometry": { "type": "LineString", "coordinates": [ [ 113.88072, 22.576356 ], [ 113.884579, 22.579715 ] ] } },
{ "type": "Feature", "properties": { "highway": "primary", "name": "新安五路" }, "geometry": { "type": "LineString", "coordinates": [ [ 113.88453, 22.579763 ], [ 113.880646, 22.576438 ] ] } },
{ "type": "Feature", "properties": { "highway": "primary", "name": "新安五路" }, "geometry": { "type": "LineString", "coordinates": [ [ 113.884579, 22.579715 ], [ 113.885073, 22.58014 ] ] } },
{ "type": "Feature", "properties": { "highway": "primary", "name": "新安五路" }, "geometry": { "type": "LineString", "coordinates": [ [ 113.880646, 22.576438 ], [ 113.879637, 22.575596 ], [ 113.875764, 22.572228 ] ] } },
{ "type": "Feature", "properties": { "highway": "tertiary", "name": "宝民二路" }, "geometry": { "type": "LineString", "coordinates": [ [ 113.873627, 22.588572 ], [ 113.873631, 22.588673 ], [ 113.873608, 22.588732 ], [ 113.873448, 22.588888 ], [ 113.873396, 22.588922 ], [ 113.873327, 22.588938 ] ] } },
{ "type": "Feature", "properties": { "highway": "tertiary", "name": "宝民二路" }, "geometry": { "type": "LineString", "coordinates": [ [ 113.869344, 22.594608 ], [ 113.869699, 22.594072 ], [ 113.871179, 22.591991 ], [ 113.872353, 22.590381 ], [ 113.872555, 22.590135 ], [ 113.872666, 22.589965 ], [ 113.872938, 22.58938 ], [ 113.872978, 22.589252 ], [ 113.873003, 22.588938 ], [ 113.873029, 22.588825 ], [ 113.873112, 22.588613 ] ] } },
{ "type": "Feature", "properties": { "highway": "tertiary", "name": "固戍一路" }, "geometry": { "type": "LineString", "coordinates": [ [ 113.84397, 22.599596 ], [ 113.84425, 22.59985 ], [ 113.845065, 22.600734 ], [ 113.846135, 22.601856 ], [ 113.846968, 22.602596 ], [ 113.849344, 22.603784 ], [ 113.850578, 22.603866 ], [ 113.851501, 22.604101 ], [ 113.852538, 22.60456 ], [ 113.85276, 22.604622 ], [ 113.852966, 22.604645 ], [ 113.853296, 22.604621 ], [ 113.854473, 22.604321 ], [ 113.855647, 22.603814 ], [ 113.855909, 22.603756 ], [ 113.856179, 22.603764 ], [ 113.856437, 22.603837 ], [ 113.857085, 22.604176 ], [ 113.85848, 22.604376 ], [ 113.858694, 22.604351 ], [ 113.858815, 22.604319 ], [ 113.860072, 22.60384 ] ] } },
{ "type": "Feature", "properties": { "highway": "primary_link", "name": null }, "geometry": { "type": "LineString", "coordinates": [ [ 113.875839, 22.59066 ], [ 113.875249, 22.590351 ] ] } },
{ "type": "Feature", "properties": { "highway": "tertiary", "name": "宝民二路" }, "geometry": { "type": "LineString", "coordinates": [ [ 113.873327, 22.588938 ], [ 113.873127, 22.589181 ], [ 113.872776, 22.589918 ], [ 113.872673, 22.590105 ], [ 113.872494, 22.590376 ], [ 113.869571, 22.594441 ] ] } },
{ "type": "Feature", "properties": { "highway": "tertiary", "name": "宝田二路" }, "geometry": { "type": "LineString", "coordinates": [ [ 113.865078, 22.598612 ], [ 113.866061, 22.599154 ], [ 113.866338, 22.599336 ], [ 113.869126, 22.60164 ], [ 113.869384, 22.601896 ] ] } },
{ "type": "Feature", "properties": { "highway": "tertiary", "name": "西乡大道辅路" }, "geometry": { "type": "LineString", "coordinates": [ [ 113.873627, 22.588572 ], [ 113.875587, 22.590113 ] ] } },
{ "type": "Feature", "properties": { "highway": "tertiary", "name": "固戍一路" }, "geometry": { "type": "LineString", "coordinates": [ [ 113.860479, 22.603719 ], [ 113.860287, 22.603787 ], [ 113.860072, 22.60384 ] ] } },
{ "type": "Feature", "properties": { "highway": "tertiary", "name": "固戍一路" }, "geometry": { "type": "LineString", "coordinates": [ [ 113.860072, 22.60384 ], [ 113.860302, 22.603707 ], [ 113.861031, 22.603455 ], [ 113.861207, 22.603435 ], [ 113.861358, 22.603469 ] ] } },
{ "type": "Feature", "properties": { "highway": "motorway", "name": "京港澳高速" }, "geometry": { "type": "LineString", "coordinates": [ [ 113.858474, 22.624929 ], [ 113.86382, 22.622911 ], [ 113.866401, 22.621966 ], [ 113.867841, 22.621415 ], [ 113.86825, 22.621248 ], [ 113.869273, 22.62079 ], [ 113.87029, 22.620298 ], [ 113.871896, 22.619367 ], [ 113.872768, 22.618797 ], [ 113.873774, 22.61806 ], [ 113.874541, 22.61747 ], [ 113.875255, 22.616832 ], [ 113.876201, 22.615936 ], [ 113.877261, 22.614795 ], [ 113.878113, 22.613735 ], [ 113.879156, 22.612275 ], [ 113.882535, 22.607194 ], [ 113.883212, 22.606275 ] ] } },
{ "type": "Feature", "properties": { "highway": "primary_link", "name": null }, "geometry": { "type": "LineString", "coordinates": [ [ 113.932271, 22.606411 ], [ 113.931802, 22.606004 ] ] } },
{ "type": "Feature", "properties": { "highway": "motorway_link", "name": null }, "geometry": { "type": "LineString", "coordinates": [ [ 113.931857, 22.606604 ], [ 113.93185, 22.60645 ], [ 113.931807, 22.606354 ], [ 113.931754, 22.606286 ], [ 113.931667, 22.606223 ], [ 113.931571, 22.606185 ], [ 113.931448, 22.606167 ], [ 113.931334, 22.606176 ], [ 113.931239, 22.606215 ], [ 113.931138, 22.606284 ], [ 113.931063, 22.606372 ], [ 113.931025, 22.606472 ], [ 113.931018, 22.606579 ], [ 113.931033, 22.606677 ], [ 113.931079, 22.606779 ], [ 113.931141, 22.606876 ], [ 113.931539, 22.607242 ] ] } },
{ "type": "Feature", "properties": { "highway": "motorway_link", "name": null }, "geometry": { "type": "LineString", "coordinates": [ [ 113.933004, 22.604658 ], [ 113.932775, 22.605169 ], [ 113.932423, 22.606124 ], [ 113.932217, 22.606498 ], [ 113.932128, 22.606616 ], [ 113.93187, 22.606857 ], [ 113.931693, 22.606981 ], [ 113.931512, 22.607082 ], [ 113.931221, 22.607205 ], [ 113.930836, 22.607304 ] ] } },
{ "type": "Feature", "properties": { "highway": "motorway_link", "name": null }, "geometry": { "type": "LineString", "coordinates": [ [ 113.930824, 22.607244 ], [ 113.931103, 22.60719 ], [ 113.931253, 22.60714 ], [ 113.931533, 22.607015 ], [ 113.931678, 22.606921 ] ] } },
{ "type": "Feature", "properties": { "highway": "secondary", "name": null }, "geometry": { "type": "LineString", "coordinates": [ [ 113.885601, 22.603041 ], [ 113.885842, 22.604106 ] ] } },
{ "type": "Feature", "properties": { "highway": "motorway", "name": null }, "geometry": { "type": "LineString", "coordinates": [ [ 113.886991, 22.602627 ], [ 113.886441, 22.603101 ] ] } },
{ "type": "Feature", "properties": { "highway": "motorway", "name": "京港澳高速" }, "geometry": { "type": "LineString", "coordinates": [ [ 113.886441, 22.603101 ], [ 113.885816, 22.603656 ] ] } },
{ "type": "Feature", "properties": { "highway": "motorway", "name": null }, "geometry": { "type": "LineString", "coordinates": [ [ 113.886345, 22.603002 ], [ 113.886915, 22.602515 ] ] } },
{ "type": "Feature", "properties": { "highway": "secondary", "name": "水库路" }, "geometry": { "type": "LineString", "coordinates": [ [ 113.877292, 22.594044 ], [ 113.877399, 22.594207 ], [ 113.877413, 22.594301 ], [ 113.877411, 22.594452 ], [ 113.877386, 22.594629 ], [ 113.877251, 22.595331 ], [ 113.877242, 22.595507 ], [ 113.87727, 22.595715 ], [ 113.877323, 22.59589 ], [ 113.877573, 22.596608 ], [ 113.877745, 22.596991 ], [ 113.878948, 22.599107 ], [ 113.879105, 22.59934 ], [ 113.879223, 22.59947 ], [ 113.879324, 22.599552 ], [ 113.879587, 22.599726 ], [ 113.881397, 22.600638 ], [ 113.882797, 22.60121 ], [ 113.882849, 22.601294 ] ] } },
{ "type": "Feature", "properties": { "highway": "primary_link", "name": null }, "geometry": { "type": "LineString", "coordinates": [ [ 113.886897, 22.593029 ], [ 113.887344, 22.593209 ] ] } },
{ "type": "Feature", "properties": { "highway": "primary_link", "name": null }, "geometry": { "type": "LineString", "coordinates": [ [ 113.879397, 22.591956 ], [ 113.879336, 22.592099 ], [ 113.879323, 22.592187 ], [ 113.87934, 22.592294 ], [ 113.879425, 22.592396 ], [ 113.879589, 22.592508 ] ] } },
{ "type": "Feature", "properties": { "highway": "primary_link", "name": null }, "geometry": { "type": "LineString", "coordinates": [ [ 113.879511, 22.592753 ], [ 113.879011, 22.59272 ], [ 113.878884, 22.59273 ], [ 113.878647, 22.592816 ], [ 113.878453, 22.592932 ] ] } },
{ "type": "Feature", "properties": { "highway": "primary_link", "name": null }, "geometry": { "type": "LineString", "coordinates": [ [ 113.888706, 22.593476 ], [ 113.888068, 22.593377 ] ] } },
{ "type": "Feature", "properties": { "highway": "primary_link", "name": null }, "geometry": { "type": "LineString", "coordinates": [ [ 113.88485, 22.593031 ], [ 113.885411, 22.592942 ] ] } },
{ "type": "Feature", "properties": { "highway": "tertiary", "name": "西乡大道辅路" }, "geometry": { "type": "LineString", "coordinates": [ [ 113.877433, 22.591905 ], [ 113.877111, 22.591803 ], [ 113.876998, 22.591735 ], [ 113.876426, 22.591317 ], [ 113.875249, 22.590351 ] ] } },
{ "type": "Feature", "properties": { "highway": "tertiary", "name": "西乡大道辅路" }, "geometry": { "type": "LineString", "coordinates": [ [ 113.875249, 22.590351 ], [ 113.874357, 22.589628 ], [ 113.873512, 22.589092 ], [ 113.873353, 22.588935 ] ] } },
{ "type": "Feature", "properties": { "highway": "tertiary", "name": "西乡大道辅路" }, "geometry": { "type": "LineString", "coordinates": [ [ 113.875587, 22.590113 ], [ 113.87622, 22.590611 ] ] } },
{ "type": "Feature", "properties": { "highway": "primary_link", "name": null }, "geometry": { "type": "LineString", "coordinates": [ [ 113.878229, 22.592918 ], [ 113.878295, 22.592728 ], [ 113.878304, 22.592561 ], [ 113.878236, 22.592385 ], [ 113.878129, 22.592245 ] ] } },
{ "type": "Feature", "properties": { "highway": "primary_link", "name": null }, "geometry": { "type": "LineString", "coordinates": [ [ 113.875587, 22.590113 ], [ 113.875922, 22.590549 ] ] } },
{ "type": "Feature", "properties": { "highway": "tertiary", "name": "铲岛路" }, "geometry": { "type": "LineString", "coordinates": [ [ 113.856728, 22.566821 ], [ 113.854295, 22.564303 ] ] } },
{ "type": "Feature", "properties": { "highway": "motorway_link", "name": null }, "geometry": { "type": "LineString", "coordinates": [ [ 113.860693, 22.557772 ], [ 113.85975, 22.558888 ], [ 113.859568, 22.559159 ], [ 113.859245, 22.559773 ], [ 113.858992, 22.560123 ], [ 113.858761, 22.560358 ], [ 113.856755, 22.562045 ] ] } },
{ "type": "Feature", "properties": { "highway": "motorway_link", "name": null }, "geometry": { "type": "LineString", "coordinates": [ [ 113.855081, 22.562255 ], [ 113.857467, 22.56027 ], [ 113.859248, 22.558732 ], [ 113.860559, 22.557664 ] ] } },
{ "type": "Feature", "properties": { "highway": "primary", "name": "西乡大道" }, "geometry": { "type": "LineString", "coordinates": [ [ 113.866364, 22.583561 ], [ 113.86564, 22.583033 ], [ 113.865166, 22.582607 ], [ 113.863962, 22.581296 ] ] } },
{ "type": "Feature", "properties": { "highway": "tertiary", "name": "西乡大道辅路" }, "geometry": { "type": "LineString", "coordinates": [ [ 113.857254, 22.574041 ], [ 113.857853, 22.57448 ], [ 113.858834, 22.575501 ], [ 113.859222, 22.576113 ] ] } },
{ "type": "Feature", "properties": { "highway": "tertiary", "name": "西乡大道辅路" }, "geometry": { "type": "LineString", "coordinates": [ [ 113.859279, 22.57643 ], [ 113.858657, 22.575981 ], [ 113.857273, 22.574517 ], [ 113.857101, 22.574139 ] ] } },
{ "type": "Feature", "properties": { "highway": "primary_link", "name": null }, "geometry": { "type": "LineString", "coordinates": [ [ 113.857101, 22.574139 ], [ 113.856882, 22.574041 ], [ 113.856647, 22.573973 ], [ 113.856421, 22.573996 ], [ 113.856327, 22.574031 ], [ 113.856165, 22.574132 ] ] } },
{ "type": "Feature", "properties": { "highway": "primary_link", "name": null }, "geometry": { "type": "LineString", "coordinates": [ [ 113.857084, 22.573379 ], [ 113.857045, 22.573515 ], [ 113.857045, 22.57365 ], [ 113.857108, 22.573805 ], [ 113.857254, 22.574041 ] ] } },
{ "type": "Feature", "properties": { "highway": "tertiary", "name": "西乡大道辅路" }, "geometry": { "type": "LineString", "coordinates": [ [ 113.860238, 22.577173 ], [ 113.860746, 22.577507 ], [ 113.862604, 22.579473 ], [ 113.86282, 22.579745 ], [ 113.863083, 22.58013 ] ] } },
{ "type": "Feature", "properties": { "highway": "tertiary", "name": "西乡大道辅路" }, "geometry": { "type": "LineString", "coordinates": [ [ 113.862925, 22.580221 ], [ 113.862344, 22.579773 ], [ 113.860465, 22.577848 ], [ 113.860155, 22.577337 ] ] } },
{ "type": "Feature", "properties": { "highway": "primary_link", "name": "西乡大道辅路" }, "geometry": { "type": "LineString", "coordinates": [ [ 113.857045, 22.57365 ], [ 113.857853, 22.57448 ] ] } },
{ "type": "Feature", "properties": { "highway": "secondary", "name": "海城路" }, "geometry": { "type": "LineString", "coordinates": [ [ 113.857202, 22.561762 ], [ 113.857429, 22.56196 ], [ 113.858215, 22.562554 ], [ 113.859637, 22.564046 ], [ 113.859876, 22.564518 ], [ 113.863299, 22.568557 ] ] } },
{ "type": "Feature", "properties": { "highway": "secondary", "name": "新湖路" }, "geometry": { "type": "LineString", "coordinates": [ [ 113.885068, 22.55493 ], [ 113.887693, 22.552443 ], [ 113.88976, 22.550445 ] ] } },
{ "type": "Feature", "properties": { "highway": "secondary", "name": "新湖路" }, "geometry": { "type": "LineString", "coordinates": [ [ 113.868326, 22.569817 ], [ 113.870341, 22.568167 ] ] } },
{ "type": "Feature", "properties": { "highway": "secondary", "name": "新湖路" }, "geometry": { "type": "LineString", "coordinates": [ [ 113.851152, 22.583966 ], [ 113.85217, 22.583069 ], [ 113.854251, 22.581352 ] ] } },
{ "type": "Feature", "properties": { "highway": "secondary", "name": "新湖路" }, "geometry": { "type": "LineString", "coordinates": [ [ 113.860072, 22.576369 ], [ 113.862008, 22.574861 ], [ 113.865334, 22.572187 ] ] } },
{ "type": "Feature", "properties": { "highway": "primary_link", "name": null }, "geometry": { "type": "LineString", "coordinates": [ [ 113.856312, 22.573076 ], [ 113.85645, 22.573174 ], [ 113.856627, 22.573248 ], [ 113.85681, 22.573267 ], [ 113.857068, 22.573217 ] ] } },
{ "type": "Feature", "properties": { "highway": "primary_link", "name": null }, "geometry": { "type": "LineString", "coordinates": [ [ 113.85608, 22.574028 ], [ 113.856196, 22.57388 ], [ 113.856254, 22.57377 ], [ 113.856286, 22.573672 ], [ 113.856293, 22.573592 ], [ 113.856285, 22.573489 ], [ 113.856256, 22.573396 ], [ 113.856149, 22.573161 ] ] } },
{ "type": "Feature", "properties": { "highway": "tertiary", "name": "西乡大道辅路" }, "geometry": { "type": "LineString", "coordinates": [ [ 113.853558, 22.570239 ], [ 113.854073, 22.570549 ], [ 113.854601, 22.571095 ], [ 113.855041, 22.571578 ], [ 113.855857, 22.572418 ], [ 113.856014, 22.572766 ] ] } },
{ "type": "Feature", "properties": { "highway": "tertiary", "name": "西乡大道辅路" }, "geometry": { "type": "LineString", "coordinates": [ [ 113.855932, 22.572933 ], [ 113.855577, 22.572754 ], [ 113.85392, 22.571015 ], [ 113.853544, 22.570469 ] ] } },
{ "type": "Feature", "properties": { "highway": "primary_link", "name": null }, "geometry": { "type": "LineString", "coordinates": [ [ 113.856285, 22.573489 ], [ 113.855577, 22.572754 ] ] } },
{ "type": "Feature", "properties": { "highway": "primary_link", "name": null }, "geometry": { "type": "LineString", "coordinates": [ [ 113.875959, 22.557437 ], [ 113.8759, 22.557581 ], [ 113.875886, 22.557658 ], [ 113.875893, 22.557803 ], [ 113.875936, 22.557932 ], [ 113.876052, 22.558097 ] ] } },
{ "type": "Feature", "properties": { "highway": "primary_link", "name": null }, "geometry": { "type": "LineString", "coordinates": [ [ 113.875058, 22.55725 ], [ 113.87532, 22.557356 ], [ 113.875465, 22.557388 ], [ 113.875659, 22.557375 ], [ 113.875838, 22.557303 ] ] } },
{ "type": "Feature", "properties": { "highway": "primary_link", "name": null }, "geometry": { "type": "LineString", "coordinates": [ [ 113.875952, 22.558226 ], [ 113.87579, 22.558146 ], [ 113.875611, 22.558113 ], [ 113.87552, 22.558113 ], [ 113.87534, 22.558148 ], [ 113.875135, 22.558258 ] ] } },
{ "type": "Feature", "properties": { "highway": "primary_link", "name": null }, "geometry": { "type": "LineString", "coordinates": [ [ 113.867917, 22.564496 ], [ 113.868167, 22.564576 ], [ 113.86827, 22.564592 ], [ 113.868388, 22.564596 ], [ 113.868583, 22.564549 ] ] } },
{ "type": "Feature", "properties": { "highway": "tertiary", "name": "玉林路" }, "geometry": { "type": "LineString", "coordinates": [ [ 113.872146, 22.563547 ], [ 113.869503, 22.566144 ] ] } },
{ "type": "Feature", "properties": { "highway": "primary_link", "name": null }, "geometry": { "type": "LineString", "coordinates": [ [ 113.874991, 22.558133 ], [ 113.875091, 22.557946 ], [ 113.875124, 22.557781 ], [ 113.875107, 22.557599 ], [ 113.875046, 22.557452 ], [ 113.874994, 22.557376 ] ] } },
{ "type": "Feature", "properties": { "highway": "tertiary", "name": null }, "geometry": { "type": "LineString", "coordinates": [ [ 113.868388, 22.564596 ], [ 113.87021, 22.562776 ], [ 113.870281, 22.562737 ], [ 113.870417, 22.562697 ] ] } },
{ "type": "Feature", "properties": { "highway": "secondary", "name": "玉律路" }, "geometry": { "type": "LineString", "coordinates": [ [ 113.878162, 22.569161 ], [ 113.878219, 22.56906 ], [ 113.878225, 22.568999 ], [ 113.878221, 22.568947 ], [ 113.878183, 22.56889 ], [ 113.87431, 22.565563 ], [ 113.873714, 22.565066 ], [ 113.871087, 22.562768 ], [ 113.870984, 22.562697 ], [ 113.870924, 22.56268 ], [ 113.870756, 22.562688 ], [ 113.870616, 22.562742 ] ] } },
{ "type": "Feature", "properties": { "highway": "tertiary", "name": "玉竹路" }, "geometry": { "type": "LineString", "coordinates": [ [ 113.877639, 22.564546 ], [ 113.875628, 22.566574 ], [ 113.87552, 22.566602 ], [ 113.873832, 22.568259 ], [ 113.873724, 22.568299 ] ] } },
{ "type": "Feature", "properties": { "highway": "secondary", "name": "罗田路" }, "geometry": { "type": "LineString", "coordinates": [ [ 113.876107, 22.56287 ], [ 113.880544, 22.566707 ], [ 113.880624, 22.566756 ], [ 113.880707, 22.566779 ], [ 113.880795, 22.566774 ], [ 113.880944, 22.566733 ] ] } },
{ "type": "Feature", "properties": { "highway": "primary_link", "name": null }, "geometry": { "type": "LineString", "coordinates": [ [ 113.868701, 22.564662 ], [ 113.868651, 22.564765 ], [ 113.868619, 22.564876 ], [ 113.868614, 22.56506 ], [ 113.868701, 22.565266 ], [ 113.868781, 22.56539 ] ] } },
{ "type": "Feature", "properties": { "highway": "secondary", "name": "金科路" }, "geometry": { "type": "LineString", "coordinates": [ [ 113.863536, 22.560423 ], [ 113.873942, 22.550063 ] ] } },
{ "type": "Feature", "properties": { "highway": "secondary", "name": "兴业路" }, "geometry": { "type": "LineString", "coordinates": [ [ 113.865693, 22.562698 ], [ 113.865045, 22.562757 ], [ 113.864669, 22.562772 ] ] } },
{ "type": "Feature", "properties": { "highway": "secondary", "name": "兴业路" }, "geometry": { "type": "LineString", "coordinates": [ [ 113.875829, 22.552667 ], [ 113.875844, 22.552771 ], [ 113.875808, 22.552851 ], [ 113.875734, 22.552933 ], [ 113.872585, 22.556078 ] ] } },
{ "type": "Feature", "properties": { "highway": "secondary", "name": "新安五路辅路" }, "geometry": { "type": "LineString", "coordinates": [ [ 113.883516, 22.578707 ], [ 113.88482, 22.579822 ], [ 113.885073, 22.58014 ] ] } },
{ "type": "Feature", "properties": { "highway": "secondary", "name": "新安五路辅路" }, "geometry": { "type": "LineString", "coordinates": [ [ 113.885029, 22.580191 ], [ 113.884632, 22.579952 ], [ 113.883379, 22.578916 ] ] } },
{ "type": "Feature", "properties": { "highway": "secondary", "name": "新安五路辅路" }, "geometry": { "type": "LineString", "coordinates": [ [ 113.882403, 22.577251 ], [ 113.882346, 22.577399 ], [ 113.882335, 22.577488 ], [ 113.882368, 22.577663 ], [ 113.882429, 22.577755 ], [ 113.883516, 22.578707 ] ] } },
{ "type": "Feature", "properties": { "highway": "trunk_link", "name": null }, "geometry": { "type": "LineString", "coordinates": [ [ 113.881469, 22.578128 ], [ 113.881011, 22.578383 ] ] } },
{ "type": "Feature", "properties": { "highway": "secondary", "name": "新安五路辅路" }, "geometry": { "type": "LineString", "coordinates": [ [ 113.883379, 22.578916 ], [ 113.882231, 22.577925 ], [ 113.882057, 22.577882 ], [ 113.881973, 22.577879 ], [ 113.881845, 22.577896 ], [ 113.88164, 22.577968 ] ] } },
{ "type": "Feature", "properties": { "highway": "trunk_link", "name": null }, "geometry": { "type": "LineString", "coordinates": [ [ 113.88291, 22.576605 ], [ 113.882618, 22.57705 ] ] } },
{ "type": "Feature", "properties": { "highway": "tertiary", "name": "玉丹街" }, "geometry": { "type": "LineString", "coordinates": [ [ 113.878041, 22.566982 ], [ 113.876531, 22.565676 ] ] } },
{ "type": "Feature", "properties": { "highway": "tertiary", "name": "明玉路" }, "geometry": { "type": "LineString", "coordinates": [ [ 113.879301, 22.565765 ], [ 113.877062, 22.567928 ] ] } },
{ "type": "Feature", "properties": { "highway": "tertiary", "name": "兴民路" }, "geometry": { "type": "LineString", "coordinates": [ [ 113.882128, 22.550015 ], [ 113.882655, 22.552198 ] ] } },
{ "type": "Feature", "properties": { "highway": "secondary", "name": "新湖路" }, "geometry": { "type": "LineString", "coordinates": [ [ 113.890185, 22.550003 ], [ 113.890432, 22.549744 ], [ 113.892174, 22.548109 ], [ 113.893046, 22.54726 ] ] } },
{ "type": "Feature", "properties": { "highway": "primary", "name": "新安西路" }, "geometry": { "type": "LineString", "coordinates": [ [ 113.886022, 22.546518 ], [ 113.886231, 22.546619 ], [ 113.888948, 22.548951 ] ] } },
{ "type": "Feature", "properties": { "highway": "secondary", "name": "兴华一路" }, "geometry": { "type": "LineString", "coordinates": [ [ 113.885509, 22.554659 ], [ 113.88582, 22.554941 ], [ 113.889449, 22.558057 ], [ 113.889594, 22.558149 ], [ 113.889674, 22.558166 ], [ 113.889901, 22.558152 ] ] } },
{ "type": "Feature", "properties": { "highway": "primary", "name": "广深海乐跨线桥" }, "geometry": { "type": "LineString", "coordinates": [ [ 113.899999, 22.5585 ], [ 113.902951, 22.561052 ] ] } },
{ "type": "Feature", "properties": { "highway": "primary_link", "name": "创业二路辅路" }, "geometry": { "type": "LineString", "coordinates": [ [ 113.894306, 22.567632 ], [ 113.895937, 22.56902 ], [ 113.896113, 22.569275 ] ] } },
{ "type": "Feature", "properties": { "highway": "primary_link", "name": "创业二路辅路" }, "geometry": { "type": "LineString", "coordinates": [ [ 113.896029, 22.569363 ], [ 113.895715, 22.569205 ], [ 113.894094, 22.567854 ] ] } },
{ "type": "Feature", "properties": { "highway": "secondary", "name": "留仙大道辅路" }, "geometry": { "type": "LineString", "coordinates": [ [ 113.926059, 22.584391 ], [ 113.926353, 22.584366 ], [ 113.926811, 22.584259 ], [ 113.928122, 22.58427 ], [ 113.928598, 22.58422 ], [ 113.929252, 22.584076 ], [ 113.930524, 22.583701 ], [ 113.930768, 22.583657 ], [ 113.931258, 22.58361 ] ] } },
{ "type": "Feature", "properties": { "highway": "secondary", "name": "留仙大道辅路" }, "geometry": { "type": "LineString", "coordinates": [ [ 113.932271, 22.583588 ], [ 113.932099, 22.583643 ], [ 113.931854, 22.583774 ], [ 113.931651, 22.583861 ], [ 113.92954, 22.584529 ], [ 113.929197, 22.58462 ], [ 113.928623, 22.58472 ], [ 113.928237, 22.584754 ], [ 113.927037, 22.584741 ] ] } },
{ "type": "Feature", "properties": { "highway": "secondary", "name": "公园路" }, "geometry": { "type": "LineString", "coordinates": [ [ 113.891844, 22.59442 ], [ 113.891806, 22.594183 ], [ 113.891842, 22.593391 ], [ 113.891864, 22.593279 ], [ 113.891974, 22.592914 ], [ 113.894208, 22.58411 ], [ 113.894305, 22.58388 ], [ 113.894405, 22.583748 ], [ 113.902896, 22.575257 ] ] } },
{ "type": "Feature", "properties": { "highway": "motorway_link", "name": null }, "geometry": { "type": "LineString", "coordinates": [ [ 113.898592, 22.595585 ], [ 113.898927, 22.595432 ], [ 113.899072, 22.595326 ], [ 113.899168, 22.595227 ], [ 113.899243, 22.595119 ], [ 113.899289, 22.594992 ], [ 113.899308, 22.59486 ], [ 113.899287, 22.594746 ], [ 113.899253, 22.594644 ], [ 113.899183, 22.594527 ], [ 113.899096, 22.594444 ], [ 113.898994, 22.59438 ], [ 113.898883, 22.594341 ], [ 113.898746, 22.594334 ], [ 113.898492, 22.594373 ], [ 113.898396, 22.594407 ], [ 113.898261, 22.594483 ], [ 113.897556, 22.595024 ], [ 113.89662, 22.595791 ], [ 113.89527, 22.596739 ] ] } },
{ "type": "Feature", "properties": { "highway": "motorway_link", "name": null }, "geometry": { "type": "LineString", "coordinates": [ [ 113.895904, 22.594466 ], [ 113.896186, 22.594631 ], [ 113.89689, 22.595178 ], [ 113.897193, 22.595396 ], [ 113.897385, 22.595505 ], [ 113.897795, 22.595635 ], [ 113.897994, 22.595655 ], [ 113.898198, 22.595654 ], [ 113.898405, 22.595629 ], [ 113.898592, 22.595585 ] ] } },
{ "type": "Feature", "properties": { "highway": "motorway_link", "name": null }, "geometry": { "type": "LineString", "coordinates": [ [ 113.898606, 22.595664 ], [ 113.898415, 22.595709 ], [ 113.898189, 22.595732 ], [ 113.897962, 22.595729 ], [ 113.897576, 22.595662 ], [ 113.897341, 22.595581 ], [ 113.897147, 22.595471 ], [ 113.89681, 22.595236 ], [ 113.89636, 22.594873 ], [ 113.896132, 22.594717 ], [ 113.895839, 22.594557 ] ] } },
{ "type": "Feature", "properties": { "highway": "motorway_link", "name": null }, "geometry": { "type": "LineString", "coordinates": [ [ 113.895839, 22.594557 ], [ 113.895201, 22.594209 ], [ 113.894869, 22.59406 ], [ 113.894435, 22.593905 ] ] } },
{ "type": "Feature", "properties": { "highway": "primary", "name": "前进路" }, "geometry": { "type": "LineString", "coordinates": [ [ 113.91061, 22.560496 ], [ 113.911294, 22.559765 ], [ 113.91154, 22.559571 ], [ 113.911828, 22.559404 ], [ 113.912141, 22.559275 ], [ 113.912634, 22.559167 ], [ 113.913154, 22.559133 ], [ 113.916722, 22.559172 ], [ 113.918426, 22.559208 ] ] } },
{ "type": "Feature", "properties": { "highway": "primary", "name": "前进路" }, "geometry": { "type": "LineString", "coordinates": [ [ 113.91919, 22.559323 ], [ 113.91311, 22.55925 ], [ 113.912779, 22.559266 ], [ 113.9126, 22.559291 ], [ 113.91237, 22.559337 ], [ 113.91217, 22.559399 ], [ 113.911943, 22.559495 ], [ 113.911566, 22.559711 ], [ 113.911316, 22.559924 ], [ 113.910742, 22.560558 ] ] } },
{ "type": "Feature", "properties": { "highway": "primary_link", "name": "南海大道辅路" }, "geometry": { "type": "LineString", "coordinates": [ [ 113.92901, 22.562382 ], [ 113.928897, 22.561896 ] ] } },
{ "type": "Feature", "properties": { "highway": "secondary", "name": "南海大道" }, "geometry": { "type": "LineString", "coordinates": [ [ 113.928897, 22.559495 ], [ 113.928981, 22.559022 ] ] } },
{ "type": "Feature", "properties": { "highway": "secondary", "name": "南海大道辅路" }, "geometry": { "type": "LineString", "coordinates": [ [ 113.928897, 22.561896 ], [ 113.928925, 22.560371 ], [ 113.928897, 22.559495 ] ] } },
{ "type": "Feature", "properties": { "highway": "primary", "name": "同乐路" }, "geometry": { "type": "LineString", "coordinates": [ [ 113.928913, 22.567516 ], [ 113.928922, 22.566432 ] ] } },
{ "type": "Feature", "properties": { "highway": "primary", "name": "同乐路" }, "geometry": { "type": "LineString", "coordinates": [ [ 113.928896, 22.568396 ], [ 113.928913, 22.567516 ] ] } },
{ "type": "Feature", "properties": { "highway": "primary", "name": "同乐路" }, "geometry": { "type": "LineString", "coordinates": [ [ 113.929069, 22.567522 ], [ 113.929068, 22.568401 ] ] } },
{ "type": "Feature", "properties": { "highway": "primary_link", "name": "南海大道" }, "geometry": { "type": "LineString", "coordinates": [ [ 113.928842, 22.563024 ], [ 113.928998, 22.56277 ] ] } },
{ "type": "Feature", "properties": { "highway": "motorway_link", "name": null }, "geometry": { "type": "LineString", "coordinates": [ [ 113.929452, 22.564156 ], [ 113.929653, 22.564167 ], [ 113.930489, 22.564038 ], [ 113.930725, 22.564014 ], [ 113.930887, 22.564014 ], [ 113.931053, 22.564054 ], [ 113.931223, 22.564129 ], [ 113.931811, 22.564427 ] ] } },
{ "type": "Feature", "properties": { "highway": "motorway_link", "name": null }, "geometry": { "type": "LineString", "coordinates": [ [ 113.92929, 22.567049 ], [ 113.92922, 22.567114 ], [ 113.929123, 22.567284 ], [ 113.929069, 22.567522 ] ] } },
{ "type": "Feature", "properties": { "highway": "motorway_link", "name": null }, "geometry": { "type": "LineString", "coordinates": [ [ 113.9289, 22.564625 ], [ 113.928854, 22.564552 ], [ 113.9288, 22.564503 ], [ 113.928608, 22.564405 ] ] } },
{ "type": "Feature", "properties": { "highway": "motorway_link", "name": null }, "geometry": { "type": "LineString", "coordinates": [ [ 113.92853, 22.567082 ], [ 113.92843, 22.567084 ], [ 113.927562, 22.567209 ], [ 113.927339, 22.567216 ], [ 113.927186, 22.567159 ], [ 113.927113, 22.567103 ], [ 113.926957, 22.566938 ], [ 113.926879, 22.566886 ], [ 113.926689, 22.566812 ], [ 113.926585, 22.5668 ], [ 113.926494, 22.566807 ], [ 113.926056, 22.566981 ], [ 113.925544, 22.567113 ] ] } },
{ "type": "Feature", "properties": { "highway": "motorway_link", "name": null }, "geometry": { "type": "LineString", "coordinates": [ [ 113.928798, 22.566795 ], [ 113.928874, 22.566637 ], [ 113.928922, 22.566432 ] ] } },
{ "type": "Feature", "properties": { "highway": "motorway_link", "name": null }, "geometry": { "type": "LineString", "coordinates": [ [ 113.928754, 22.567176 ], [ 113.928677, 22.567132 ], [ 113.92853, 22.567082 ] ] } },
{ "type": "Feature", "properties": { "highway": "motorway_link", "name": null }, "geometry": { "type": "LineString", "coordinates": [ [ 113.929411, 22.566815 ], [ 113.929769, 22.566804 ], [ 113.930504, 22.566688 ], [ 113.93069, 22.566638 ], [ 113.930847, 22.566531 ], [ 113.930934, 22.566384 ], [ 113.930953, 22.566264 ], [ 113.930917, 22.566042 ] ] } },
{ "type": "Feature", "properties": { "highway": "motorway_link", "name": null }, "geometry": { "type": "LineString", "coordinates": [ [ 113.929248, 22.566733 ], [ 113.929298, 22.566773 ], [ 113.929411, 22.566815 ] ] } },
{ "type": "Feature", "properties": { "highway": "motorway_link", "name": null }, "geometry": { "type": "LineString", "coordinates": [ [ 113.929445, 22.566954 ], [ 113.92929, 22.567049 ] ] } },
{ "type": "Feature", "properties": { "highway": "motorway_link", "name": null }, "geometry": { "type": "LineString", "coordinates": [ [ 113.928767, 22.564199 ], [ 113.92885, 22.564115 ], [ 113.92888, 22.56406 ], [ 113.928978, 22.563794 ] ] } },
{ "type": "Feature", "properties": { "highway": "motorway_link", "name": null }, "geometry": { "type": "LineString", "coordinates": [ [ 113.929332, 22.56409 ], [ 113.929452, 22.564156 ] ] } },
{ "type": "Feature", "properties": { "highway": "motorway_link", "name": null }, "geometry": { "type": "LineString", "coordinates": [ [ 113.928611, 22.566948 ], [ 113.928741, 22.566858 ], [ 113.928798, 22.566795 ] ] } },
{ "type": "Feature", "properties": { "highway": "motorway_link", "name": null }, "geometry": { "type": "LineString", "coordinates": [ [ 113.928608, 22.564405 ], [ 113.928534, 22.564393 ], [ 113.928436, 22.5644 ], [ 113.927534, 22.564551 ], [ 113.927389, 22.564588 ], [ 113.927289, 22.564637 ], [ 113.927212, 22.564702 ], [ 113.927136, 22.564853 ], [ 113.927117, 22.564947 ], [ 113.927122, 22.565041 ], [ 113.927146, 22.565118 ], [ 113.927209, 22.565223 ], [ 113.927289, 22.565316 ], [ 113.927372, 22.56538 ], [ 113.927534, 22.565448 ], [ 113.927751, 22.565466 ], [ 113.929519, 22.565198 ], [ 113.930782, 22.564834 ], [ 113.930942, 22.564755 ], [ 113.93105, 22.564652 ] ] } },
{ "type": "Feature", "properties": { "highway": "motorway_link", "name": null }, "geometry": { "type": "LineString", "coordinates": [ [ 113.928616, 22.56428 ], [ 113.928767, 22.564199 ] ] } },
{ "type": "Feature", "properties": { "highway": "tertiary", "name": "南农路" }, "geometry": { "type": "LineString", "coordinates": [ [ 113.916697, 22.559286 ], [ 113.917316, 22.556475 ], [ 113.917324, 22.556356 ], [ 113.917285, 22.556254 ], [ 113.917195, 22.556177 ], [ 113.91656, 22.556045 ], [ 113.915861, 22.555856 ], [ 113.915263, 22.555652 ], [ 113.914662, 22.555407 ], [ 113.914231, 22.55519 ], [ 113.91374, 22.554915 ], [ 113.913078, 22.554482 ], [ 113.913212, 22.554321 ] ] } },
{ "type": "Feature", "properties": { "highway": "primary_link", "name": null }, "geometry": { "type": "LineString", "coordinates": [ [ 113.918321, 22.556487 ], [ 113.918253, 22.556294 ], [ 113.918194, 22.5562 ], [ 113.918125, 22.556134 ], [ 113.917872, 22.556038 ] ] } },
{ "type": "Feature", "properties": { "highway": "primary", "name": null }, "geometry": { "type": "LineString", "coordinates": [ [ 113.918536, 22.554882 ], [ 113.918584, 22.555041 ], [ 113.918653, 22.555161 ], [ 113.918693, 22.555199 ], [ 113.918799, 22.555263 ], [ 113.918966, 22.555288 ] ] } },
{ "type": "Feature", "properties": { "highway": "secondary", "name": "中山园路" }, "geometry": { "type": "LineString", "coordinates": [ [ 113.928482, 22.571607 ], [ 113.927969, 22.57162 ], [ 113.924367, 22.571601 ] ] } },
{ "type": "Feature", "properties": { "highway": "motorway_link", "name": "留仙互通S匝道" }, "geometry": { "type": "LineString", "coordinates": [ [ 113.925565, 22.576765 ], [ 113.925487, 22.577134 ], [ 113.92539, 22.577761 ] ] } },
{ "type": "Feature", "properties": { "highway": "motorway_link", "name": null }, "geometry": { "type": "LineString", "coordinates": [ [ 113.924943, 22.583576 ], [ 113.924881, 22.583159 ], [ 113.924813, 22.582352 ], [ 113.924803, 22.581349 ], [ 113.924862, 22.578342 ], [ 113.924909, 22.577796 ], [ 113.92495, 22.577528 ], [ 113.925025, 22.577181 ], [ 113.925141, 22.576812 ], [ 113.925248, 22.576554 ] ] } },
{ "type": "Feature", "properties": { "highway": "secondary", "name": "海秀路" }, "geometry": { "type": "LineString", "coordinates": [ [ 113.869575, 22.550453 ], [ 113.870077, 22.550754 ], [ 113.870574, 22.551017 ], [ 113.871339, 22.551378 ], [ 113.872075, 22.551678 ], [ 113.873003, 22.552021 ], [ 113.874047, 22.552317 ], [ 113.874855, 22.552506 ], [ 113.875829, 22.552667 ], [ 113.876564, 22.552753 ], [ 113.876784, 22.552758 ] ] } },
{ "type": "Feature", "properties": { "highway": "secondary", "name": "宝兴路" }, "geometry": { "type": "LineString", "coordinates": [ [ 113.87672, 22.548378 ], [ 113.876786, 22.549542 ], [ 113.877023, 22.556205 ] ] } },
{ "type": "Feature", "properties": { "highway": "secondary", "name": "海天路" }, "geometry": { "type": "LineString", "coordinates": [ [ 113.871211, 22.548807 ], [ 113.871449, 22.548943 ], [ 113.872516, 22.549437 ], [ 113.873563, 22.549861 ], [ 113.874101, 22.550035 ], [ 113.875331, 22.55032 ], [ 113.875951, 22.550434 ], [ 113.876287, 22.550487 ], [ 113.876819, 22.550542 ], [ 113.877422, 22.55058 ] ] } },
{ "type": "Feature", "properties": { "highway": "secondary", "name": "翻身路" }, "geometry": { "type": "LineString", "coordinates": [ [ 113.87846, 22.574578 ], [ 113.878505, 22.574448 ], [ 113.888444, 22.564797 ], [ 113.889429, 22.563813 ], [ 113.892762, 22.560627 ], [ 113.89527, 22.558711 ], [ 113.89677, 22.557626 ], [ 113.898105, 22.556583 ] ] } },
{ "type": "Feature", "properties": { "highway": "tertiary", "name": "河东工业路" }, "geometry": { "type": "LineString", "coordinates": [ [ 113.88035, 22.572652 ], [ 113.883694, 22.575505 ] ] } },
{ "type": "Feature", "properties": { "highway": "secondary", "name": "翻身路" }, "geometry": { "type": "LineString", "coordinates": [ [ 113.898105, 22.556583 ], [ 113.898567, 22.556234 ] ] } },
{ "type": "Feature", "properties": { "highway": "secondary", "name": "翻身路" }, "geometry": { "type": "LineString", "coordinates": [ [ 113.898567, 22.556234 ], [ 113.901891, 22.553695 ] ] } },
{ "type": "Feature", "properties": { "highway": "primary", "name": "新安三路" }, "geometry": { "type": "LineString", "coordinates": [ [ 113.905806, 22.577754 ], [ 113.902517, 22.581048 ] ] } },
{ "type": "Feature", "properties": { "highway": "primary", "name": "新安三路" }, "geometry": { "type": "LineString", "coordinates": [ [ 113.898789, 22.584636 ], [ 113.899017, 22.584432 ], [ 113.902453, 22.580993 ] ] } },
{ "type": "Feature", "properties": { "highway": "tertiary", "name": "留仙二路" }, "geometry": { "type": "LineString", "coordinates": [ [ 113.91727, 22.581674 ], [ 113.918748, 22.580097 ], [ 113.919675, 22.579171 ], [ 113.921518, 22.577393 ], [ 113.921606, 22.577351 ] ] } },
{ "type": "Feature", "properties": { "highway": "primary_link", "name": null }, "geometry": { "type": "LineString", "coordinates": [ [ 113.866015, 22.582534 ], [ 113.865977, 22.582606 ], [ 113.865944, 22.582748 ], [ 113.865994, 22.582946 ], [ 113.866069, 22.583091 ] ] } },
{ "type": "Feature", "properties": { "highway": "tertiary", "name": "西乡大道辅路" }, "geometry": { "type": "LineString", "coordinates": [ [ 113.868913, 22.5854 ], [ 113.868329, 22.585138 ], [ 113.866684, 22.583923 ], [ 113.866589, 22.583834 ], [ 113.866364, 22.583561 ] ] } },
{ "type": "Feature", "properties": { "highway": "tertiary", "name": "西乡大道辅路" }, "geometry": { "type": "LineString", "coordinates": [ [ 113.868511, 22.584742 ], [ 113.871373, 22.586913 ], [ 113.87176, 22.587186 ], [ 113.871824, 22.587216 ], [ 113.871953, 22.58724 ], [ 113.872081, 22.587213 ], [ 113.872154, 22.587171 ], [ 113.872584, 22.58679 ] ] } },
{ "type": "Feature", "properties": { "highway": "primary_link", "name": null }, "geometry": { "type": "LineString", "coordinates": [ [ 113.865201, 22.583135 ], [ 113.865237, 22.583063 ], [ 113.865257, 22.582906 ], [ 113.865247, 22.58281 ], [ 113.865166, 22.582607 ] ] } },
{ "type": "Feature", "properties": { "highway": "tertiary", "name": "铁仔路" }, "geometry": { "type": "LineString", "coordinates": [ [ 113.867409, 22.584459 ], [ 113.8673, 22.584593 ], [ 113.86664, 22.585167 ], [ 113.866479, 22.585281 ], [ 113.86313, 22.586787 ], [ 113.860716, 22.587909 ] ] } },
{ "type": "Feature", "properties": { "highway": "primary_link", "name": null }, "geometry": { "type": "LineString", "coordinates": [ [ 113.865944, 22.583265 ], [ 113.86571, 22.583173 ], [ 113.865485, 22.583121 ], [ 113.865328, 22.583142 ], [ 113.865249, 22.583171 ] ] } },
{ "type": "Feature", "properties": { "highway": "primary_link", "name": null }, "geometry": { "type": "LineString", "coordinates": [ [ 113.865321, 22.582421 ], [ 113.865464, 22.582499 ], [ 113.865665, 22.582549 ], [ 113.865773, 22.582547 ], [ 113.865967, 22.582499 ] ] } },
{ "type": "Feature", "properties": { "highway": "tertiary", "name": "西乡大道辅路" }, "geometry": { "type": "LineString", "coordinates": [ [ 113.866069, 22.583091 ], [ 113.866472, 22.583275 ], [ 113.867167, 22.583746 ], [ 113.868511, 22.584742 ] ] } },
{ "type": "Feature", "properties": { "highway": "tertiary", "name": "宝田三路" }, "geometry": { "type": "LineString", "coordinates": [ [ 113.864065, 22.603608 ], [ 113.86268, 22.602422 ] ] } },
{ "type": "Feature", "properties": { "highway": "tertiary", "name": "宝田三路" }, "geometry": { "type": "LineString", "coordinates": [ [ 113.864199, 22.603725 ], [ 113.864065, 22.603608 ] ] } },
{ "type": "Feature", "properties": { "highway": "secondary", "name": "新安二路辅路" }, "geometry": { "type": "LineString", "coordinates": [ [ 113.903259, 22.561434 ], [ 113.903004, 22.561293 ], [ 113.902832, 22.561169 ], [ 113.901363, 22.559969 ], [ 113.901309, 22.559942 ], [ 113.901184, 22.559944 ], [ 113.900887, 22.560073 ] ] } },
{ "type": "Feature", "properties": { "highway": "secondary", "name": "新安二路辅路" }, "geometry": { "type": "LineString", "coordinates": [ [ 113.902104, 22.559117 ], [ 113.901639, 22.559632 ], [ 113.901618, 22.559687 ], [ 113.901629, 22.559806 ], [ 113.901664, 22.559858 ], [ 113.901837, 22.560017 ], [ 113.903006, 22.560992 ], [ 113.903186, 22.561186 ], [ 113.903319, 22.561368 ] ] } },
{ "type": "Feature", "properties": { "highway": "tertiary", "name": "宝民二路" }, "geometry": { "type": "LineString", "coordinates": [ [ 113.883379, 22.578916 ], [ 113.882585, 22.579707 ], [ 113.882002, 22.580344 ], [ 113.881617, 22.58069 ], [ 113.879153, 22.582631 ], [ 113.8759, 22.585922 ] ] } },
{ "type": "Feature", "properties": { "highway": "primary_link", "name": null }, "geometry": { "type": "LineString", "coordinates": [ [ 113.919457, 22.543053 ], [ 113.919785, 22.542957 ], [ 113.920146, 22.542912 ], [ 113.92336, 22.54272 ], [ 113.923574, 22.542726 ], [ 113.923938, 22.542805 ] ] } },
{ "type": "Feature", "properties": { "highway": "primary_link", "name": null }, "geometry": { "type": "LineString", "coordinates": [ [ 113.920702, 22.542877 ], [ 113.921172, 22.542982 ] ] } },
{ "type": "Feature", "properties": { "highway": "primary", "name": "留仙大道" }, "geometry": { "type": "LineString", "coordinates": [ [ 113.924854, 22.584552 ], [ 113.924213, 22.584582 ], [ 113.924061, 22.584564 ], [ 113.923362, 22.584616 ], [ 113.922757, 22.584735 ], [ 113.92224, 22.584902 ] ] } },
{ "type": "Feature", "properties": { "highway": "primary", "name": "留仙大道" }, "geometry": { "type": "LineString", "coordinates": [ [ 113.926059, 22.584391 ], [ 113.927928, 22.584415 ], [ 113.928623, 22.584352 ], [ 113.929304, 22.584205 ], [ 113.931258, 22.58361 ] ] } },
{ "type": "Feature", "properties": { "highway": "motorway_link", "name": null }, "geometry": { "type": "LineString", "coordinates": [ [ 113.857892, 22.560312 ], [ 113.856373, 22.561775 ], [ 113.854182, 22.563609 ] ] } },
{ "type": "Feature", "properties": { "highway": "secondary", "name": null }, "geometry": { "type": "LineString", "coordinates": [ [ 113.880109, 22.575828 ], [ 113.880656, 22.57619 ], [ 113.881526, 22.57692 ], [ 113.881609, 22.576965 ], [ 113.881704, 22.576999 ], [ 113.881796, 22.577007 ], [ 113.881894, 22.576994 ], [ 113.88204, 22.57695 ], [ 113.882226, 22.576843 ] ] } },
{ "type": "Feature", "properties": { "highway": "motorway", "name": "广深沿江高速" }, "geometry": { "type": "LineString", "coordinates": [ [ 113.860559, 22.557664 ], [ 113.862476, 22.555773 ], [ 113.87099, 22.547269 ], [ 113.871691, 22.546517 ], [ 113.872785, 22.545236 ], [ 113.873578, 22.544228 ], [ 113.874169, 22.543407 ], [ 113.875173, 22.541866 ], [ 113.875495, 22.541316 ], [ 113.876223, 22.539975 ], [ 113.876676, 22.539078 ], [ 113.876942, 22.538497 ], [ 113.877176, 22.537933 ], [ 113.877456, 22.537131 ] ] } },
{ "type": "Feature", "properties": { "highway": "primary", "name": "新安一路" }, "geometry": { "type": "LineString", "coordinates": [ [ 113.894696, 22.553912 ], [ 113.899999, 22.5585 ] ] } },
{ "type": "Feature", "properties": { "highway": "primary", "name": "新安六路" }, "geometry": { "type": "LineString", "coordinates": [ [ 113.875388, 22.571945 ], [ 113.874826, 22.571572 ], [ 113.873859, 22.570754 ], [ 113.870836, 22.568128 ], [ 113.870315, 22.567584 ] ] } },
{ "type": "Feature", "properties": { "highway": "primary", "name": "新安西路" }, "geometry": { "type": "LineString", "coordinates": [ [ 113.89459, 22.55402 ], [ 113.889806, 22.549892 ] ] } },
{ "type": "Feature", "properties": { "highway": "motorway", "name": "京港澳高速" }, "geometry": { "type": "LineString", "coordinates": [ [ 113.914816, 22.576662 ], [ 113.911549, 22.580231 ] ] } },
{ "type": "Feature", "properties": { "highway": "primary_link", "name": null }, "geometry": { "type": "LineString", "coordinates": [ [ 113.904885, 22.534576 ], [ 113.904972, 22.534818 ], [ 113.905032, 22.534921 ], [ 113.905164, 22.53503 ], [ 113.905311, 22.535089 ] ] } },
{ "type": "Feature", "properties": { "highway": "primary_link", "name": null }, "geometry": { "type": "LineString", "coordinates": [ [ 113.905673, 22.535223 ], [ 113.905283, 22.535291 ], [ 113.905121, 22.535346 ], [ 113.905006, 22.535452 ], [ 113.90486, 22.535744 ] ] } },
{ "type": "Feature", "properties": { "highway": "trunk", "name": "北环大道" }, "geometry": { "type": "LineString", "coordinates": [ [ 113.904766, 22.541363 ], [ 113.904712, 22.544868 ], [ 113.904661, 22.54618 ], [ 113.904681, 22.546629 ], [ 113.90474, 22.547161 ], [ 113.904802, 22.547413 ], [ 113.904952, 22.547877 ], [ 113.905082, 22.548206 ], [ 113.905342, 22.548732 ], [ 113.905555, 22.549065 ], [ 113.90571, 22.549266 ], [ 113.906166, 22.549786 ] ] } },
{ "type": "Feature", "properties": { "highway": "tertiary", "name": "银田路" }, "geometry": { "type": "LineString", "coordinates": [ [ 113.848758, 22.579363 ], [ 113.855297, 22.586134 ], [ 113.855443, 22.586217 ], [ 113.855615, 22.586256 ], [ 113.85582, 22.58625 ] ] } },
{ "type": "Feature", "properties": { "highway": "motorway_link", "name": null }, "geometry": { "type": "LineString", "coordinates": [ [ 113.924851, 22.566966 ], [ 113.925661, 22.566562 ], [ 113.926112, 22.566362 ], [ 113.926564, 22.56619 ], [ 113.927842, 22.565738 ], [ 113.92827, 22.565605 ], [ 113.929035, 22.565418 ], [ 113.929768, 22.56529 ], [ 113.931029, 22.565159 ], [ 113.932416, 22.565086 ], [ 113.933322, 22.565105 ] ] } },
{ "type": "Feature", "properties": { "highway": "motorway_link", "name": null }, "geometry": { "type": "LineString", "coordinates": [ [ 113.929519, 22.565198 ], [ 113.930315, 22.565091 ], [ 113.931216, 22.564939 ], [ 113.93164, 22.564891 ] ] } },
{ "type": "Feature", "properties": { "highway": "primary_link", "name": null }, "geometry": { "type": "LineString", "coordinates": [ [ 113.925231, 22.578858 ], [ 113.925352, 22.579029 ], [ 113.925445, 22.579108 ], [ 113.92557, 22.579177 ], [ 113.925765, 22.579225 ] ] } },
{ "type": "Feature", "properties": { "highway": "primary", "name": "同乐路" }, "geometry": { "type": "LineString", "coordinates": [ [ 113.924944, 22.579217 ], [ 113.924965, 22.57836 ], [ 113.925031, 22.577636 ], [ 113.925092, 22.577292 ], [ 113.925167, 22.577001 ], [ 113.925293, 22.576592 ], [ 113.925433, 22.576216 ], [ 113.925613, 22.575888 ], [ 113.925849, 22.575516 ], [ 113.926254, 22.574963 ], [ 113.926536, 22.574635 ], [ 113.927626, 22.573445 ] ] } },
{ "type": "Feature", "properties": { "highway": "primary_link", "name": null }, "geometry": { "type": "LineString", "coordinates": [ [ 113.924415, 22.579224 ], [ 113.924651, 22.57916 ], [ 113.924757, 22.579101 ], [ 113.924882, 22.578987 ], [ 113.924923, 22.578925 ], [ 113.924955, 22.57883 ] ] } },
{ "type": "Feature", "properties": { "highway": "primary_link", "name": null }, "geometry": { "type": "LineString", "coordinates": [ [ 113.924935, 22.579768 ], [ 113.924877, 22.579602 ], [ 113.924801, 22.579516 ], [ 113.924735, 22.579457 ], [ 113.924507, 22.579319 ] ] } },
{ "type": "Feature", "properties": { "highway": "primary_link", "name": null }, "geometry": { "type": "LineString", "coordinates": [ [ 113.92577, 22.579339 ], [ 113.925528, 22.579387 ], [ 113.925384, 22.57948 ], [ 113.925285, 22.579622 ], [ 113.925217, 22.579791 ] ] } },
{ "type": "Feature", "properties": { "highway": "motorway", "name": "南光高速" }, "geometry": { "type": "LineString", "coordinates": [ [ 113.929156, 22.57198 ], [ 113.929267, 22.57183 ], [ 113.929473, 22.571479 ], [ 113.929968, 22.570354 ], [ 113.930731, 22.5688 ], [ 113.931211, 22.567726 ], [ 113.931356, 22.567471 ] ] } },
{ "type": "Feature", "properties": { "highway": "motorway", "name": "南光高速" }, "geometry": { "type": "LineString", "coordinates": [ [ 113.92838, 22.573038 ], [ 113.927391, 22.574077 ], [ 113.926452, 22.575125 ], [ 113.92603, 22.575667 ], [ 113.925834, 22.57598 ], [ 113.925652, 22.576314 ], [ 113.925515, 22.576653 ], [ 113.925399, 22.577005 ], [ 113.92531, 22.57733 ], [ 113.925246, 22.577675 ], [ 113.925208, 22.578009 ], [ 113.925188, 22.578397 ], [ 113.925097, 22.583898 ] ] } },
{ "type": "Feature", "properties": { "highway": "trunk_link", "name": null }, "geometry": { "type": "LineString", "coordinates": [ [ 113.892016, 22.566647 ], [ 113.891993, 22.566437 ], [ 113.89194, 22.566214 ], [ 113.891807, 22.565884 ], [ 113.891663, 22.565679 ], [ 113.891336, 22.565405 ] ] } },
{ "type": "Feature", "properties": { "highway": "trunk_link", "name": null }, "geometry": { "type": "LineString", "coordinates": [ [ 113.892272, 22.567208 ], [ 113.892178, 22.567051 ], [ 113.892145, 22.566967 ], [ 113.892117, 22.566791 ], [ 113.892121, 22.566702 ], [ 113.892168, 22.566529 ], [ 113.892209, 22.566448 ], [ 113.892323, 22.566304 ] ] } },
{ "type": "Feature", "properties": { "highway": "trunk_link", "name": null }, "geometry": { "type": "LineString", "coordinates": [ [ 113.892323, 22.566304 ], [ 113.892391, 22.56625 ], [ 113.892599, 22.566149 ], [ 113.893127, 22.56598 ], [ 113.893342, 22.565886 ], [ 113.893577, 22.565722 ], [ 113.893742, 22.565569 ] ] } },
{ "type": "Feature", "properties": { "highway": "trunk", "name": "南坪快速" }, "geometry": { "type": "LineString", "coordinates": [ [ 113.954119, 22.564324 ], [ 113.94972, 22.565006 ], [ 113.948058, 22.565225 ], [ 113.946577, 22.565388 ], [ 113.944, 22.5656 ], [ 113.942401, 22.565713 ], [ 113.936491, 22.565931 ], [ 113.935339, 22.565999 ], [ 113.9349, 22.566045 ], [ 113.93408, 22.566187 ], [ 113.93321, 22.566412 ], [ 113.931243, 22.567076 ] ] } },
{ "type": "Feature", "properties": { "highway": "motorway", "name": "京港澳高速" }, "geometry": { "type": "LineString", "coordinates": [ [ 113.910133, 22.581745 ], [ 113.902208, 22.590202 ] ] } },
{ "type": "Feature", "properties": { "highway": "motorway", "name": null }, "geometry": { "type": "LineString", "coordinates": [ [ 113.910498, 22.581356 ], [ 113.910133, 22.581745 ] ] } },
{ "type": "Feature", "properties": { "highway": "motorway", "name": null }, "geometry": { "type": "LineString", "coordinates": [ [ 113.910002, 22.581662 ], [ 113.910375, 22.581268 ] ] } },
{ "type": "Feature", "properties": { "highway": "motorway", "name": "京港澳高速" }, "geometry": { "type": "LineString", "coordinates": [ [ 113.910375, 22.581268 ], [ 113.911286, 22.580289 ] ] } },
{ "type": "Feature", "properties": { "highway": "motorway", "name": "京港澳高速" }, "geometry": { "type": "LineString", "coordinates": [ [ 113.918175, 22.573972 ], [ 113.918167, 22.574157 ], [ 113.918136, 22.574244 ], [ 113.918085, 22.574325 ], [ 113.917953, 22.574461 ], [ 113.917763, 22.574599 ], [ 113.915911, 22.575682 ], [ 113.915711, 22.575839 ], [ 113.914816, 22.576662 ] ] } },
{ "type": "Feature", "properties": { "highway": "motorway_link", "name": null }, "geometry": { "type": "LineString", "coordinates": [ [ 113.93164, 22.564891 ], [ 113.931879, 22.564888 ], [ 113.93213, 22.564909 ], [ 113.932365, 22.564943 ], [ 113.932578, 22.564994 ], [ 113.932805, 22.565058 ], [ 113.933591, 22.565355 ], [ 113.934191, 22.565515 ], [ 113.934483, 22.565558 ], [ 113.935204, 22.565614 ] ] } },
{ "type": "Feature", "properties": { "highway": "motorway_link", "name": null }, "geometry": { "type": "LineString", "coordinates": [ [ 113.931084, 22.564406 ], [ 113.93105, 22.564316 ], [ 113.930995, 22.564232 ], [ 113.930932, 22.56418 ], [ 113.93078, 22.564109 ], [ 113.930676, 22.564096 ], [ 113.930544, 22.564104 ], [ 113.929625, 22.564239 ], [ 113.92942, 22.564306 ], [ 113.929352, 22.564348 ], [ 113.929286, 22.564421 ] ] } },
{ "type": "Feature", "properties": { "highway": "motorway_link", "name": null }, "geometry": { "type": "LineString", "coordinates": [ [ 113.929286, 22.564421 ], [ 113.929198, 22.564564 ], [ 113.929118, 22.564789 ] ] } },
{ "type": "Feature", "properties": { "highway": "motorway_link", "name": "留仙互通S匝道" }, "geometry": { "type": "LineString", "coordinates": [ [ 113.92539, 22.577761 ], [ 113.925345, 22.578193 ], [ 113.925324, 22.579825 ], [ 113.925275, 22.581505 ], [ 113.925197, 22.582996 ], [ 113.925097, 22.583898 ] ] } },
{ "type": "Feature", "properties": { "highway": "motorway_link", "name": null }, "geometry": { "type": "LineString", "coordinates": [ [ 113.925248, 22.576554 ], [ 113.925433, 22.576216 ] ] } },
{ "type": "Feature", "properties": { "highway": "primary_link", "name": null }, "geometry": { "type": "LineString", "coordinates": [ [ 113.924782, 22.543108 ], [ 113.923485, 22.543151 ] ] } },
{ "type": "Feature", "properties": { "highway": "primary_link", "name": null }, "geometry": { "type": "LineString", "coordinates": [ [ 113.925758, 22.542075 ], [ 113.925891, 22.54186 ], [ 113.926031, 22.541705 ], [ 113.926222, 22.541606 ], [ 113.926438, 22.541575 ], [ 113.926652, 22.541616 ], [ 113.926837, 22.541725 ], [ 113.92691, 22.5418 ], [ 113.926965, 22.54189 ], [ 113.92707, 22.542146 ] ] } },
{ "type": "Feature", "properties": { "highway": "primary_link", "name": null }, "geometry": { "type": "LineString", "coordinates": [ [ 113.926766, 22.545002 ], [ 113.925439, 22.543398 ], [ 113.925343, 22.543303 ], [ 113.925235, 22.543227 ], [ 113.924983, 22.543121 ] ] } },
{ "type": "Feature", "properties": { "highway": "primary_link", "name": null }, "geometry": { "type": "LineString", "coordinates": [ [ 113.925961, 22.543782 ], [ 113.926103, 22.543896 ], [ 113.926296, 22.543963 ], [ 113.926519, 22.543944 ], [ 113.926627, 22.5439 ], [ 113.926729, 22.543835 ], [ 113.926856, 22.54367 ], [ 113.926891, 22.543534 ], [ 113.926924, 22.543257 ] ] } },
{ "type": "Feature", "properties": { "highway": "trunk", "name": "南坪快速" }, "geometry": { "type": "LineString", "coordinates": [ [ 113.897706, 22.547544 ], [ 113.898502, 22.548122 ], [ 113.89936, 22.54863 ], [ 113.910324, 22.554296 ] ] } },
{ "type": "Feature", "properties": { "highway": "motorway", "name": "南光高速" }, "geometry": { "type": "LineString", "coordinates": [ [ 113.931356, 22.567471 ], [ 113.931483, 22.567282 ], [ 113.931771, 22.566937 ], [ 113.931993, 22.56672 ], [ 113.932274, 22.566481 ], [ 113.932559, 22.56628 ], [ 113.932843, 22.566119 ], [ 113.933157, 22.565972 ], [ 113.933463, 22.565855 ] ] } },
{ "type": "Feature", "properties": { "highway": "motorway_link", "name": null }, "geometry": { "type": "LineString", "coordinates": [ [ 113.854182, 22.563609 ], [ 113.853867, 22.563808 ], [ 113.853688, 22.563884 ], [ 113.853564, 22.563918 ], [ 113.853302, 22.563947 ], [ 113.853168, 22.563945 ], [ 113.852958, 22.563907 ], [ 113.85283, 22.563862 ], [ 113.85258, 22.563722 ], [ 113.85248, 22.563642 ], [ 113.852387, 22.563543 ], [ 113.852256, 22.563344 ], [ 113.852214, 22.563237 ], [ 113.852172, 22.563046 ], [ 113.852175, 22.562706 ] ] } },
{ "type": "Feature", "properties": { "highway": "motorway_link", "name": null }, "geometry": { "type": "LineString", "coordinates": [ [ 113.927803, 22.607029 ], [ 113.927171, 22.606543 ] ] } },
{ "type": "Feature", "properties": { "highway": "motorway_link", "name": null }, "geometry": { "type": "LineString", "coordinates": [ [ 113.927202, 22.606475 ], [ 113.927794, 22.606932 ] ] } },
{ "type": "Feature", "properties": { "highway": "motorway_link", "name": null }, "geometry": { "type": "LineString", "coordinates": [ [ 113.927794, 22.606932 ], [ 113.928032, 22.607069 ], [ 113.928292, 22.607166 ], [ 113.928566, 22.607219 ], [ 113.928846, 22.607227 ] ] } },
{ "type": "Feature", "properties": { "highway": "motorway_link", "name": null }, "geometry": { "type": "LineString", "coordinates": [ [ 113.929143, 22.607333 ], [ 113.928568, 22.607287 ], [ 113.928299, 22.607241 ], [ 113.928042, 22.607154 ], [ 113.927803, 22.607029 ] ] } },
{ "type": "Feature", "properties": { "highway": "trunk_link", "name": null }, "geometry": { "type": "LineString", "coordinates": [ [ 113.892535, 22.567577 ], [ 113.892324, 22.567702 ], [ 113.89175, 22.568306 ], [ 113.891211, 22.568799 ] ] } },
{ "type": "Feature", "properties": { "highway": "trunk_link", "name": null }, "geometry": { "type": "LineString", "coordinates": [ [ 113.892109, 22.568077 ], [ 113.891906, 22.568223 ] ] } },
{ "type": "Feature", "properties": { "highway": "trunk_link", "name": null }, "geometry": { "type": "LineString", "coordinates": [ [ 113.893442, 22.567238 ], [ 113.893265, 22.567354 ], [ 113.892733, 22.567503 ], [ 113.892535, 22.567577 ] ] } },
{ "type": "Feature", "properties": { "highway": "trunk_link", "name": null }, "geometry": { "type": "LineString", "coordinates": [ [ 113.893627, 22.565538 ], [ 113.894034, 22.565283 ] ] } },
{ "type": "Feature", "properties": { "highway": "trunk_link", "name": null }, "geometry": { "type": "LineString", "coordinates": [ [ 113.893742, 22.565569 ], [ 113.894034, 22.565283 ], [ 113.894323, 22.565062 ] ] } },
{ "type": "Feature", "properties": { "highway": "trunk_link", "name": null }, "geometry": { "type": "LineString", "coordinates": [ [ 113.894316, 22.565374 ], [ 113.894196, 22.565552 ], [ 113.894011, 22.565918 ] ] } },
{ "type": "Feature", "properties": { "highway": "trunk_link", "name": null }, "geometry": { "type": "LineString", "coordinates": [ [ 113.895938, 22.552291 ], [ 113.896369, 22.55201 ] ] } },
{ "type": "Feature", "properties": { "highway": "primary", "name": null }, "geometry": { "type": "LineString", "coordinates": [ [ 113.896984, 22.551143 ], [ 113.897205, 22.550862 ], [ 113.897335, 22.55059 ] ] } },
{ "type": "Feature", "properties": { "highway": "trunk", "name": "南坪快速" }, "geometry": { "type": "LineString", "coordinates": [ [ 113.910222, 22.554427 ], [ 113.899274, 22.548771 ], [ 113.898826, 22.548522 ], [ 113.898401, 22.548257 ], [ 113.898008, 22.547983 ], [ 113.897589, 22.547656 ] ] } },
{ "type": "Feature", "properties": { "highway": "trunk", "name": "宝安大道" }, "geometry": { "type": "LineString", "coordinates": [ [ 113.899729, 22.549296 ], [ 113.898803, 22.550153 ] ] } },
{ "type": "Feature", "properties": { "highway": "trunk", "name": "宝安大道" }, "geometry": { "type": "LineString", "coordinates": [ [ 113.895893, 22.55252 ], [ 113.896369, 22.55201 ] ] } },
{ "type": "Feature", "properties": { "highway": "trunk_link", "name": null }, "geometry": { "type": "LineString", "coordinates": [ [ 113.902413, 22.545876 ], [ 113.902796, 22.545251 ], [ 113.90299, 22.544795 ] ] } },
{ "type": "Feature", "properties": { "highway": "trunk_link", "name": null }, "geometry": { "type": "LineString", "coordinates": [ [ 113.908098, 22.554181 ], [ 113.907696, 22.5547 ], [ 113.907387, 22.554995 ], [ 113.90705, 22.555224 ], [ 113.906479, 22.555536 ] ] } },
{ "type": "Feature", "properties": { "highway": "trunk_link", "name": null }, "geometry": { "type": "LineString", "coordinates": [ [ 113.912445, 22.556632 ], [ 113.9121, 22.556355 ], [ 113.911696, 22.555975 ], [ 113.911235, 22.555437 ], [ 113.91085, 22.555051 ], [ 113.910407, 22.554696 ], [ 113.910151, 22.554538 ], [ 113.90905, 22.553964 ], [ 113.908909, 22.553912 ], [ 113.908751, 22.553878 ], [ 113.908604, 22.55388 ], [ 113.908461, 22.553907 ], [ 113.90832, 22.553969 ], [ 113.908203, 22.554065 ], [ 113.908098, 22.554181 ] ] } },
{ "type": "Feature", "properties": { "highway": "trunk_link", "name": null }, "geometry": { "type": "LineString", "coordinates": [ [ 113.905419, 22.556083 ], [ 113.905072, 22.556314 ], [ 113.904926, 22.55645 ], [ 113.904455, 22.556981 ], [ 113.904329, 22.557093 ], [ 113.903909, 22.557361 ] ] } },
{ "type": "Feature", "properties": { "highway": "primary_link", "name": null }, "geometry": { "type": "LineString", "coordinates": [ [ 113.917185, 22.601772 ], [ 113.917632, 22.602333 ] ] } },
{ "type": "Feature", "properties": { "highway": "primary_link", "name": null }, "geometry": { "type": "LineString", "coordinates": [ [ 113.919215, 22.605189 ], [ 113.918961, 22.60504 ] ] } },
{ "type": "Feature", "properties": { "highway": "primary_link", "name": null }, "geometry": { "type": "LineString", "coordinates": [ [ 113.915845, 22.598471 ], [ 113.915805, 22.597806 ] ] } },
{ "type": "Feature", "properties": { "highway": "primary_link", "name": null }, "geometry": { "type": "LineString", "coordinates": [ [ 113.918754, 22.604019 ], [ 113.918933, 22.604533 ] ] } },
{ "type": "Feature", "properties": { "highway": "secondary", "name": "宝石路辅路" }, "geometry": { "type": "LineString", "coordinates": [ [ 113.92116, 22.639136 ], [ 113.921046, 22.638552 ], [ 113.921017, 22.637397 ], [ 113.920758, 22.620828 ], [ 113.920707, 22.619611 ], [ 113.920671, 22.61933 ], [ 113.920726, 22.617531 ], [ 113.920735, 22.616282 ], [ 113.920641, 22.613648 ], [ 113.920655, 22.613094 ], [ 113.920648, 22.612658 ], [ 113.920583, 22.609489 ], [ 113.920548, 22.608684 ], [ 113.92047, 22.608104 ], [ 113.920333, 22.607536 ], [ 113.920169, 22.607068 ], [ 113.919982, 22.606646 ], [ 113.919776, 22.606257 ], [ 113.917404, 22.602751 ], [ 113.917082, 22.602211 ], [ 113.916846, 22.601727 ], [ 113.916644, 22.601214 ], [ 113.916488, 22.600709 ], [ 113.915845, 22.598471 ], [ 113.915284, 22.596331 ], [ 113.914843, 22.594832 ], [ 113.914736, 22.594337 ], [ 113.914669, 22.593817 ], [ 113.914637, 22.59332 ], [ 113.914687, 22.592808 ], [ 113.914813, 22.592304 ], [ 113.914987, 22.591807 ], [ 113.915273, 22.591262 ], [ 113.915502, 22.590925 ] ] } },
{ "type": "Feature", "properties": { "highway": "primary", "name": "留仙大道" }, "geometry": { "type": "LineString", "coordinates": [ [ 113.923131, 22.584414 ], [ 113.923513, 22.584351 ], [ 113.923887, 22.584311 ], [ 113.924443, 22.584305 ] ] } },
{ "type": "Feature", "properties": { "highway": "primary_link", "name": null }, "geometry": { "type": "LineString", "coordinates": [ [ 113.92523, 22.58807 ], [ 113.925573, 22.589623 ], [ 113.925663, 22.58989 ], [ 113.925801, 22.590194 ] ] } },
{ "type": "Feature", "properties": { "highway": "tertiary", "name": "留仙村路" }, "geometry": { "type": "LineString", "coordinates": [ [ 113.918182, 22.588284 ], [ 113.919749, 22.589682 ], [ 113.919856, 22.589796 ] ] } },
{ "type": "Feature", "properties": { "highway": "primary", "name": "留仙三路" }, "geometry": { "type": "LineString", "coordinates": [ [ 113.918346, 22.588004 ], [ 113.920175, 22.586197 ] ] } },
{ "type": "Feature", "properties": { "highway": "secondary", "name": "公园路" }, "geometry": { "type": "LineString", "coordinates": [ [ 113.908937, 22.570966 ], [ 113.908841, 22.570986 ], [ 113.907922, 22.570986 ], [ 113.907718, 22.571015 ], [ 113.907266, 22.571115 ] ] } },
{ "type": "Feature", "properties": { "highway": "secondary", "name": "洪浪南路" }, "geometry": { "type": "LineString", "coordinates": [ [ 113.908937, 22.570966 ], [ 113.911023, 22.571 ], [ 113.913118, 22.57107 ], [ 113.916155, 22.573706 ] ] } },
{ "type": "Feature", "properties": { "highway": "secondary", "name": "桃园路" }, "geometry": { "type": "LineString", "coordinates": [ [ 113.91999, 22.53533 ], [ 113.92099, 22.535312 ], [ 113.923156, 22.535356 ] ] } },
{ "type": "Feature", "properties": { "highway": "secondary", "name": null }, "geometry": { "type": "LineString", "coordinates": [ [ 113.92698, 22.534874 ], [ 113.927061, 22.535093 ], [ 113.927093, 22.535227 ] ] } },
{ "type": "Feature", "properties": { "highway": "secondary", "name": null }, "geometry": { "type": "LineString", "coordinates": [ [ 113.939481, 22.543091 ], [ 113.933646, 22.542836 ], [ 113.932627, 22.542799 ], [ 113.932124, 22.542803 ] ] } },
{ "type": "Feature", "properties": { "highway": "secondary", "name": null }, "geometry": { "type": "LineString", "coordinates": [ [ 113.928375, 22.548982 ], [ 113.92815, 22.548404 ], [ 113.927502, 22.54696 ] ] } },
{ "type": "Feature", "properties": { "highway": "trunk_link", "name": null }, "geometry": { "type": "LineString", "coordinates": [ [ 113.868159, 22.576699 ], [ 113.868479, 22.576369 ], [ 113.868571, 22.576218 ], [ 113.868592, 22.576096 ], [ 113.868554, 22.57596 ], [ 113.868492, 22.575827 ] ] } },
{ "type": "Feature", "properties": { "highway": "tertiary", "name": "桂湾三路" }, "geometry": { "type": "LineString", "coordinates": [ [ 113.901362, 22.538161 ], [ 113.903407, 22.538195 ] ] } },
{ "type": "Feature", "properties": { "highway": "tertiary", "name": "桂湾三路" }, "geometry": { "type": "LineString", "coordinates": [ [ 113.903407, 22.538195 ], [ 113.903933, 22.538194 ], [ 113.904051, 22.538182 ], [ 113.904223, 22.538128 ], [ 113.904374, 22.538023 ], [ 113.904512, 22.537861 ], [ 113.904589, 22.537698 ], [ 113.904627, 22.537561 ] ] } },
{ "type": "Feature", "properties": { "highway": "tertiary", "name": "桂湾三路" }, "geometry": { "type": "LineString", "coordinates": [ [ 113.904601, 22.538743 ], [ 113.904522, 22.538451 ], [ 113.904478, 22.538382 ], [ 113.904365, 22.538301 ], [ 113.904214, 22.53827 ], [ 113.903404, 22.538264 ] ] } },
{ "type": "Feature", "properties": { "highway": "primary_link", "name": null }, "geometry": { "type": "LineString", "coordinates": [ [ 113.867629, 22.565359 ], [ 113.867728, 22.565179 ], [ 113.867744, 22.565079 ], [ 113.867717, 22.564966 ], [ 113.867608, 22.564725 ] ] } },
{ "type": "Feature", "properties": { "highway": "primary_link", "name": null }, "geometry": { "type": "LineString", "coordinates": [ [ 113.868441, 22.565607 ], [ 113.868243, 22.565471 ], [ 113.868118, 22.56543 ], [ 113.867932, 22.565431 ], [ 113.867702, 22.5655 ] ] } },
{ "type": "Feature", "properties": { "highway": "primary", "name": "新安六路" }, "geometry": { "type": "LineString", "coordinates": [ [ 113.861217, 22.557551 ], [ 113.861607, 22.557806 ], [ 113.861963, 22.558116 ], [ 113.862645, 22.558813 ], [ 113.863559, 22.559802 ], [ 113.864261, 22.560533 ], [ 113.866011, 22.562435 ] ] } },
{ "type": "Feature", "properties": { "highway": "secondary", "name": "辅三路" }, "geometry": { "type": "LineString", "coordinates": [ [ 113.860246, 22.557373 ], [ 113.855732, 22.556147 ] ] } },
{ "type": "Feature", "properties": { "highway": "secondary", "name": "海天路" }, "geometry": { "type": "LineString", "coordinates": [ [ 113.877419, 22.55067 ], [ 113.876701, 22.550625 ], [ 113.875692, 22.550473 ], [ 113.874855, 22.550296 ], [ 113.873942, 22.550063 ], [ 113.872948, 22.549693 ], [ 113.871999, 22.549279 ], [ 113.871328, 22.548956 ], [ 113.871275, 22.548914 ], [ 113.871211, 22.548807 ] ] } },
{ "type": "Feature", "properties": { "highway": "secondary", "name": "海天路" }, "geometry": { "type": "LineString", "coordinates": [ [ 113.877422, 22.55058 ], [ 113.878403, 22.550582 ], [ 113.879349, 22.550532 ] ] } },
{ "type": "Feature", "properties": { "highway": "secondary", "name": "海天路" }, "geometry": { "type": "LineString", "coordinates": [ [ 113.879355, 22.550615 ], [ 113.878394, 22.550663 ], [ 113.877419, 22.55067 ] ] } },
{ "type": "Feature", "properties": { "highway": "secondary", "name": "海天路" }, "geometry": { "type": "LineString", "coordinates": [ [ 113.879349, 22.550532 ], [ 113.880266, 22.550426 ], [ 113.881027, 22.550284 ], [ 113.881751, 22.550123 ], [ 113.882263, 22.549972 ], [ 113.88295, 22.549745 ], [ 113.88384, 22.549376 ], [ 113.884608, 22.549015 ], [ 113.885408, 22.548575 ], [ 113.886219, 22.548034 ], [ 113.886697, 22.547674 ], [ 113.886847, 22.547539 ], [ 113.886864, 22.547498 ], [ 113.886864, 22.547399 ], [ 113.886803, 22.547267 ] ] } },
{ "type": "Feature", "properties": { "highway": "primary", "name": "宝源南路" }, "geometry": { "type": "LineString", "coordinates": [ [ 113.875135, 22.558258 ], [ 113.872647, 22.560725 ] ] } },
{ "type": "Feature", "properties": { "highway": "primary", "name": "创业一路" }, "geometry": { "type": "LineString", "coordinates": [ [ 113.882037, 22.557219 ], [ 113.886253, 22.560862 ] ] } },
{ "type": "Feature", "properties": { "highway": "motorway", "name": "南光高速" }, "geometry": { "type": "LineString", "coordinates": [ [ 113.927609, 22.604258 ], [ 113.927656, 22.605131 ], [ 113.927672, 22.606138 ], [ 113.9276, 22.607028 ], [ 113.927523, 22.607685 ], [ 113.927386, 22.608425 ], [ 113.927185, 22.609217 ], [ 113.926857, 22.610238 ], [ 113.926479, 22.611149 ], [ 113.926222, 22.611651 ], [ 113.925766, 22.612443 ], [ 113.925129, 22.613411 ], [ 113.924612, 22.61409 ], [ 113.923692, 22.615223 ], [ 113.921866, 22.617403 ] ] } },
{ "type": "Feature", "properties": { "highway": "motorway", "name": "京港澳高速" }, "geometry": { "type": "LineString", "coordinates": [ [ 113.920985, 22.570129 ], [ 113.920683, 22.570427 ], [ 113.920501, 22.570578 ], [ 113.920192, 22.570708 ], [ 113.919789, 22.5708 ], [ 113.919587, 22.570873 ], [ 113.919066, 22.571116 ], [ 113.918888, 22.571233 ], [ 113.918723, 22.571364 ], [ 113.918105, 22.571951 ], [ 113.916921, 22.573213 ], [ 113.916841, 22.573282 ], [ 113.916697, 22.573354 ], [ 113.916547, 22.57337 ], [ 113.916402, 22.573339 ], [ 113.916277, 22.573249 ], [ 113.916212, 22.573118 ], [ 113.916195, 22.572964 ], [ 113.916232, 22.572852 ], [ 113.916314, 22.572749 ], [ 113.916429, 22.572676 ], [ 113.916584, 22.57265 ], [ 113.916734, 22.572683 ], [ 113.916868, 22.572762 ] ] } },
{ "type": "Feature", "properties": { "highway": "motorway_link", "name": null }, "geometry": { "type": "LineString", "coordinates": [ [ 113.851926, 22.565168 ], [ 113.852046, 22.564977 ], [ 113.852226, 22.564588 ], [ 113.852391, 22.564383 ], [ 113.853042, 22.563815 ], [ 113.853808, 22.563186 ], [ 113.854182, 22.562985 ], [ 113.855081, 22.562255 ] ] } },
{ "type": "Feature", "properties": { "highway": "primary", "name": null }, "geometry": { "type": "LineString", "coordinates": [ [ 113.893919, 22.593758 ], [ 113.893561, 22.593679 ] ] } },
{ "type": "Feature", "properties": { "highway": "primary_link", "name": null }, "geometry": { "type": "LineString", "coordinates": [ [ 113.86427, 22.559862 ], [ 113.864151, 22.560081 ], [ 113.864128, 22.560171 ], [ 113.864145, 22.560283 ], [ 113.864261, 22.560533 ] ] } },
{ "type": "Feature", "properties": { "highway": "primary_link", "name": null }, "geometry": { "type": "LineString", "coordinates": [ [ 113.863559, 22.559802 ], [ 113.863778, 22.559893 ], [ 113.863863, 22.559905 ], [ 113.864016, 22.559864 ], [ 113.864197, 22.559765 ] ] } },
{ "type": "Feature", "properties": { "highway": "primary_link", "name": null }, "geometry": { "type": "LineString", "coordinates": [ [ 113.872551, 22.559795 ], [ 113.87279, 22.559918 ], [ 113.872979, 22.559938 ], [ 113.873185, 22.559876 ], [ 113.87332, 22.559787 ] ] } },
{ "type": "Feature", "properties": { "highway": "primary_link", "name": null }, "geometry": { "type": "LineString", "coordinates": [ [ 113.872462, 22.560664 ], [ 113.872604, 22.560392 ], [ 113.872647, 22.560236 ], [ 113.872616, 22.560079 ], [ 113.872579, 22.56001 ], [ 113.872507, 22.559927 ] ] } },
{ "type": "Feature", "properties": { "highway": "primary_link", "name": null }, "geometry": { "type": "LineString", "coordinates": [ [ 113.873411, 22.559969 ], [ 113.873317, 22.560157 ], [ 113.873299, 22.560312 ], [ 113.873335, 22.560421 ], [ 113.873427, 22.560553 ] ] } },
{ "type": "Feature", "properties": { "highway": "primary_link", "name": null }, "geometry": { "type": "LineString", "coordinates": [ [ 113.873349, 22.560646 ], [ 113.873196, 22.560572 ], [ 113.872997, 22.560558 ], [ 113.872803, 22.56063 ], [ 113.872647, 22.560725 ] ] } },
{ "type": "Feature", "properties": { "highway": "primary_link", "name": null }, "geometry": { "type": "LineString", "coordinates": [ [ 113.876532, 22.55659 ], [ 113.876724, 22.556307 ], [ 113.876838, 22.556111 ], [ 113.876881, 22.555971 ], [ 113.876907, 22.555732 ] ] } },
{ "type": "Feature", "properties": { "highway": "primary_link", "name": null }, "geometry": { "type": "LineString", "coordinates": [ [ 113.877007, 22.555741 ], [ 113.877063, 22.555948 ], [ 113.877142, 22.556062 ], [ 113.877227, 22.556121 ], [ 113.877494, 22.556171 ] ] } },
{ "type": "Feature", "properties": { "highway": "primary_link", "name": null }, "geometry": { "type": "LineString", "coordinates": [ [ 113.882037, 22.557219 ], [ 113.882182, 22.5573 ], [ 113.882352, 22.557322 ], [ 113.882509, 22.557283 ], [ 113.882761, 22.557121 ] ] } },
{ "type": "Feature", "properties": { "highway": "primary_link", "name": null }, "geometry": { "type": "LineString", "coordinates": [ [ 113.882891, 22.557172 ], [ 113.882734, 22.557483 ], [ 113.882703, 22.557616 ], [ 113.882723, 22.557749 ], [ 113.88283, 22.5579 ] ] } },
{ "type": "Feature", "properties": { "highway": "primary_link", "name": null }, "geometry": { "type": "LineString", "coordinates": [ [ 113.882735, 22.558051 ], [ 113.882478, 22.557963 ], [ 113.882343, 22.557945 ], [ 113.882141, 22.557979 ], [ 113.881971, 22.558057 ] ] } },
{ "type": "Feature", "properties": { "highway": "primary_link", "name": null }, "geometry": { "type": "LineString", "coordinates": [ [ 113.881878, 22.557972 ], [ 113.881972, 22.557844 ], [ 113.882014, 22.557694 ], [ 113.882, 22.557539 ], [ 113.881971, 22.557464 ], [ 113.88188, 22.55732 ] ] } },
{ "type": "Feature", "properties": { "highway": "primary_link", "name": null }, "geometry": { "type": "LineString", "coordinates": [ [ 113.886267, 22.546813 ], [ 113.886354, 22.546723 ] ] } },
{ "type": "Feature", "properties": { "highway": "primary", "name": "广深公路辅路" }, "geometry": { "type": "LineString", "coordinates": [ [ 113.894796, 22.564557 ], [ 113.895365, 22.563853 ], [ 113.895919, 22.563366 ], [ 113.896611, 22.562846 ], [ 113.89746, 22.562236 ], [ 113.898949, 22.561094 ], [ 113.900308, 22.56011 ], [ 113.901028, 22.559568 ], [ 113.901518, 22.559189 ], [ 113.902103, 22.558696 ] ] } },
{ "type": "Feature", "properties": { "highway": "primary", "name": "深南大道" }, "geometry": { "type": "LineString", "coordinates": [ [ 113.917812, 22.543293 ], [ 113.916261, 22.543324 ], [ 113.915847, 22.54336 ], [ 113.91554, 22.543419 ] ] } },
{ "type": "Feature", "properties": { "highway": "primary_link", "name": null }, "geometry": { "type": "LineString", "coordinates": [ [ 113.925898, 22.554937 ], [ 113.92642, 22.554883 ], [ 113.926581, 22.55484 ], [ 113.926823, 22.554728 ], [ 113.92692, 22.554648 ], [ 113.928137, 22.553419 ], [ 113.928366, 22.55315 ], [ 113.92852, 22.55285 ], [ 113.92858, 22.552604 ], [ 113.928613, 22.552348 ] ] } },
{ "type": "Feature", "properties": { "highway": "tertiary", "name": "怡海大道" }, "geometry": { "type": "LineString", "coordinates": [ [ 113.901627, 22.545591 ], [ 113.901548, 22.545306 ], [ 113.901493, 22.544943 ], [ 113.901493, 22.543944 ] ] } },
{ "type": "Feature", "properties": { "highway": "tertiary", "name": "怡海大道" }, "geometry": { "type": "LineString", "coordinates": [ [ 113.901719, 22.540703 ], [ 113.90166, 22.543948 ] ] } },
{ "type": "Feature", "properties": { "highway": "tertiary", "name": "桂湾二路" }, "geometry": { "type": "LineString", "coordinates": [ [ 113.895193, 22.54059 ], [ 113.896676, 22.540615 ] ] } },
{ "type": "Feature", "properties": { "highway": "secondary", "name": "梦海大道" }, "geometry": { "type": "LineString", "coordinates": [ [ 113.893479, 22.546833 ], [ 113.893879, 22.546439 ] ] } },
{ "type": "Feature", "properties": { "highway": "trunk_link", "name": null }, "geometry": { "type": "LineString", "coordinates": [ [ 113.902103, 22.558696 ], [ 113.902717, 22.558273 ], [ 113.902973, 22.558074 ] ] } },
{ "type": "Feature", "properties": { "highway": "primary", "name": "广深公路辅路" }, "geometry": { "type": "LineString", "coordinates": [ [ 113.902103, 22.558696 ], [ 113.902943, 22.557911 ], [ 113.903888, 22.556885 ], [ 113.904499, 22.556141 ], [ 113.904622, 22.555882 ], [ 113.904659, 22.555734 ], [ 113.904681, 22.555543 ], [ 113.904671, 22.555334 ], [ 113.904555, 22.554861 ], [ 113.904514, 22.55456 ], [ 113.90454, 22.554265 ], [ 113.904574, 22.554133 ] ] } },
{ "type": "Feature", "properties": { "highway": "trunk_link", "name": null }, "geometry": { "type": "LineString", "coordinates": [ [ 113.904574, 22.554133 ], [ 113.904732, 22.553744 ], [ 113.90478, 22.553571 ], [ 113.904801, 22.553416 ] ] } },
{ "type": "Feature", "properties": { "highway": "trunk_link", "name": null }, "geometry": { "type": "LineString", "coordinates": [ [ 113.904801, 22.553416 ], [ 113.904823, 22.553053 ] ] } },
{ "type": "Feature", "properties": { "highway": "trunk_link", "name": null }, "geometry": { "type": "LineString", "coordinates": [ [ 113.903357, 22.550561 ], [ 113.906631, 22.552251 ] ] } },
{ "type": "Feature", "properties": { "highway": "trunk_link", "name": null }, "geometry": { "type": "LineString", "coordinates": [ [ 113.905113, 22.55535 ], [ 113.905419, 22.554614 ], [ 113.905513, 22.554422 ], [ 113.905746, 22.554053 ], [ 113.90602, 22.5537 ], [ 113.906513, 22.553172 ], [ 113.906771, 22.552839 ] ] } },
{ "type": "Feature", "properties": { "highway": "primary", "name": "深南大道" }, "geometry": { "type": "LineString", "coordinates": [ [ 113.904505, 22.556382 ], [ 113.90519, 22.555589 ], [ 113.905549, 22.555122 ], [ 113.905954, 22.554547 ], [ 113.906325, 22.553995 ], [ 113.906626, 22.553392 ], [ 113.90719, 22.552499 ] ] } },
{ "type": "Feature", "properties": { "highway": "primary", "name": "深南大道" }, "geometry": { "type": "LineString", "coordinates": [ [ 113.908421, 22.550771 ], [ 113.907922, 22.55165 ], [ 113.907095, 22.552987 ], [ 113.906407, 22.554145 ], [ 113.905851, 22.554942 ], [ 113.904836, 22.556201 ], [ 113.904324, 22.556864 ] ] } },
{ "type": "Feature", "properties": { "highway": "tertiary", "name": "国丰路" }, "geometry": { "type": "LineString", "coordinates": [ [ 113.87164, 22.556861 ], [ 113.870651, 22.556012 ], [ 113.870597, 22.555939 ], [ 113.870583, 22.555874 ], [ 113.870598, 22.555802 ], [ 113.870642, 22.555735 ], [ 113.871781, 22.554606 ] ] } },
{ "type": "Feature", "properties": { "highway": "secondary", "name": "新湖路" }, "geometry": { "type": "LineString", "coordinates": [ [ 113.854554, 22.581099 ], [ 113.854784, 22.580903 ] ] } },
{ "type": "Feature", "properties": { "highway": "tertiary", "name": "金海路" }, "geometry": { "type": "LineString", "coordinates": [ [ 113.854284, 22.580921 ], [ 113.851691, 22.578238 ] ] } },
{ "type": "Feature", "properties": { "highway": "secondary", "name": "新湖路" }, "geometry": { "type": "LineString", "coordinates": [ [ 113.854589, 22.581242 ], [ 113.854347, 22.581441 ] ] } },
{ "type": "Feature", "properties": { "highway": "tertiary", "name": "金海路" }, "geometry": { "type": "LineString", "coordinates": [ [ 113.854335, 22.580874 ], [ 113.854554, 22.581099 ] ] } },
{ "type": "Feature", "properties": { "highway": "secondary", "name": "打石一路" }, "geometry": { "type": "LineString", "coordinates": [ [ 113.929466, 22.578287 ], [ 113.931672, 22.576169 ], [ 113.931893, 22.575979 ], [ 113.932162, 22.575794 ], [ 113.932326, 22.575696 ], [ 113.932676, 22.575531 ], [ 113.933169, 22.575382 ], [ 113.933669, 22.575309 ], [ 113.934168, 22.575293 ] ] } },
{ "type": "Feature", "properties": { "highway": "secondary", "name": "创研路" }, "geometry": { "type": "LineString", "coordinates": [ [ 113.9325, 22.582062 ], [ 113.931685, 22.582054 ], [ 113.931035, 22.582005 ], [ 113.930548, 22.58188 ], [ 113.930329, 22.581795 ], [ 113.930117, 22.581689 ], [ 113.929783, 22.58149 ], [ 113.929444, 22.581204 ], [ 113.929327, 22.581083 ], [ 113.929086, 22.580788 ], [ 113.928984, 22.580623 ], [ 113.928882, 22.580437 ], [ 113.928293, 22.579064 ] ] } },
{ "type": "Feature", "properties": { "highway": "primary_link", "name": null }, "geometry": { "type": "LineString", "coordinates": [ [ 113.93219, 22.583395 ], [ 113.932285, 22.583327 ], [ 113.932396, 22.583193 ], [ 113.932442, 22.583102 ], [ 113.932476, 22.582966 ] ] } },
{ "type": "Feature", "properties": { "highway": "primary_link", "name": null }, "geometry": { "type": "LineString", "coordinates": [ [ 113.927432, 22.542453 ], [ 113.92761, 22.542513 ], [ 113.928232, 22.542549 ] ] } },
{ "type": "Feature", "properties": { "highway": "primary_link", "name": null }, "geometry": { "type": "LineString", "coordinates": [ [ 113.927211, 22.541264 ], [ 113.927217, 22.542186 ], [ 113.927265, 22.542313 ], [ 113.927366, 22.542416 ], [ 113.927432, 22.542453 ] ] } },
{ "type": "Feature", "properties": { "highway": "primary_link", "name": null }, "geometry": { "type": "LineString", "coordinates": [ [ 113.927996, 22.542955 ], [ 113.927645, 22.542966 ], [ 113.92752, 22.54298 ], [ 113.927417, 22.543014 ], [ 113.927325, 22.543077 ], [ 113.927264, 22.543146 ], [ 113.927207, 22.543236 ], [ 113.92718, 22.543324 ], [ 113.927165, 22.543454 ], [ 113.927162, 22.544691 ], [ 113.927219, 22.545156 ], [ 113.927341, 22.545752 ], [ 113.927379, 22.546021 ] ] } },
{ "type": "Feature", "properties": { "highway": "primary_link", "name": null }, "geometry": { "type": "LineString", "coordinates": [ [ 113.925785, 22.541906 ], [ 113.925884, 22.541767 ], [ 113.926014, 22.541636 ], [ 113.926496, 22.541352 ], [ 113.926675, 22.541204 ], [ 113.926776, 22.541079 ], [ 113.926847, 22.540939 ] ] } },
{ "type": "Feature", "properties": { "highway": "primary_link", "name": null }, "geometry": { "type": "LineString", "coordinates": [ [ 113.926847, 22.540939 ], [ 113.926896, 22.540808 ], [ 113.926932, 22.540646 ], [ 113.927018, 22.540137 ] ] } },
{ "type": "Feature", "properties": { "highway": "primary_link", "name": null }, "geometry": { "type": "LineString", "coordinates": [ [ 113.925404, 22.542969 ], [ 113.925346, 22.542945 ], [ 113.92532, 22.542915 ], [ 113.925314, 22.542873 ], [ 113.925341, 22.542836 ], [ 113.925402, 22.54281 ], [ 113.926236, 22.542772 ], [ 113.926553, 22.542662 ] ] } },
{ "type": "Feature", "properties": { "highway": "primary_link", "name": null }, "geometry": { "type": "LineString", "coordinates": [ [ 113.925386, 22.542511 ], [ 113.925533, 22.542399 ], [ 113.925758, 22.542075 ] ] } },
{ "type": "Feature", "properties": { "highway": "tertiary", "name": null }, "geometry": { "type": "LineString", "coordinates": [ [ 113.872496, 22.560878 ], [ 113.872313, 22.561192 ], [ 113.871855, 22.561653 ], [ 113.871652, 22.561719 ] ] } },
{ "type": "Feature", "properties": { "highway": "tertiary", "name": null }, "geometry": { "type": "LineString", "coordinates": [ [ 113.870606, 22.562751 ], [ 113.87058, 22.562864 ], [ 113.870527, 22.562957 ], [ 113.868712, 22.564794 ], [ 113.868642, 22.564891 ], [ 113.868606, 22.564971 ] ] } },
{ "type": "Feature", "properties": { "highway": "secondary", "name": "海秀路" }, "geometry": { "type": "LineString", "coordinates": [ [ 113.891424, 22.545042 ], [ 113.890193, 22.546491 ], [ 113.889949, 22.546831 ] ] } },
{ "type": "Feature", "properties": { "highway": "secondary", "name": "海秀路" }, "geometry": { "type": "LineString", "coordinates": [ [ 113.88927, 22.548229 ], [ 113.889386, 22.547919 ], [ 113.889593, 22.547233 ], [ 113.889673, 22.547036 ] ] } },
{ "type": "Feature", "properties": { "highway": "primary_link", "name": null }, "geometry": { "type": "LineString", "coordinates": [ [ 113.920474, 22.535426 ], [ 113.920158, 22.535578 ], [ 113.920091, 22.535635 ], [ 113.92, 22.535751 ] ] } },
{ "type": "Feature", "properties": { "highway": "secondary", "name": "金科路" }, "geometry": { "type": "LineString", "coordinates": [ [ 113.874996, 22.548063 ], [ 113.874263, 22.549698 ], [ 113.87406, 22.550098 ] ] } },
{ "type": "Feature", "properties": { "highway": "primary_link", "name": null }, "geometry": { "type": "LineString", "coordinates": [ [ 113.864821, 22.562608 ], [ 113.865156, 22.562581 ], [ 113.865232, 22.56254 ], [ 113.865263, 22.56248 ], [ 113.865267, 22.562395 ], [ 113.865248, 22.562288 ], [ 113.865194, 22.562172 ] ] } },
{ "type": "Feature", "properties": { "highway": "primary_link", "name": null }, "geometry": { "type": "LineString", "coordinates": [ [ 113.860133, 22.576469 ], [ 113.860053, 22.576634 ], [ 113.860035, 22.576781 ], [ 113.860063, 22.576921 ], [ 113.860155, 22.577087 ] ] } },
{ "type": "Feature", "properties": { "highway": "primary_link", "name": null }, "geometry": { "type": "LineString", "coordinates": [ [ 113.859997, 22.577176 ], [ 113.859812, 22.577072 ], [ 113.859688, 22.577049 ], [ 113.859571, 22.577062 ], [ 113.859322, 22.577143 ] ] } },
{ "type": "Feature", "properties": { "highway": "primary_link", "name": null }, "geometry": { "type": "LineString", "coordinates": [ [ 113.859424, 22.576324 ], [ 113.859596, 22.576425 ], [ 113.859746, 22.576453 ], [ 113.859885, 22.576441 ], [ 113.860072, 22.576369 ] ] } },
{ "type": "Feature", "properties": { "highway": "primary_link", "name": null }, "geometry": { "type": "LineString", "coordinates": [ [ 113.859251, 22.577051 ], [ 113.859362, 22.576885 ], [ 113.859398, 22.576768 ], [ 113.859401, 22.576701 ], [ 113.859336, 22.576491 ] ] } },
{ "type": "Feature", "properties": { "highway": "secondary", "name": "兴业路" }, "geometry": { "type": "LineString", "coordinates": [ [ 113.864062, 22.562817 ], [ 113.862433, 22.562945 ], [ 113.861961, 22.563009 ], [ 113.861729, 22.563059 ], [ 113.861525, 22.563125 ], [ 113.861323, 22.563212 ], [ 113.860962, 22.563424 ], [ 113.860581, 22.563689 ], [ 113.86005, 22.564106 ], [ 113.853471, 22.569484 ] ] } },
{ "type": "Feature", "properties": { "highway": "secondary", "name": "兴业路" }, "geometry": { "type": "LineString", "coordinates": [ [ 113.864039, 22.562735 ], [ 113.864654, 22.562689 ] ] } },
{ "type": "Feature", "properties": { "highway": "tertiary", "name": null }, "geometry": { "type": "LineString", "coordinates": [ [ 113.864019, 22.562662 ], [ 113.864642, 22.56262 ] ] } },
{ "type": "Feature", "properties": { "highway": "secondary", "name": "兴业路" }, "geometry": { "type": "LineString", "coordinates": [ [ 113.864654, 22.562689 ], [ 113.865682, 22.562589 ], [ 113.86585, 22.562543 ], [ 113.866011, 22.562435 ] ] } },
{ "type": "Feature", "properties": { "highway": "secondary", "name": "兴业路" }, "geometry": { "type": "LineString", "coordinates": [ [ 113.864669, 22.562772 ], [ 113.864062, 22.562817 ] ] } },
{ "type": "Feature", "properties": { "highway": "primary_link", "name": null }, "geometry": { "type": "LineString", "coordinates": [ [ 113.925386, 22.542511 ], [ 113.925785, 22.541906 ] ] } },
{ "type": "Feature", "properties": { "highway": "primary", "name": "桂湾四路" }, "geometry": { "type": "LineString", "coordinates": [ [ 113.903314, 22.535058 ], [ 113.904668, 22.535082 ] ] } },
{ "type": "Feature", "properties": { "highway": "primary", "name": "桂湾四路" }, "geometry": { "type": "LineString", "coordinates": [ [ 113.903167, 22.535183 ], [ 113.901378, 22.535149 ] ] } },
{ "type": "Feature", "properties": { "highway": "primary", "name": "桂湾四路" }, "geometry": { "type": "LineString", "coordinates": [ [ 113.90138, 22.535023 ], [ 113.903314, 22.535058 ] ] } },
{ "type": "Feature", "properties": { "highway": "tertiary", "name": "十一号路" }, "geometry": { "type": "LineString", "coordinates": [ [ 113.900136, 22.535126 ], [ 113.900079, 22.538138 ] ] } },
{ "type": "Feature", "properties": { "highway": "tertiary", "name": "十一号路" }, "geometry": { "type": "LineString", "coordinates": [ [ 113.899941, 22.545234 ], [ 113.899913, 22.547044 ] ] } },
{ "type": "Feature", "properties": { "highway": "primary_link", "name": null }, "geometry": { "type": "LineString", "coordinates": [ [ 113.870725, 22.567442 ], [ 113.87082, 22.567477 ], [ 113.870988, 22.567499 ], [ 113.871072, 22.567494 ], [ 113.871246, 22.567441 ] ] } },
{ "type": "Feature", "properties": { "highway": "primary_link", "name": null }, "geometry": { "type": "LineString", "coordinates": [ [ 113.871332, 22.567536 ], [ 113.871264, 22.567673 ], [ 113.871249, 22.567786 ], [ 113.871273, 22.567907 ], [ 113.871382, 22.5681 ] ] } },
{ "type": "Feature", "properties": { "highway": "primary_link", "name": null }, "geometry": { "type": "LineString", "coordinates": [ [ 113.871022, 22.56829 ], [ 113.870838, 22.568213 ], [ 113.870706, 22.568182 ], [ 113.870594, 22.568187 ], [ 113.870433, 22.56824 ] ] } },
{ "type": "Feature", "properties": { "highway": "primary_link", "name": null }, "geometry": { "type": "LineString", "coordinates": [ [ 113.870341, 22.568167 ], [ 113.870417, 22.568047 ], [ 113.870441, 22.567872 ], [ 113.870388, 22.567715 ], [ 113.870315, 22.567584 ] ] } },
{ "type": "Feature", "properties": { "highway": "trunk_link", "name": null }, "geometry": { "type": "LineString", "coordinates": [ [ 113.903584, 22.557431 ], [ 113.903888, 22.556885 ] ] } },
{ "type": "Feature", "properties": { "highway": "primary_link", "name": null }, "geometry": { "type": "LineString", "coordinates": [ [ 113.861693, 22.558344 ], [ 113.861519, 22.558255 ], [ 113.861355, 22.558213 ], [ 113.861279, 22.558211 ], [ 113.861114, 22.558229 ], [ 113.860766, 22.558321 ] ] } },
{ "type": "Feature", "properties": { "highway": "secondary", "name": "庄边路" }, "geometry": { "type": "LineString", "coordinates": [ [ 113.877939, 22.587988 ], [ 113.879972, 22.589675 ], [ 113.880784, 22.590325 ] ] } },
{ "type": "Feature", "properties": { "highway": "primary", "name": "桂湾四路" }, "geometry": { "type": "LineString", "coordinates": [ [ 113.897287, 22.535072 ], [ 113.896621, 22.535058 ] ] } },
{ "type": "Feature", "properties": { "highway": "primary", "name": "桂湾四路" }, "geometry": { "type": "LineString", "coordinates": [ [ 113.896782, 22.534939 ], [ 113.897271, 22.534948 ] ] } },
{ "type": "Feature", "properties": { "highway": "primary_link", "name": null }, "geometry": { "type": "LineString", "coordinates": [ [ 113.897287, 22.535072 ], [ 113.897046, 22.535134 ], [ 113.896911, 22.535199 ], [ 113.896858, 22.53526 ], [ 113.896821, 22.535334 ], [ 113.896768, 22.535498 ] ] } },
{ "type": "Feature", "properties": { "highway": "primary_link", "name": null }, "geometry": { "type": "LineString", "coordinates": [ [ 113.896791, 22.534552 ], [ 113.896875, 22.534719 ], [ 113.89695, 22.534793 ], [ 113.897271, 22.534948 ] ] } },
{ "type": "Feature", "properties": { "highway": "tertiary", "name": "桂湾三路" }, "geometry": { "type": "LineString", "coordinates": [ [ 113.893112, 22.538011 ], [ 113.899123, 22.538121 ] ] } },
{ "type": "Feature", "properties": { "highway": "tertiary", "name": "桂湾二路" }, "geometry": { "type": "LineString", "coordinates": [ [ 113.898781, 22.540633 ], [ 113.900032, 22.540649 ] ] } },
{ "type": "Feature", "properties": { "highway": "tertiary", "name": "洪合路" }, "geometry": { "type": "LineString", "coordinates": [ [ 113.911304, 22.572291 ], [ 113.911329, 22.57101 ] ] } },
{ "type": "Feature", "properties": { "highway": "tertiary", "name": "洪文路" }, "geometry": { "type": "LineString", "coordinates": [ [ 113.913561, 22.576297 ], [ 113.912339, 22.575241 ], [ 113.912305, 22.575142 ], [ 113.912313, 22.57509 ], [ 113.912376, 22.574951 ], [ 113.912355, 22.574855 ], [ 113.912323, 22.574815 ], [ 113.911767, 22.574326 ], [ 113.910756, 22.573518 ], [ 113.910659, 22.573425 ], [ 113.910582, 22.573317 ], [ 113.910528, 22.573197 ], [ 113.910499, 22.57307 ], [ 113.910495, 22.572941 ], [ 113.910517, 22.572813 ], [ 113.910565, 22.572691 ], [ 113.910635, 22.572579 ], [ 113.910727, 22.572482 ], [ 113.910837, 22.572401 ], [ 113.910961, 22.57234 ], [ 113.911095, 22.572302 ], [ 113.911234, 22.572286 ], [ 113.911374, 22.572295 ], [ 113.911509, 22.572327 ], [ 113.911637, 22.572382 ], [ 113.91175, 22.572457 ], [ 113.912813, 22.573306 ] ] } },
{ "type": "Feature", "properties": { "highway": "tertiary", "name": "洪志路" }, "geometry": { "type": "LineString", "coordinates": [ [ 113.914171, 22.57198 ], [ 113.911767, 22.574326 ] ] } },
{ "type": "Feature", "properties": { "highway": "motorway_link", "name": null }, "geometry": { "type": "LineString", "coordinates": [ [ 113.853151, 22.560146 ], [ 113.852981, 22.560954 ], [ 113.852704, 22.561748 ], [ 113.852673, 22.561904 ], [ 113.852663, 22.562196 ], [ 113.852685, 22.562318 ], [ 113.852733, 22.562439 ], [ 113.852826, 22.562589 ], [ 113.852937, 22.56272 ], [ 113.853077, 22.562825 ], [ 113.853233, 22.562902 ], [ 113.853404, 22.562943 ], [ 113.853753, 22.562955 ], [ 113.853923, 22.562929 ], [ 113.854234, 22.56284 ], [ 113.854557, 22.562677 ] ] } },
{ "type": "Feature", "properties": { "highway": "secondary", "name": "宝兴路" }, "geometry": { "type": "LineString", "coordinates": [ [ 113.876784, 22.552758 ], [ 113.876644, 22.549149 ], [ 113.876631, 22.548469 ] ] } },
{ "type": "Feature", "properties": { "highway": "primary_link", "name": null }, "geometry": { "type": "LineString", "coordinates": [ [ 113.877023, 22.556205 ], [ 113.877013, 22.556267 ], [ 113.876973, 22.556349 ], [ 113.876743, 22.556637 ] ] } },
{ "type": "Feature", "properties": { "highway": "primary", "name": "创业一路" }, "geometry": { "type": "LineString", "coordinates": [ [ 113.880652, 22.556279 ], [ 113.880478, 22.55625 ], [ 113.877813, 22.556322 ] ] } },
{ "type": "Feature", "properties": { "highway": "secondary", "name": "甲岸路" }, "geometry": { "type": "LineString", "coordinates": [ [ 113.8845, 22.547942 ], [ 113.885447, 22.549386 ], [ 113.885975, 22.550224 ], [ 113.886258, 22.550642 ], [ 113.886372, 22.550781 ], [ 113.887896, 22.552123 ], [ 113.890236, 22.55412 ], [ 113.892018, 22.555669 ], [ 113.892176, 22.555753 ], [ 113.892249, 22.555758 ], [ 113.892332, 22.555748 ], [ 113.892463, 22.555695 ] ] } },
{ "type": "Feature", "properties": { "highway": "primary", "name": "梦海大道" }, "geometry": { "type": "LineString", "coordinates": [ [ 113.896768, 22.535498 ], [ 113.896728, 22.538281 ], [ 113.896676, 22.540615 ] ] } },
{ "type": "Feature", "properties": { "highway": "secondary", "name": "前进二路" }, "geometry": { "type": "LineString", "coordinates": [ [ 113.884383, 22.586951 ], [ 113.882233, 22.589072 ], [ 113.88086, 22.590467 ] ] } },
{ "type": "Feature", "properties": { "highway": "secondary", "name": "南山大道" }, "geometry": { "type": "LineString", "coordinates": [ [ 113.918925, 22.558672 ], [ 113.918676, 22.557479 ] ] } },
{ "type": "Feature", "properties": { "highway": "secondary", "name": "中山园路" }, "geometry": { "type": "LineString", "coordinates": [ [ 113.919671, 22.561706 ], [ 113.917274, 22.56274 ] ] } },
{ "type": "Feature", "properties": { "highway": "tertiary", "name": null }, "geometry": { "type": "LineString", "coordinates": [ [ 113.919681, 22.561585 ], [ 113.920079, 22.561516 ], [ 113.923183, 22.560886 ] ] } },
{ "type": "Feature", "properties": { "highway": "tertiary", "name": null }, "geometry": { "type": "LineString", "coordinates": [ [ 113.923183, 22.560886 ], [ 113.923199, 22.560956 ] ] } },
{ "type": "Feature", "properties": { "highway": "tertiary", "name": "南博二路" }, "geometry": { "type": "LineString", "coordinates": [ [ 113.919171, 22.559241 ], [ 113.919283, 22.559249 ], [ 113.919455, 22.559237 ], [ 113.92248, 22.558541 ] ] } },
{ "type": "Feature", "properties": { "highway": "tertiary", "name": "南博二路" }, "geometry": { "type": "LineString", "coordinates": [ [ 113.922496, 22.558603 ], [ 113.919565, 22.559276 ], [ 113.91919, 22.559323 ] ] } },
{ "type": "Feature", "properties": { "highway": "tertiary", "name": "南博二路" }, "geometry": { "type": "LineString", "coordinates": [ [ 113.92248, 22.558541 ], [ 113.922496, 22.558603 ] ] } },
{ "type": "Feature", "properties": { "highway": "primary", "name": "北环大道辅路" }, "geometry": { "type": "LineString", "coordinates": [ [ 113.918991, 22.556061 ], [ 113.917872, 22.556038 ], [ 113.917443, 22.555982 ], [ 113.916783, 22.555863 ], [ 113.916128, 22.555711 ], [ 113.915183, 22.555411 ], [ 113.914282, 22.555002 ], [ 113.91396, 22.554829 ], [ 113.912854, 22.554087 ], [ 113.911766, 22.55345 ], [ 113.910566, 22.55251 ] ] } },
{ "type": "Feature", "properties": { "highway": "primary", "name": "南海大道" }, "geometry": { "type": "LineString", "coordinates": [ [ 113.928577, 22.555567 ], [ 113.928544, 22.555063 ], [ 113.928542, 22.5547 ] ] } },
{ "type": "Feature", "properties": { "highway": "primary", "name": "南海大道" }, "geometry": { "type": "LineString", "coordinates": [ [ 113.927492, 22.546327 ], [ 113.927565, 22.546525 ], [ 113.928352, 22.548249 ], [ 113.928534, 22.548698 ], [ 113.928613, 22.548948 ], [ 113.92871, 22.549334 ], [ 113.92879, 22.549819 ], [ 113.92881, 22.550091 ], [ 113.928821, 22.550674 ] ] } },
{ "type": "Feature", "properties": { "highway": "primary", "name": "南海大道" }, "geometry": { "type": "LineString", "coordinates": [ [ 113.92901, 22.562382 ], [ 113.92905, 22.560222 ], [ 113.929045, 22.559887 ], [ 113.928981, 22.559022 ] ] } },
{ "type": "Feature", "properties": { "highway": "primary", "name": "南海大道" }, "geometry": { "type": "LineString", "coordinates": [ [ 113.928701, 22.554685 ], [ 113.928725, 22.555563 ] ] } },
{ "type": "Feature", "properties": { "highway": "tertiary", "name": "固戍二路" }, "geometry": { "type": "LineString", "coordinates": [ [ 113.842353, 22.60375 ], [ 113.848273, 22.606125 ], [ 113.852606, 22.607912 ], [ 113.852874, 22.607995 ], [ 113.853035, 22.608015 ], [ 113.853429, 22.607987 ], [ 113.857411, 22.607192 ], [ 113.857847, 22.607126 ], [ 113.858212, 22.607103 ] ] } },
{ "type": "Feature", "properties": { "highway": "trunk", "name": "北环大道" }, "geometry": { "type": "LineString", "coordinates": [ [ 113.914839, 22.554684 ], [ 113.915559, 22.555029 ], [ 113.916067, 22.5552 ], [ 113.916497, 22.555317 ], [ 113.917007, 22.555433 ], [ 113.917519, 22.555519 ], [ 113.917947, 22.555562 ], [ 113.91845, 22.555581 ], [ 113.918964, 22.555576 ], [ 113.921098, 22.555481 ], [ 113.924467, 22.555279 ], [ 113.92885, 22.55509 ], [ 113.930163, 22.555097 ], [ 113.934749, 22.555223 ], [ 113.935415, 22.555264 ], [ 113.937488, 22.555336 ], [ 113.938281, 22.55533 ], [ 113.938896, 22.555305 ] ] } },
{ "type": "Feature", "properties": { "highway": "trunk", "name": "广深公路" }, "geometry": { "type": "LineString", "coordinates": [ [ 113.871961, 22.587961 ], [ 113.870936, 22.589031 ], [ 113.870466, 22.589568 ], [ 113.870033, 22.590141 ], [ 113.869593, 22.590793 ], [ 113.869221, 22.591444 ], [ 113.868593, 22.592611 ] ] } },
{ "type": "Feature", "properties": { "highway": "trunk", "name": "北环大道" }, "geometry": { "type": "LineString", "coordinates": [ [ 113.910346, 22.552409 ], [ 113.909773, 22.552122 ] ] } },
{ "type": "Feature", "properties": { "highway": "primary", "name": "前海路" }, "geometry": { "type": "LineString", "coordinates": [ [ 113.909367, 22.547821 ], [ 113.909494, 22.546715 ] ] } },
{ "type": "Feature", "properties": { "highway": "motorway", "name": "南光高速" }, "geometry": { "type": "LineString", "coordinates": [ [ 113.939221, 22.565839 ], [ 113.938572, 22.56596 ], [ 113.935719, 22.566103 ], [ 113.934773, 22.566198 ], [ 113.934046, 22.566333 ], [ 113.933636, 22.566435 ], [ 113.933185, 22.566568 ], [ 113.932625, 22.566763 ], [ 113.932184, 22.566974 ], [ 113.931842, 22.567224 ], [ 113.931688, 22.567368 ], [ 113.931429, 22.56767 ], [ 113.931338, 22.567817 ], [ 113.931135, 22.568285 ], [ 113.930775, 22.569318 ], [ 113.930389, 22.570364 ], [ 113.93017, 22.570871 ], [ 113.929928, 22.571309 ], [ 113.929623, 22.571737 ], [ 113.929338, 22.572087 ], [ 113.928819, 22.572626 ], [ 113.92838, 22.573038 ] ] } },
{ "type": "Feature", "properties": { "highway": "primary", "name": "深南大道" }, "geometry": { "type": "LineString", "coordinates": [ [ 113.910564, 22.544466 ], [ 113.910797, 22.544467 ], [ 113.911382, 22.544404 ], [ 113.911991, 22.544276 ], [ 113.912283, 22.544187 ] ] } },
{ "type": "Feature", "properties": { "highway": "primary_link", "name": null }, "geometry": { "type": "LineString", "coordinates": [ [ 113.914962, 22.54341 ], [ 113.915128, 22.543347 ], [ 113.915272, 22.543251 ], [ 113.915359, 22.543085 ], [ 113.915382, 22.54289 ] ] } },
{ "type": "Feature", "properties": { "highway": "primary", "name": "深南大道" }, "geometry": { "type": "LineString", "coordinates": [ [ 113.912697, 22.54435 ], [ 113.911962, 22.544548 ], [ 113.911575, 22.544621 ] ] } },
{ "type": "Feature", "properties": { "highway": "primary", "name": "深南大道" }, "geometry": { "type": "LineString", "coordinates": [ [ 113.919457, 22.543053 ], [ 113.921172, 22.542982 ], [ 113.923938, 22.542805 ] ] } },
{ "type": "Feature", "properties": { "highway": "primary", "name": "西乡大道" }, "geometry": { "type": "LineString", "coordinates": [ [ 113.853558, 22.570239 ], [ 113.856014, 22.572766 ] ] } },
{ "type": "Feature", "properties": { "highway": "primary_link", "name": "西乡大道辅路" }, "geometry": { "type": "LineString", "coordinates": [ [ 113.855857, 22.572418 ], [ 113.856705, 22.57326 ] ] } },
{ "type": "Feature", "properties": { "highway": "primary", "name": "西乡大道" }, "geometry": { "type": "LineString", "coordinates": [ [ 113.856014, 22.572766 ], [ 113.856725, 22.5735 ] ] } },
{ "type": "Feature", "properties": { "highway": "primary", "name": "西乡大道" }, "geometry": { "type": "LineString", "coordinates": [ [ 113.860238, 22.577173 ], [ 113.863083, 22.58013 ] ] } },
{ "type": "Feature", "properties": { "highway": "secondary", "name": "新湖路" }, "geometry": { "type": "LineString", "coordinates": [ [ 113.870341, 22.568167 ], [ 113.872792, 22.56623 ], [ 113.87428, 22.564999 ], [ 113.876049, 22.563509 ], [ 113.876723, 22.562875 ] ] } },
{ "type": "Feature", "properties": { "highway": "primary", "name": "新安六路" }, "geometry": { "type": "LineString", "coordinates": [ [ 113.870315, 22.567584 ], [ 113.867967, 22.565106 ] ] } },
{ "type": "Feature", "properties": { "highway": "primary", "name": "宝源南路" }, "geometry": { "type": "LineString", "coordinates": [ [ 113.872961, 22.560154 ], [ 113.874991, 22.558133 ], [ 113.875507, 22.557637 ] ] } },
{ "type": "Feature", "properties": { "highway": "primary", "name": "新安六路" }, "geometry": { "type": "LineString", "coordinates": [ [ 113.865194, 22.562172 ], [ 113.863536, 22.560423 ], [ 113.861995, 22.558713 ], [ 113.861457, 22.558041 ], [ 113.861274, 22.557878 ], [ 113.861023, 22.557727 ] ] } },
{ "type": "Feature", "properties": { "highway": "primary", "name": "创业一路" }, "geometry": { "type": "LineString", "coordinates": [ [ 113.886253, 22.560862 ], [ 113.888476, 22.562776 ], [ 113.89039, 22.564391 ] ] } },
{ "type": "Feature", "properties": { "highway": "primary_link", "name": null }, "geometry": { "type": "LineString", "coordinates": [ [ 113.893881, 22.554316 ], [ 113.894003, 22.554303 ], [ 113.894079, 22.554311 ], [ 113.8942, 22.554374 ], [ 113.894268, 22.554472 ], [ 113.894282, 22.554544 ], [ 113.894248, 22.554681 ] ] } },
{ "type": "Feature", "properties": { "highway": "trunk", "name": "宝安大道" }, "geometry": { "type": "LineString", "coordinates": [ [ 113.898551, 22.549948 ], [ 113.899479, 22.54909 ] ] } },
{ "type": "Feature", "properties": { "highway": "trunk_link", "name": null }, "geometry": { "type": "LineString", "coordinates": [ [ 113.906105, 22.544809 ], [ 113.905796, 22.544819 ], [ 113.905671, 22.544852 ], [ 113.905619, 22.544887 ], [ 113.90552, 22.544994 ], [ 113.905035, 22.54565 ], [ 113.904907, 22.545865 ], [ 113.904831, 22.546077 ], [ 113.904809, 22.546271 ], [ 113.904839, 22.546733 ] ] } },
{ "type": "Feature", "properties": { "highway": "primary", "name": "深南大道" }, "geometry": { "type": "LineString", "coordinates": [ [ 113.905597, 22.544459 ], [ 113.91053, 22.544557 ], [ 113.911139, 22.544538 ], [ 113.911587, 22.544483 ] ] } },
{ "type": "Feature", "properties": { "highway": "secondary", "name": "前海路" }, "geometry": { "type": "LineString", "coordinates": [ [ 113.910143, 22.539694 ], [ 113.910257, 22.536138 ], [ 113.910267, 22.535306 ] ] } },
{ "type": "Feature", "properties": { "highway": "primary", "name": "西乡大道" }, "geometry": { "type": "LineString", "coordinates": [ [ 113.857254, 22.574041 ], [ 113.859222, 22.576113 ] ] } },
{ "type": "Feature", "properties": { "highway": "primary", "name": "西乡大道" }, "geometry": { "type": "LineString", "coordinates": [ [ 113.859222, 22.576113 ], [ 113.859424, 22.576324 ] ] } },
{ "type": "Feature", "properties": { "highway": "secondary", "name": null }, "geometry": { "type": "LineString", "coordinates": [ [ 113.868054, 22.570032 ], [ 113.868326, 22.569817 ] ] } },
{ "type": "Feature", "properties": { "highway": "secondary", "name": null }, "geometry": { "type": "LineString", "coordinates": [ [ 113.868381, 22.569893 ], [ 113.86811, 22.570107 ] ] } },
{ "type": "Feature", "properties": { "highway": "secondary", "name": "湖滨西路" }, "geometry": { "type": "LineString", "coordinates": [ [ 113.897335, 22.55059 ], [ 113.897382, 22.550075 ], [ 113.897339, 22.549926 ], [ 113.897276, 22.549843 ], [ 113.894153, 22.547391 ], [ 113.893707, 22.547011 ], [ 113.891423, 22.545179 ], [ 113.890259, 22.544271 ], [ 113.890148, 22.544116 ] ] } },
{ "type": "Feature", "properties": { "highway": "primary", "name": "深南大道" }, "geometry": { "type": "LineString", "coordinates": [ [ 113.908905, 22.544435 ], [ 113.909686, 22.544447 ] ] } },
{ "type": "Feature", "properties": { "highway": "primary", "name": "深南大道" }, "geometry": { "type": "LineString", "coordinates": [ [ 113.909839, 22.544818 ], [ 113.909679, 22.544816 ] ] } },
{ "type": "Feature", "properties": { "highway": "primary", "name": "前海路" }, "geometry": { "type": "LineString", "coordinates": [ [ 113.90981, 22.545177 ], [ 113.909493, 22.547826 ] ] } },
{ "type": "Feature", "properties": { "highway": "trunk", "name": "宝安大道" }, "geometry": { "type": "LineString", "coordinates": [ [ 113.897331, 22.55157 ], [ 113.897163, 22.551714 ], [ 113.896115, 22.552719 ] ] } },
{ "type": "Feature", "properties": { "highway": "trunk", "name": "宝安大道" }, "geometry": { "type": "LineString", "coordinates": [ [ 113.887722, 22.560793 ], [ 113.886839, 22.561636 ] ] } },
{ "type": "Feature", "properties": { "highway": "primary", "name": "创业一路" }, "geometry": { "type": "LineString", "coordinates": [ [ 113.886839, 22.561636 ], [ 113.884404, 22.559484 ], [ 113.88188, 22.55732 ] ] } },
{ "type": "Feature", "properties": { "highway": "primary", "name": "宝安大道辅路" }, "geometry": { "type": "LineString", "coordinates": [ [ 113.887405, 22.56065 ], [ 113.887774, 22.560164 ], [ 113.887854, 22.56008 ], [ 113.890364, 22.557716 ], [ 113.891937, 22.55621 ], [ 113.894483, 22.553726 ] ] } },
{ "type": "Feature", "properties": { "highway": "trunk", "name": "宝安大道" }, "geometry": { "type": "LineString", "coordinates": [ [ 113.887193, 22.560859 ], [ 113.887405, 22.56065 ] ] } },
{ "type": "Feature", "properties": { "highway": "trunk", "name": "宝安大道" }, "geometry": { "type": "LineString", "coordinates": [ [ 113.887405, 22.56065 ], [ 113.887834, 22.560257 ], [ 113.893467, 22.554897 ] ] } },
{ "type": "Feature", "properties": { "highway": "primary", "name": "宝源路" }, "geometry": { "type": "LineString", "coordinates": [ [ 113.868375, 22.564976 ], [ 113.868078, 22.565222 ], [ 113.866115, 22.566681 ] ] } },
{ "type": "Feature", "properties": { "highway": "secondary", "name": "新湖路" }, "geometry": { "type": "LineString", "coordinates": [ [ 113.87644, 22.563324 ], [ 113.87613, 22.56361 ], [ 113.87434, 22.565117 ], [ 113.871042, 22.567771 ] ] } },
{ "type": "Feature", "properties": { "highway": "primary", "name": "新安六路" }, "geometry": { "type": "LineString", "coordinates": [ [ 113.871042, 22.567771 ], [ 113.871382, 22.5681 ], [ 113.87473, 22.571001 ], [ 113.874934, 22.571216 ], [ 113.875205, 22.571582 ], [ 113.875501, 22.571851 ] ] } },
{ "type": "Feature", "properties": { "highway": "primary", "name": "新安六路" }, "geometry": { "type": "LineString", "coordinates": [ [ 113.868781, 22.56539 ], [ 113.871042, 22.567771 ] ] } },
{ "type": "Feature", "properties": { "highway": "secondary", "name": "新湖路" }, "geometry": { "type": "LineString", "coordinates": [ [ 113.857429, 22.578785 ], [ 113.854871, 22.580998 ] ] } },
{ "type": "Feature", "properties": { "highway": "primary", "name": "西乡大道" }, "geometry": { "type": "LineString", "coordinates": [ [ 113.859589, 22.576757 ], [ 113.859279, 22.57643 ] ] } },
{ "type": "Feature", "properties": { "highway": "primary", "name": "西乡大道" }, "geometry": { "type": "LineString", "coordinates": [ [ 113.859279, 22.57643 ], [ 113.857101, 22.574139 ] ] } },
{ "type": "Feature", "properties": { "highway": "primary_link", "name": "西乡大道辅路" }, "geometry": { "type": "LineString", "coordinates": [ [ 113.857273, 22.574517 ], [ 113.856753, 22.573999 ] ] } },
{ "type": "Feature", "properties": { "highway": "primary", "name": "西乡大道" }, "geometry": { "type": "LineString", "coordinates": [ [ 113.857101, 22.574139 ], [ 113.855932, 22.572933 ] ] } },
{ "type": "Feature", "properties": { "highway": "primary", "name": "西乡大道" }, "geometry": { "type": "LineString", "coordinates": [ [ 113.855932, 22.572933 ], [ 113.853544, 22.570469 ] ] } },
{ "type": "Feature", "properties": { "highway": "trunk", "name": "北环大道" }, "geometry": { "type": "LineString", "coordinates": [ [ 113.905431, 22.549233 ], [ 113.905141, 22.548731 ], [ 113.904864, 22.548082 ], [ 113.904675, 22.547519 ], [ 113.904602, 22.547222 ], [ 113.904549, 22.546925 ], [ 113.904517, 22.5466 ], [ 113.904492, 22.545903 ], [ 113.904538, 22.542364 ], [ 113.904538, 22.541302 ] ] } },
{ "type": "Feature", "properties": { "highway": "trunk", "name": "北环大道" }, "geometry": { "type": "LineString", "coordinates": [ [ 113.909864, 22.551996 ], [ 113.910393, 22.552248 ], [ 113.911488, 22.5527 ] ] } },
{ "type": "Feature", "properties": { "highway": "primary_link", "name": null }, "geometry": { "type": "LineString", "coordinates": [ [ 113.909466, 22.550943 ], [ 113.90945, 22.550839 ], [ 113.909409, 22.550738 ], [ 113.909332, 22.550634 ], [ 113.90923, 22.550552 ], [ 113.909047, 22.550482 ], [ 113.908844, 22.550479 ], [ 113.908664, 22.550542 ], [ 113.908531, 22.550649 ], [ 113.908421, 22.550771 ] ] } },
{ "type": "Feature", "properties": { "highway": "trunk", "name": "107国道" }, "geometry": { "type": "LineString", "coordinates": [ [ 113.910098, 22.551843 ], [ 113.91027, 22.551983 ], [ 113.911488, 22.5527 ] ] } },
{ "type": "Feature", "properties": { "highway": "trunk", "name": "107国道" }, "geometry": { "type": "LineString", "coordinates": [ [ 113.909718, 22.55221 ], [ 113.909418, 22.552086 ], [ 113.908799, 22.551788 ], [ 113.908613, 22.551754 ], [ 113.908379, 22.551762 ] ] } },
{ "type": "Feature", "properties": { "highway": "trunk", "name": "107国道" }, "geometry": { "type": "LineString", "coordinates": [ [ 113.908379, 22.551762 ], [ 113.908123, 22.551839 ], [ 113.907915, 22.551991 ], [ 113.907748, 22.552176 ], [ 113.907394, 22.552716 ] ] } },
{ "type": "Feature", "properties": { "highway": "trunk_link", "name": null }, "geometry": { "type": "LineString", "coordinates": [ [ 113.907394, 22.552716 ], [ 113.907351, 22.552857 ], [ 113.90729, 22.553159 ], [ 113.907271, 22.553403 ], [ 113.907362, 22.554009 ], [ 113.907353, 22.554313 ], [ 113.907293, 22.554562 ], [ 113.907164, 22.554877 ], [ 113.906998, 22.555136 ], [ 113.90667, 22.555471 ], [ 113.905834, 22.556085 ], [ 113.905641, 22.556258 ], [ 113.90528, 22.556627 ] ] } },
{ "type": "Feature", "properties": { "highway": "tertiary", "name": "创新九街" }, "geometry": { "type": "LineString", "coordinates": [ [ 113.896218, 22.543845 ], [ 113.899965, 22.543916 ] ] } },
{ "type": "Feature", "properties": { "highway": "tertiary", "name": "怡海大道" }, "geometry": { "type": "LineString", "coordinates": [ [ 113.901493, 22.543944 ], [ 113.901564, 22.540701 ] ] } },
{ "type": "Feature", "properties": { "highway": "trunk_link", "name": null }, "geometry": { "type": "LineString", "coordinates": [ [ 113.905557, 22.531506 ], [ 113.905373, 22.531562 ], [ 113.905221, 22.531629 ], [ 113.905115, 22.531722 ], [ 113.90503, 22.531843 ], [ 113.904973, 22.531981 ], [ 113.904941, 22.532173 ] ] } },
{ "type": "Feature", "properties": { "highway": "secondary", "name": "中山园路" }, "geometry": { "type": "LineString", "coordinates": [ [ 113.923891, 22.571497 ], [ 113.928528, 22.571443 ] ] } },
{ "type": "Feature", "properties": { "highway": "trunk_link", "name": null }, "geometry": { "type": "LineString", "coordinates": [ [ 113.924592, 22.555589 ], [ 113.922511, 22.555579 ] ] } },
{ "type": "Feature", "properties": { "highway": "primary", "name": "北环大道辅路" }, "geometry": { "type": "LineString", "coordinates": [ [ 113.926097, 22.555519 ], [ 113.924592, 22.555589 ] ] } },
{ "type": "Feature", "properties": { "highway": "primary", "name": "北环大道辅路" }, "geometry": { "type": "LineString", "coordinates": [ [ 113.925898, 22.554937 ], [ 113.926537, 22.555054 ] ] } },
{ "type": "Feature", "properties": { "highway": "primary", "name": "北环大道辅路" }, "geometry": { "type": "LineString", "coordinates": [ [ 113.923384, 22.555067 ], [ 113.925898, 22.554937 ] ] } },
{ "type": "Feature", "properties": { "highway": "primary", "name": "北环大道辅路" }, "geometry": { "type": "LineString", "coordinates": [ [ 113.929105, 22.554957 ], [ 113.931398, 22.554958 ], [ 113.932515, 22.555018 ] ] } },
{ "type": "Feature", "properties": { "highway": "primary_link", "name": null }, "geometry": { "type": "LineString", "coordinates": [ [ 113.931223, 22.555412 ], [ 113.930788, 22.555504 ], [ 113.930549, 22.555616 ], [ 113.930447, 22.555691 ], [ 113.930294, 22.555825 ], [ 113.929218, 22.556918 ], [ 113.929088, 22.557153 ], [ 113.929043, 22.557324 ], [ 113.929016, 22.557561 ], [ 113.929025, 22.557989 ] ] } },
{ "type": "Feature", "properties": { "highway": "primary_link", "name": null }, "geometry": { "type": "LineString", "coordinates": [ [ 113.928274, 22.572144 ], [ 113.928306, 22.571916 ], [ 113.9283, 22.571852 ], [ 113.928269, 22.57177 ], [ 113.928162, 22.571675 ], [ 113.927969, 22.57162 ] ] } },
{ "type": "Feature", "properties": { "highway": "primary_link", "name": null }, "geometry": { "type": "LineString", "coordinates": [ [ 113.929544, 22.571595 ], [ 113.929394, 22.571607 ], [ 113.929222, 22.571662 ], [ 113.929098, 22.571754 ], [ 113.928929, 22.571984 ] ] } },
{ "type": "Feature", "properties": { "highway": "primary_link", "name": "茶光路" }, "geometry": { "type": "LineString", "coordinates": [ [ 113.929169, 22.570898 ], [ 113.929204, 22.571151 ], [ 113.929252, 22.57126 ], [ 113.929328, 22.571332 ], [ 113.929563, 22.571437 ] ] } },
{ "type": "Feature", "properties": { "highway": "primary_link", "name": null }, "geometry": { "type": "LineString", "coordinates": [ [ 113.928132, 22.57145 ], [ 113.928354, 22.571363 ], [ 113.928507, 22.57124 ], [ 113.928574, 22.57114 ], [ 113.928658, 22.57093 ] ] } },
{ "type": "Feature", "properties": { "highway": "primary", "name": "创业二路" }, "geometry": { "type": "LineString", "coordinates": [ [ 113.917795, 22.588666 ], [ 113.917876, 22.588494 ], [ 113.917904, 22.588335 ], [ 113.917867, 22.588222 ], [ 113.917784, 22.588093 ] ] } },
{ "type": "Feature", "properties": { "highway": "secondary", "name": null }, "geometry": { "type": "LineString", "coordinates": [ [ 113.900794, 22.559744 ], [ 113.900868, 22.559617 ], [ 113.900851, 22.559503 ], [ 113.900819, 22.55946 ], [ 113.899852, 22.558625 ], [ 113.899548, 22.558307 ] ] } },
{ "type": "Feature", "properties": { "highway": "secondary", "name": null }, "geometry": { "type": "LineString", "coordinates": [ [ 113.89967, 22.558219 ], [ 113.90005, 22.558469 ], [ 113.901033, 22.559304 ], [ 113.901088, 22.559337 ], [ 113.901212, 22.559354 ], [ 113.901279, 22.559344 ], [ 113.901377, 22.559298 ] ] } },
{ "type": "Feature", "properties": { "highway": "primary", "name": "新安一路" }, "geometry": { "type": "LineString", "coordinates": [ [ 113.899548, 22.558307 ], [ 113.895148, 22.554505 ] ] } },
{ "type": "Feature", "properties": { "highway": "primary_link", "name": null }, "geometry": { "type": "LineString", "coordinates": [ [ 113.898314, 22.557249 ], [ 113.898058, 22.557116 ], [ 113.897868, 22.55706 ], [ 113.897766, 22.557056 ], [ 113.89769, 22.557074 ], [ 113.897563, 22.557134 ] ] } },
{ "type": "Feature", "properties": { "highway": "primary_link", "name": null }, "geometry": { "type": "LineString", "coordinates": [ [ 113.897465, 22.557085 ], [ 113.897549, 22.556958 ], [ 113.897572, 22.556877 ], [ 113.897572, 22.5568 ], [ 113.897565, 22.556713 ], [ 113.897523, 22.556611 ], [ 113.897427, 22.556483 ] ] } },
{ "type": "Feature", "properties": { "highway": "primary_link", "name": null }, "geometry": { "type": "LineString", "coordinates": [ [ 113.897538, 22.556373 ], [ 113.897801, 22.556509 ], [ 113.897903, 22.556538 ], [ 113.898059, 22.556541 ] ] } },
{ "type": "Feature", "properties": { "highway": "primary_link", "name": null }, "geometry": { "type": "LineString", "coordinates": [ [ 113.898059, 22.556541 ], [ 113.898223, 22.556496 ] ] } },
{ "type": "Feature", "properties": { "highway": "primary_link", "name": null }, "geometry": { "type": "LineString", "coordinates": [ [ 113.898319, 22.556545 ], [ 113.898247, 22.556687 ] ] } },
{ "type": "Feature", "properties": { "highway": "primary_link", "name": null }, "geometry": { "type": "LineString", "coordinates": [ [ 113.898247, 22.556687 ], [ 113.89824, 22.556749 ], [ 113.898262, 22.556911 ], [ 113.898352, 22.557078 ] ] } },
{ "type": "Feature", "properties": { "highway": "primary", "name": "新安二路" }, "geometry": { "type": "LineString", "coordinates": [ [ 113.908742, 22.574009 ], [ 113.908851, 22.570681 ], [ 113.908919, 22.567987 ], [ 113.908926, 22.566865 ], [ 113.908898, 22.566675 ], [ 113.908859, 22.56649 ], [ 113.908813, 22.566371 ], [ 113.908712, 22.566213 ], [ 113.908472, 22.565945 ], [ 113.906808, 22.56456 ] ] } },
{ "type": "Feature", "properties": { "highway": "primary_link", "name": null }, "geometry": { "type": "LineString", "coordinates": [ [ 113.904187, 22.56224 ], [ 113.904124, 22.562217 ], [ 113.903967, 22.562208 ], [ 113.903885, 22.562219 ], [ 113.903747, 22.562266 ] ] } },
{ "type": "Feature", "properties": { "highway": "primary_link", "name": null }, "geometry": { "type": "LineString", "coordinates": [ [ 113.903735, 22.562191 ], [ 113.903764, 22.562124 ], [ 113.903769, 22.562025 ], [ 113.903754, 22.561926 ], [ 113.903707, 22.561823 ] ] } },
{ "type": "Feature", "properties": { "highway": "primary_link", "name": null }, "geometry": { "type": "LineString", "coordinates": [ [ 113.903775, 22.561759 ], [ 113.903885, 22.561791 ], [ 113.903996, 22.561792 ], [ 113.904109, 22.561772 ], [ 113.904203, 22.561725 ] ] } },
{ "type": "Feature", "properties": { "highway": "primary_link", "name": null }, "geometry": { "type": "LineString", "coordinates": [ [ 113.904254, 22.561764 ], [ 113.904209, 22.561851 ], [ 113.90419, 22.561946 ], [ 113.904206, 22.56209 ], [ 113.904251, 22.562167 ] ] } },
{ "type": "Feature", "properties": { "highway": "motorway_link", "name": null }, "geometry": { "type": "LineString", "coordinates": [ [ 113.856755, 22.562045 ], [ 113.856489, 22.562336 ], [ 113.856055, 22.562707 ], [ 113.855801, 22.563001 ], [ 113.855169, 22.563527 ], [ 113.85491, 22.563619 ], [ 113.85478, 22.563695 ] ] } },
{ "type": "Feature", "properties": { "highway": "primary_link", "name": null }, "geometry": { "type": "LineString", "coordinates": [ [ 113.854662, 22.575365 ], [ 113.854501, 22.575532 ], [ 113.854438, 22.575615 ], [ 113.854421, 22.575676 ], [ 113.854423, 22.575811 ], [ 113.854505, 22.575965 ] ] } },
{ "type": "Feature", "properties": { "highway": "primary_link", "name": null }, "geometry": { "type": "LineString", "coordinates": [ [ 113.854505, 22.575965 ], [ 113.854366, 22.575875 ], [ 113.854303, 22.575854 ], [ 113.854228, 22.575851 ], [ 113.854064, 22.575891 ], [ 113.853939, 22.575958 ] ] } },
{ "type": "Feature", "properties": { "highway": "primary_link", "name": null }, "geometry": { "type": "LineString", "coordinates": [ [ 113.853848, 22.575267 ], [ 113.854055, 22.575397 ], [ 113.854133, 22.575413 ], [ 113.854288, 22.575394 ], [ 113.854528, 22.575295 ] ] } },
{ "type": "Feature", "properties": { "highway": "primary_link", "name": "西乡大道辅路" }, "geometry": { "type": "LineString", "coordinates": [ [ 113.853336, 22.569779 ], [ 113.853408, 22.569882 ], [ 113.854073, 22.570549 ] ] } },
{ "type": "Feature", "properties": { "highway": "motorway_link", "name": null }, "geometry": { "type": "LineString", "coordinates": [ [ 113.927559, 22.566259 ], [ 113.927162, 22.566504 ], [ 113.927074, 22.566793 ], [ 113.927098, 22.566916 ], [ 113.927199, 22.567041 ], [ 113.927362, 22.567115 ], [ 113.927569, 22.567126 ], [ 113.928506, 22.566984 ], [ 113.928611, 22.566948 ] ] } },
{ "type": "Feature", "properties": { "highway": "motorway", "name": "广深沿江高速" }, "geometry": { "type": "LineString", "coordinates": [ [ 113.87852, 22.53491 ], [ 113.877824, 22.536811 ], [ 113.87751, 22.537612 ], [ 113.877013, 22.538772 ], [ 113.876653, 22.539537 ], [ 113.876393, 22.54004 ], [ 113.87565, 22.541394 ], [ 113.875009, 22.542436 ], [ 113.874314, 22.543485 ], [ 113.873712, 22.544327 ], [ 113.873317, 22.544839 ], [ 113.872925, 22.545327 ], [ 113.871812, 22.546627 ], [ 113.871125, 22.547364 ], [ 113.868039, 22.550476 ], [ 113.864703, 22.553806 ], [ 113.860693, 22.557772 ] ] } },
{ "type": "Feature", "properties": { "highway": "secondary", "name": "金科路" }, "geometry": { "type": "LineString", "coordinates": [ [ 113.87406, 22.550098 ], [ 113.863619, 22.560511 ] ] } },
{ "type": "Feature", "properties": { "highway": "secondary", "name": "金科路" }, "geometry": { "type": "LineString", "coordinates": [ [ 113.873942, 22.550063 ], [ 113.874028, 22.549921 ], [ 113.874877, 22.548081 ] ] } },
{ "type": "Feature", "properties": { "highway": "tertiary", "name": "西铁线" }, "geometry": { "type": "LineString", "coordinates": [ [ 113.873883, 22.586041 ], [ 113.874555, 22.587296 ], [ 113.875762, 22.588718 ], [ 113.876087, 22.58908 ], [ 113.876182, 22.589217 ], [ 113.87625, 22.589375 ], [ 113.876278, 22.589561 ], [ 113.87622, 22.590611 ] ] } },
{ "type": "Feature", "properties": { "highway": "trunk_link", "name": null }, "geometry": { "type": "LineString", "coordinates": [ [ 113.909618, 22.550518 ], [ 113.90986, 22.551093 ], [ 113.910139, 22.551628 ] ] } },
{ "type": "Feature", "properties": { "highway": "primary", "name": "北环大道辅路" }, "geometry": { "type": "LineString", "coordinates": [ [ 113.913234, 22.553438 ], [ 113.914681, 22.554377 ], [ 113.915069, 22.554582 ], [ 113.915731, 22.554873 ] ] } },
{ "type": "Feature", "properties": { "highway": "trunk_link", "name": null }, "geometry": { "type": "LineString", "coordinates": [ [ 113.905014, 22.547631 ], [ 113.905082, 22.548206 ] ] } },
{ "type": "Feature", "properties": { "highway": "motorway", "name": null }, "geometry": { "type": "LineString", "coordinates": [ [ 113.883563, 22.606053 ], [ 113.883323, 22.606359 ] ] } },
{ "type": "Feature", "properties": { "highway": "motorway", "name": "京港澳高速" }, "geometry": { "type": "LineString", "coordinates": [ [ 113.883323, 22.606359 ], [ 113.882992, 22.606776 ], [ 113.882317, 22.607742 ], [ 113.880418, 22.610592 ], [ 113.878481, 22.613431 ], [ 113.87713, 22.615163 ], [ 113.875846, 22.616448 ], [ 113.87481, 22.617372 ], [ 113.873724, 22.618245 ], [ 113.872898, 22.618844 ], [ 113.87215, 22.619347 ], [ 113.871377, 22.619803 ], [ 113.870561, 22.620259 ], [ 113.869094, 22.62098 ], [ 113.868332, 22.621319 ], [ 113.866829, 22.621912 ], [ 113.862607, 22.623521 ], [ 113.86144, 22.623953 ] ] } },
{ "type": "Feature", "properties": { "highway": "motorway", "name": null }, "geometry": { "type": "LineString", "coordinates": [ [ 113.883212, 22.606275 ], [ 113.883452, 22.60597 ] ] } },
{ "type": "Feature", "properties": { "highway": "motorway", "name": "京港澳高速" }, "geometry": { "type": "LineString", "coordinates": [ [ 113.883452, 22.60597 ], [ 113.884112, 22.605188 ], [ 113.884603, 22.604651 ], [ 113.885381, 22.603876 ], [ 113.885668, 22.603612 ] ] } },
{ "type": "Feature", "properties": { "highway": "primary", "name": "南海大道" }, "geometry": { "type": "LineString", "coordinates": [ [ 113.927061, 22.544241 ], [ 113.92708, 22.544706 ], [ 113.92715, 22.545206 ], [ 113.9273, 22.545776 ], [ 113.927379, 22.546021 ] ] } },
{ "type": "Feature", "properties": { "highway": "primary", "name": "新安五路" }, "geometry": { "type": "LineString", "coordinates": [ [ 113.885073, 22.58014 ], [ 113.885491, 22.580499 ] ] } },
{ "type": "Feature", "properties": { "highway": "primary", "name": "新安五路" }, "geometry": { "type": "LineString", "coordinates": [ [ 113.885029, 22.580191 ], [ 113.88453, 22.579763 ] ] } },
{ "type": "Feature", "properties": { "highway": "tertiary", "name": "西乡荔园路" }, "geometry": { "type": "LineString", "coordinates": [ [ 113.876549, 22.57881 ], [ 113.879049, 22.5799 ] ] } },
{ "type": "Feature", "properties": { "highway": "tertiary", "name": null }, "geometry": { "type": "LineString", "coordinates": [ [ 113.864681, 22.562842 ], [ 113.86408, 22.562886 ] ] } },
{ "type": "Feature", "properties": { "highway": "trunk_link", "name": null }, "geometry": { "type": "LineString", "coordinates": [ [ 113.904476, 22.547602 ], [ 113.904358, 22.547359 ], [ 113.90419, 22.547088 ], [ 113.903972, 22.546854 ] ] } },
{ "type": "Feature", "properties": { "highway": "trunk_link", "name": null }, "geometry": { "type": "LineString", "coordinates": [ [ 113.90462, 22.547938 ], [ 113.904476, 22.547602 ] ] } },
{ "type": "Feature", "properties": { "highway": "trunk_link", "name": "北环大道辅路" }, "geometry": { "type": "LineString", "coordinates": [ [ 113.904428, 22.54209 ], [ 113.904538, 22.541302 ] ] } },
{ "type": "Feature", "properties": { "highway": "trunk_link", "name": null }, "geometry": { "type": "LineString", "coordinates": [ [ 113.874721, 22.572199 ], [ 113.874811, 22.572036 ], [ 113.874843, 22.571837 ], [ 113.874832, 22.57176 ], [ 113.874765, 22.571599 ], [ 113.874645, 22.571427 ] ] } },
{ "type": "Feature", "properties": { "highway": "trunk_link", "name": null }, "geometry": { "type": "LineString", "coordinates": [ [ 113.869025, 22.576865 ], [ 113.868953, 22.576765 ], [ 113.868858, 22.576709 ], [ 113.868711, 22.576707 ], [ 113.868407, 22.576787 ] ] } },
{ "type": "Feature", "properties": { "highway": "trunk_link", "name": null }, "geometry": { "type": "LineString", "coordinates": [ [ 113.864229, 22.580224 ], [ 113.864087, 22.580458 ], [ 113.864009, 22.58063 ], [ 113.86401, 22.58087 ], [ 113.864095, 22.581165 ] ] } },
{ "type": "Feature", "properties": { "highway": "trunk_link", "name": null }, "geometry": { "type": "LineString", "coordinates": [ [ 113.863962, 22.581296 ], [ 113.863778, 22.581225 ], [ 113.863611, 22.581209 ], [ 113.863384, 22.581229 ], [ 113.863111, 22.581312 ] ] } },
{ "type": "Feature", "properties": { "highway": "primary", "name": "宝安大道辅路" }, "geometry": { "type": "LineString", "coordinates": [ [ 113.858786, 22.584592 ], [ 113.859254, 22.584184 ], [ 113.85992, 22.583688 ], [ 113.860857, 22.58293 ], [ 113.862266, 22.58166 ], [ 113.862895, 22.581149 ] ] } },
{ "type": "Feature", "properties": { "highway": "primary_link", "name": null }, "geometry": { "type": "LineString", "coordinates": [ [ 113.863773, 22.568406 ], [ 113.863689, 22.568503 ], [ 113.863637, 22.568594 ], [ 113.863609, 22.568685 ], [ 113.863618, 22.568879 ], [ 113.863691, 22.569078 ] ] } },
{ "type": "Feature", "properties": { "highway": "primary_link", "name": null }, "geometry": { "type": "LineString", "coordinates": [ [ 113.863576, 22.569153 ], [ 113.863382, 22.569015 ], [ 113.863231, 22.568959 ], [ 113.863142, 22.568952 ], [ 113.863034, 22.568969 ], [ 113.862891, 22.569022 ] ] } },
{ "type": "Feature", "properties": { "highway": "primary_link", "name": null }, "geometry": { "type": "LineString", "coordinates": [ [ 113.862799, 22.56891 ], [ 113.862918, 22.568764 ], [ 113.862992, 22.568616 ], [ 113.862995, 22.56854 ], [ 113.862974, 22.568452 ], [ 113.862887, 22.56828 ] ] } },
{ "type": "Feature", "properties": { "highway": "primary_link", "name": null }, "geometry": { "type": "LineString", "coordinates": [ [ 113.862984, 22.568181 ], [ 113.863205, 22.568331 ], [ 113.863364, 22.56837 ], [ 113.863527, 22.568348 ], [ 113.863664, 22.568287 ] ] } },
{ "type": "Feature", "properties": { "highway": "primary", "name": "南海大道" }, "geometry": { "type": "LineString", "coordinates": [ [ 113.927044, 22.538559 ], [ 113.927081, 22.53764 ] ] } },
{ "type": "Feature", "properties": { "highway": "primary", "name": "南海大道" }, "geometry": { "type": "LineString", "coordinates": [ [ 113.926924, 22.544619 ], [ 113.926924, 22.543257 ] ] } },
{ "type": "Feature", "properties": { "highway": "primary", "name": "深南大道" }, "geometry": { "type": "LineString", "coordinates": [ [ 113.929317, 22.542801 ], [ 113.926458, 22.542927 ] ] } },
{ "type": "Feature", "properties": { "highway": "primary", "name": "深南大道" }, "geometry": { "type": "LineString", "coordinates": [ [ 113.944624, 22.543195 ], [ 113.943403, 22.543124 ], [ 113.93882, 22.542948 ], [ 113.936301, 22.542813 ], [ 113.935513, 22.542794 ], [ 113.934799, 22.542755 ], [ 113.932728, 22.542691 ], [ 113.931612, 22.542717 ] ] } },
{ "type": "Feature", "properties": { "highway": "primary", "name": "深南大道" }, "geometry": { "type": "LineString", "coordinates": [ [ 113.928232, 22.542549 ], [ 113.928761, 22.542522 ] ] } },
{ "type": "Feature", "properties": { "highway": "primary", "name": "深南大道" }, "geometry": { "type": "LineString", "coordinates": [ [ 113.92996, 22.542473 ], [ 113.932046, 22.542391 ], [ 113.932721, 22.542387 ], [ 113.935595, 22.542503 ], [ 113.939135, 22.542678 ], [ 113.940929, 22.542734 ] ] } },
{ "type": "Feature", "properties": { "highway": "primary", "name": "南海大道" }, "geometry": { "type": "LineString", "coordinates": [ [ 113.927163, 22.538393 ], [ 113.927155, 22.539459 ] ] } },
{ "type": "Feature", "properties": { "highway": "primary", "name": "南海大道" }, "geometry": { "type": "LineString", "coordinates": [ [ 113.927155, 22.539459 ], [ 113.9271, 22.541259 ] ] } },
{ "type": "Feature", "properties": { "highway": "primary", "name": "南海大道" }, "geometry": { "type": "LineString", "coordinates": [ [ 113.925784, 22.532849 ], [ 113.926188, 22.533617 ] ] } },
{ "type": "Feature", "properties": { "highway": "primary", "name": "宝源路" }, "geometry": { "type": "LineString", "coordinates": [ [ 113.856821, 22.5736 ], [ 113.854261, 22.575694 ] ] } },
{ "type": "Feature", "properties": { "highway": "secondary", "name": null }, "geometry": { "type": "LineString", "coordinates": [ [ 113.929302, 22.559583 ], [ 113.929306, 22.559691 ] ] } },
{ "type": "Feature", "properties": { "highway": "primary", "name": "南海大道" }, "geometry": { "type": "LineString", "coordinates": [ [ 113.929025, 22.557989 ], [ 113.929148, 22.559091 ] ] } },
{ "type": "Feature", "properties": { "highway": "primary", "name": "南海大道" }, "geometry": { "type": "LineString", "coordinates": [ [ 113.928702, 22.554423 ], [ 113.928701, 22.554685 ] ] } },
{ "type": "Feature", "properties": { "highway": "primary", "name": "北环大道辅路" }, "geometry": { "type": "LineString", "coordinates": [ [ 113.928305, 22.554991 ], [ 113.929105, 22.554957 ] ] } },
{ "type": "Feature", "properties": { "highway": "primary", "name": "北环大道辅路" }, "geometry": { "type": "LineString", "coordinates": [ [ 113.926537, 22.555054 ], [ 113.928305, 22.554991 ] ] } },
{ "type": "Feature", "properties": { "highway": "primary", "name": "北环大道辅路" }, "geometry": { "type": "LineString", "coordinates": [ [ 113.918966, 22.555288 ], [ 113.920013, 22.555267 ], [ 113.923022, 22.555083 ] ] } },
{ "type": "Feature", "properties": { "highway": "primary", "name": "南山大道" }, "geometry": { "type": "LineString", "coordinates": [ [ 113.918417, 22.553543 ], [ 113.918408, 22.553894 ] ] } },
{ "type": "Feature", "properties": { "highway": "primary", "name": "南山大道" }, "geometry": { "type": "LineString", "coordinates": [ [ 113.918485, 22.551129 ], [ 113.918417, 22.553543 ] ] } },
{ "type": "Feature", "properties": { "highway": "primary", "name": "南山大道" }, "geometry": { "type": "LineString", "coordinates": [ [ 113.918961, 22.544813 ], [ 113.918843, 22.545759 ] ] } },
{ "type": "Feature", "properties": { "highway": "tertiary", "name": "南山大道辅路" }, "geometry": { "type": "LineString", "coordinates": [ [ 113.918961, 22.544813 ], [ 113.919001, 22.545088 ], [ 113.918929, 22.545764 ] ] } },
{ "type": "Feature", "properties": { "highway": "primary", "name": "南山大道" }, "geometry": { "type": "LineString", "coordinates": [ [ 113.919092, 22.543628 ], [ 113.918961, 22.544813 ] ] } },
{ "type": "Feature", "properties": { "highway": "primary", "name": "南山大道" }, "geometry": { "type": "LineString", "coordinates": [ [ 113.918843, 22.545759 ], [ 113.918645, 22.547445 ], [ 113.918635, 22.547901 ] ] } },
{ "type": "Feature", "properties": { "highway": "primary", "name": "深南大道" }, "geometry": { "type": "LineString", "coordinates": [ [ 113.916047, 22.543192 ], [ 113.918965, 22.543076 ] ] } },
{ "type": "Feature", "properties": { "highway": "secondary", "name": "深南大道辅路" }, "geometry": { "type": "LineString", "coordinates": [ [ 113.912283, 22.544187 ], [ 113.913908, 22.543668 ], [ 113.914171, 22.543611 ], [ 113.914331, 22.543609 ] ] } },
{ "type": "Feature", "properties": { "highway": "primary_link", "name": null }, "geometry": { "type": "LineString", "coordinates": [ [ 113.915496, 22.542878 ], [ 113.915579, 22.543034 ], [ 113.915654, 22.543099 ], [ 113.915769, 22.543152 ], [ 113.916047, 22.543192 ] ] } },
{ "type": "Feature", "properties": { "highway": "primary", "name": "深南大道" }, "geometry": { "type": "LineString", "coordinates": [ [ 113.914331, 22.543609 ], [ 113.914687, 22.543497 ] ] } },
{ "type": "Feature", "properties": { "highway": "secondary", "name": "桃园路" }, "geometry": { "type": "LineString", "coordinates": [ [ 113.919993, 22.535439 ], [ 113.916181, 22.535578 ] ] } },
{ "type": "Feature", "properties": { "highway": "secondary", "name": null }, "geometry": { "type": "LineString", "coordinates": [ [ 113.925784, 22.532849 ], [ 113.926274, 22.533576 ], [ 113.92698, 22.534874 ] ] } },
{ "type": "Feature", "properties": { "highway": "secondary", "name": null }, "geometry": { "type": "LineString", "coordinates": [ [ 113.926679, 22.534986 ], [ 113.926526, 22.534633 ], [ 113.925816, 22.53327 ], [ 113.92557, 22.532692 ] ] } },
{ "type": "Feature", "properties": { "highway": "secondary", "name": "桃园路" }, "geometry": { "type": "LineString", "coordinates": [ [ 113.926306, 22.53541 ], [ 113.92682, 22.53543 ] ] } },
{ "type": "Feature", "properties": { "highway": "secondary", "name": "桃园路" }, "geometry": { "type": "LineString", "coordinates": [ [ 113.916167, 22.535468 ], [ 113.919299, 22.535346 ] ] } },
{ "type": "Feature", "properties": { "highway": "primary", "name": "深南大道" }, "geometry": { "type": "LineString", "coordinates": [ [ 113.91554, 22.543419 ], [ 113.914963, 22.54357 ], [ 113.914117, 22.543859 ] ] } },
{ "type": "Feature", "properties": { "highway": "primary", "name": "深南大道" }, "geometry": { "type": "LineString", "coordinates": [ [ 113.922868, 22.543081 ], [ 113.921007, 22.543174 ] ] } },
{ "type": "Feature", "properties": { "highway": "primary", "name": "南山大道" }, "geometry": { "type": "LineString", "coordinates": [ [ 113.918794, 22.544961 ], [ 113.918929, 22.543583 ] ] } },
{ "type": "Feature", "properties": { "highway": "primary", "name": "南山大道" }, "geometry": { "type": "LineString", "coordinates": [ [ 113.918289, 22.552413 ], [ 113.918371, 22.549248 ] ] } },
{ "type": "Feature", "properties": { "highway": "primary", "name": "南山大道辅路" }, "geometry": { "type": "LineString", "coordinates": [ [ 113.918144, 22.55483 ], [ 113.918231, 22.553637 ], [ 113.918256, 22.552616 ], [ 113.918289, 22.552413 ] ] } },
{ "type": "Feature", "properties": { "highway": "primary", "name": "南山大道" }, "geometry": { "type": "LineString", "coordinates": [ [ 113.918325, 22.553541 ], [ 113.918336, 22.552619 ], [ 113.918289, 22.552413 ] ] } },
{ "type": "Feature", "properties": { "highway": "secondary", "name": "南山大道" }, "geometry": { "type": "LineString", "coordinates": [ [ 113.91941, 22.56086 ], [ 113.91915, 22.559689 ] ] } },
{ "type": "Feature", "properties": { "highway": "tertiary", "name": null }, "geometry": { "type": "LineString", "coordinates": [ [ 113.919282, 22.560622 ], [ 113.919104, 22.559869 ] ] } },
{ "type": "Feature", "properties": { "highway": "tertiary", "name": null }, "geometry": { "type": "LineString", "coordinates": [ [ 113.919104, 22.559869 ], [ 113.91915, 22.559689 ] ] } },
{ "type": "Feature", "properties": { "highway": "tertiary", "name": null }, "geometry": { "type": "LineString", "coordinates": [ [ 113.919227, 22.559497 ], [ 113.91932, 22.559625 ], [ 113.919556, 22.560676 ], [ 113.919543, 22.560978 ] ] } },
{ "type": "Feature", "properties": { "highway": "secondary", "name": "南山大道" }, "geometry": { "type": "LineString", "coordinates": [ [ 113.919671, 22.561706 ], [ 113.919579, 22.561611 ], [ 113.91941, 22.56086 ] ] } },
{ "type": "Feature", "properties": { "highway": "tertiary", "name": null }, "geometry": { "type": "LineString", "coordinates": [ [ 113.91941, 22.56086 ], [ 113.919282, 22.560622 ] ] } },
{ "type": "Feature", "properties": { "highway": "primary_link", "name": null }, "geometry": { "type": "LineString", "coordinates": [ [ 113.918815, 22.558158 ], [ 113.918581, 22.557541 ], [ 113.918321, 22.556487 ] ] } },
{ "type": "Feature", "properties": { "highway": "primary_link", "name": null }, "geometry": { "type": "LineString", "coordinates": [ [ 113.918714, 22.556504 ], [ 113.918847, 22.557342 ], [ 113.918886, 22.557968 ] ] } },
{ "type": "Feature", "properties": { "highway": "primary", "name": "北环大道辅路" }, "geometry": { "type": "LineString", "coordinates": [ [ 113.923842, 22.555813 ], [ 113.921607, 22.55592 ] ] } },
{ "type": "Feature", "properties": { "highway": "primary", "name": "北环南海立交" }, "geometry": { "type": "LineString", "coordinates": [ [ 113.931223, 22.555412 ], [ 113.929195, 22.555379 ] ] } },
{ "type": "Feature", "properties": { "highway": "trunk", "name": "北环大道" }, "geometry": { "type": "LineString", "coordinates": [ [ 113.932706, 22.55539 ], [ 113.932143, 22.555366 ] ] } },
{ "type": "Feature", "properties": { "highway": "trunk", "name": "南坪快速" }, "geometry": { "type": "LineString", "coordinates": [ [ 113.896936, 22.547124 ], [ 113.895642, 22.546072 ] ] } },
{ "type": "Feature", "properties": { "highway": "secondary", "name": "临海大道" }, "geometry": { "type": "LineString", "coordinates": [ [ 113.888845, 22.54268 ], [ 113.889119, 22.542238 ], [ 113.889376, 22.541733 ] ] } },
{ "type": "Feature", "properties": { "highway": "trunk_link", "name": null }, "geometry": { "type": "LineString", "coordinates": [ [ 113.889891, 22.533671 ], [ 113.889818, 22.533351 ], [ 113.889833, 22.532215 ], [ 113.889788, 22.531369 ], [ 113.889758, 22.531269 ], [ 113.889727, 22.531198 ], [ 113.889666, 22.531117 ], [ 113.889584, 22.531051 ], [ 113.889464, 22.530994 ], [ 113.889353, 22.53097 ], [ 113.889224, 22.530973 ], [ 113.889121, 22.530996 ], [ 113.88902, 22.531039 ], [ 113.888892, 22.531153 ] ] } },
{ "type": "Feature", "properties": { "highway": "secondary", "name": "听海大道" }, "geometry": { "type": "LineString", "coordinates": [ [ 113.893206, 22.540901 ], [ 113.89318, 22.541989 ], [ 113.893137, 22.542373 ], [ 113.893044, 22.542741 ], [ 113.892935, 22.543042 ], [ 113.892696, 22.543565 ] ] } },
{ "type": "Feature", "properties": { "highway": "primary_link", "name": "桂湾联络道" }, "geometry": { "type": "LineString", "coordinates": [ [ 113.8885, 22.540294 ], [ 113.888383, 22.5402 ], [ 113.888304, 22.540114 ], [ 113.888259, 22.540037 ], [ 113.888228, 22.539932 ], [ 113.888226, 22.539815 ], [ 113.888271, 22.539563 ], [ 113.88853, 22.538684 ], [ 113.888615, 22.53834 ], [ 113.888718, 22.5378 ], [ 113.888746, 22.537476 ], [ 113.888788, 22.536628 ], [ 113.888785, 22.535746 ], [ 113.888731, 22.535084 ], [ 113.88862, 22.534382 ] ] } },
{ "type": "Feature", "properties": { "highway": "trunk_link", "name": null }, "geometry": { "type": "LineString", "coordinates": [ [ 113.904366, 22.551576 ], [ 113.902327, 22.550459 ], [ 113.901783, 22.55014 ], [ 113.90123, 22.549782 ] ] } },
{ "type": "Feature", "properties": { "highway": "trunk_link", "name": null }, "geometry": { "type": "LineString", "coordinates": [ [ 113.908529, 22.553552 ], [ 113.907727, 22.55323 ], [ 113.905055, 22.552024 ], [ 113.904327, 22.551658 ], [ 113.902941, 22.550895 ] ] } },
{ "type": "Feature", "properties": { "highway": "primary_link", "name": null }, "geometry": { "type": "LineString", "coordinates": [ [ 113.909436, 22.547246 ], [ 113.909298, 22.54724 ] ] } },
{ "type": "Feature", "properties": { "highway": "primary_link", "name": null }, "geometry": { "type": "LineString", "coordinates": [ [ 113.90938, 22.547721 ], [ 113.909276, 22.547469 ] ] } },
{ "type": "Feature", "properties": { "highway": "primary_link", "name": null }, "geometry": { "type": "LineString", "coordinates": [ [ 113.897158, 22.538167 ], [ 113.896988, 22.53824 ], [ 113.896873, 22.538311 ], [ 113.89676, 22.538446 ], [ 113.896722, 22.538551 ] ] } },
{ "type": "Feature", "properties": { "highway": "primary_link", "name": null }, "geometry": { "type": "LineString", "coordinates": [ [ 113.896735, 22.537666 ], [ 113.896796, 22.537821 ], [ 113.896876, 22.537939 ], [ 113.897034, 22.538038 ], [ 113.897172, 22.538082 ] ] } },
{ "type": "Feature", "properties": { "highway": "primary_link", "name": null }, "geometry": { "type": "LineString", "coordinates": [ [ 113.896571, 22.538548 ], [ 113.896526, 22.538387 ], [ 113.896461, 22.538285 ], [ 113.896372, 22.538219 ], [ 113.896242, 22.538153 ] ] } },
{ "type": "Feature", "properties": { "highway": "primary_link", "name": null }, "geometry": { "type": "LineString", "coordinates": [ [ 113.896224, 22.538067 ], [ 113.896335, 22.538028 ], [ 113.896461, 22.53794 ], [ 113.896542, 22.537808 ], [ 113.896581, 22.537668 ] ] } },
{ "type": "Feature", "properties": { "highway": "primary_link", "name": null }, "geometry": { "type": "LineString", "coordinates": [ [ 113.896522, 22.541033 ], [ 113.896476, 22.540878 ], [ 113.896392, 22.540738 ], [ 113.896304, 22.540671 ], [ 113.896134, 22.540607 ] ] } },
{ "type": "Feature", "properties": { "highway": "primary_link", "name": null }, "geometry": { "type": "LineString", "coordinates": [ [ 113.896134, 22.540607 ], [ 113.896315, 22.540543 ], [ 113.896371, 22.540507 ], [ 113.896473, 22.540387 ], [ 113.896535, 22.540214 ] ] } },
{ "type": "Feature", "properties": { "highway": "tertiary", "name": "南头街" }, "geometry": { "type": "LineString", "coordinates": [ [ 113.916742, 22.538596 ], [ 113.919636, 22.53873 ] ] } },
{ "type": "Feature", "properties": { "highway": "tertiary", "name": "南光路" }, "geometry": { "type": "LineString", "coordinates": [ [ 113.923156, 22.535356 ], [ 113.923231, 22.532666 ], [ 113.92326, 22.530352 ], [ 113.923236, 22.52973 ], [ 113.923192, 22.529153 ], [ 113.922974, 22.526767 ] ] } },
{ "type": "Feature", "properties": { "highway": "secondary", "name": "兴业路" }, "geometry": { "type": "LineString", "coordinates": [ [ 113.853388, 22.569428 ], [ 113.858821, 22.564998 ], [ 113.860499, 22.563587 ], [ 113.860834, 22.563343 ], [ 113.861318, 22.563083 ], [ 113.861616, 22.562972 ], [ 113.861787, 22.562926 ], [ 113.862096, 22.562866 ], [ 113.862552, 22.562812 ], [ 113.863784, 22.562724 ] ] } },
{ "type": "Feature", "properties": { "highway": "secondary", "name": "兴业路" }, "geometry": { "type": "LineString", "coordinates": [ [ 113.870161, 22.558508 ], [ 113.866321, 22.562306 ], [ 113.866083, 22.562517 ] ] } },
{ "type": "Feature", "properties": { "highway": "secondary", "name": "裕安一路" }, "geometry": { "type": "LineString", "coordinates": [ [ 113.873459, 22.556029 ], [ 113.870897, 22.553854 ], [ 113.868407, 22.551682 ] ] } },
{ "type": "Feature", "properties": { "highway": "trunk", "name": "宝安大道" }, "geometry": { "type": "LineString", "coordinates": [ [ 113.886839, 22.561636 ], [ 113.886245, 22.562215 ], [ 113.885597, 22.562526 ], [ 113.885395, 22.562676 ], [ 113.8843, 22.56373 ], [ 113.883696, 22.564251 ], [ 113.883337, 22.564583 ] ] } },
{ "type": "Feature", "properties": { "highway": "trunk", "name": "宝安大道" }, "geometry": { "type": "LineString", "coordinates": [ [ 113.890258, 22.558379 ], [ 113.887722, 22.560793 ] ] } },
{ "type": "Feature", "properties": { "highway": "trunk", "name": "宝安大道" }, "geometry": { "type": "LineString", "coordinates": [ [ 113.896369, 22.55201 ], [ 113.897127, 22.551281 ] ] } },
{ "type": "Feature", "properties": { "highway": "trunk", "name": "宝安大道" }, "geometry": { "type": "LineString", "coordinates": [ [ 113.886165, 22.561866 ], [ 113.887193, 22.560859 ] ] } },
{ "type": "Feature", "properties": { "highway": "secondary", "name": "裕安一路" }, "geometry": { "type": "LineString", "coordinates": [ [ 113.882765, 22.563961 ], [ 113.883213, 22.564441 ] ] } },
{ "type": "Feature", "properties": { "highway": "secondary", "name": "裕安一路" }, "geometry": { "type": "LineString", "coordinates": [ [ 113.868511, 22.551583 ], [ 113.869504, 22.552428 ], [ 113.871024, 22.553757 ], [ 113.87265, 22.555119 ], [ 113.873025, 22.555474 ] ] } },
{ "type": "Feature", "properties": { "highway": "secondary", "name": "兴业路" }, "geometry": { "type": "LineString", "coordinates": [ [ 113.873025, 22.555474 ], [ 113.875829, 22.552667 ] ] } },
{ "type": "Feature", "properties": { "highway": "primary_link", "name": null }, "geometry": { "type": "LineString", "coordinates": [ [ 113.914968, 22.543712 ], [ 113.914117, 22.543859 ] ] } },
{ "type": "Feature", "properties": { "highway": "primary_link", "name": null }, "geometry": { "type": "LineString", "coordinates": [ [ 113.929195, 22.570422 ], [ 113.929064, 22.570497 ], [ 113.92893, 22.57051 ], [ 113.928818, 22.570467 ], [ 113.928717, 22.570374 ] ] } },
{ "type": "Feature", "properties": { "highway": "primary_link", "name": null }, "geometry": { "type": "LineString", "coordinates": [ [ 113.924052, 22.584302 ], [ 113.924138, 22.584324 ], [ 113.924193, 22.58439 ], [ 113.924202, 22.584431 ], [ 113.924196, 22.584472 ], [ 113.924146, 22.58454 ], [ 113.924061, 22.584564 ] ] } },
{ "type": "Feature", "properties": { "highway": "primary_link", "name": null }, "geometry": { "type": "LineString", "coordinates": [ [ 113.925689, 22.584566 ], [ 113.925557, 22.584574 ], [ 113.925415, 22.584605 ], [ 113.925304, 22.58465 ], [ 113.925217, 22.584725 ] ] } },
{ "type": "Feature", "properties": { "highway": "primary_link", "name": null }, "geometry": { "type": "LineString", "coordinates": [ [ 113.924855, 22.584974 ], [ 113.924777, 22.584822 ], [ 113.924627, 22.584695 ], [ 113.924526, 22.584647 ], [ 113.924409, 22.584613 ], [ 113.924213, 22.584582 ] ] } },
{ "type": "Feature", "properties": { "highway": "primary_link", "name": null }, "geometry": { "type": "LineString", "coordinates": [ [ 113.925151, 22.584064 ], [ 113.925198, 22.584191 ], [ 113.925279, 22.584278 ], [ 113.925442, 22.584362 ], [ 113.925552, 22.584384 ] ] } },
{ "type": "Feature", "properties": { "highway": "primary_link", "name": null }, "geometry": { "type": "LineString", "coordinates": [ [ 113.924443, 22.584305 ], [ 113.924567, 22.584276 ], [ 113.924722, 22.584166 ], [ 113.924775, 22.584094 ], [ 113.92486, 22.583837 ] ] } },
{ "type": "Feature", "properties": { "highway": "tertiary", "name": "留仙二路" }, "geometry": { "type": "LineString", "coordinates": [ [ 113.917312, 22.581711 ], [ 113.915409, 22.583633 ], [ 113.914195, 22.584833 ] ] } },
{ "type": "Feature", "properties": { "highway": "primary", "name": "留仙三路" }, "geometry": { "type": "LineString", "coordinates": [ [ 113.920581, 22.585915 ], [ 113.918285, 22.588196 ], [ 113.918182, 22.588284 ] ] } },
{ "type": "Feature", "properties": { "highway": "primary_link", "name": null }, "geometry": { "type": "LineString", "coordinates": [ [ 113.928534, 22.548698 ], [ 113.92874, 22.548949 ] ] } },
{ "type": "Feature", "properties": { "highway": "primary", "name": "滨海大道" }, "geometry": { "type": "LineString", "coordinates": [ [ 113.89291, 22.529709 ], [ 113.889934, 22.531916 ] ] } },
{ "type": "Feature", "properties": { "highway": "trunk_link", "name": null }, "geometry": { "type": "LineString", "coordinates": [ [ 113.910139, 22.551628 ], [ 113.910213, 22.551737 ], [ 113.910372, 22.551894 ], [ 113.912456, 22.552939 ], [ 113.912736, 22.553106 ], [ 113.913234, 22.553438 ] ] } },
{ "type": "Feature", "properties": { "highway": "primary_link", "name": null }, "geometry": { "type": "LineString", "coordinates": [ [ 113.923326, 22.543148 ], [ 113.923168, 22.543221 ] ] } },
{ "type": "Feature", "properties": { "highway": "primary", "name": "广深公路辅路" }, "geometry": { "type": "LineString", "coordinates": [ [ 113.890261, 22.569311 ], [ 113.891757, 22.567663 ], [ 113.89187, 22.56752 ], [ 113.891967, 22.567349 ] ] } },
{ "type": "Feature", "properties": { "highway": "trunk_link", "name": "广深公路辅路" }, "geometry": { "type": "LineString", "coordinates": [ [ 113.871462, 22.589173 ], [ 113.87125, 22.589198 ], [ 113.871093, 22.58925 ], [ 113.870767, 22.589461 ], [ 113.870662, 22.589574 ], [ 113.870108, 22.59035 ], [ 113.869591, 22.591171 ], [ 113.869221, 22.591444 ] ] } },
{ "type": "Feature", "properties": { "highway": "primary_link", "name": null }, "geometry": { "type": "LineString", "coordinates": [ [ 113.878767, 22.574324 ], [ 113.878723, 22.574458 ], [ 113.878721, 22.574523 ], [ 113.878735, 22.574587 ], [ 113.878802, 22.574702 ] ] } },
{ "type": "Feature", "properties": { "highway": "primary_link", "name": null }, "geometry": { "type": "LineString", "coordinates": [ [ 113.878251, 22.574228 ], [ 113.878382, 22.574287 ], [ 113.878449, 22.5743 ], [ 113.878585, 22.574295 ], [ 113.878711, 22.574248 ] ] } },
{ "type": "Feature", "properties": { "highway": "tertiary", "name": "开屏路" }, "geometry": { "type": "LineString", "coordinates": [ [ 113.877529, 22.570218 ], [ 113.88035, 22.572652 ] ] } },
{ "type": "Feature", "properties": { "highway": "secondary", "name": "湖滨西路" }, "geometry": { "type": "LineString", "coordinates": [ [ 113.890148, 22.544116 ], [ 113.890343, 22.544215 ], [ 113.891715, 22.545268 ], [ 113.893675, 22.546828 ], [ 113.895026, 22.547954 ], [ 113.897194, 22.549657 ], [ 113.897485, 22.54988 ], [ 113.897638, 22.549908 ] ] } },
{ "type": "Feature", "properties": { "highway": "trunk_link", "name": null }, "geometry": { "type": "LineString", "coordinates": [ [ 113.879796, 22.567962 ], [ 113.880193, 22.567438 ] ] } },
{ "type": "Feature", "properties": { "highway": "primary_link", "name": null }, "geometry": { "type": "LineString", "coordinates": [ [ 113.882821, 22.564921 ], [ 113.882965, 22.564601 ], [ 113.882946, 22.564451 ], [ 113.882889, 22.564255 ] ] } },
{ "type": "Feature", "properties": { "highway": "primary_link", "name": null }, "geometry": { "type": "LineString", "coordinates": [ [ 113.883809, 22.565058 ], [ 113.883531, 22.564942 ], [ 113.883452, 22.564933 ], [ 113.883346, 22.564952 ], [ 113.883216, 22.565009 ], [ 113.883039, 22.565116 ] ] } },
{ "type": "Feature", "properties": { "highway": "primary", "name": null }, "geometry": { "type": "LineString", "coordinates": [ [ 113.898589, 22.550608 ], [ 113.898359, 22.550791 ], [ 113.897689, 22.551226 ] ] } },
{ "type": "Feature", "properties": { "highway": "secondary", "name": "宝石路辅路" }, "geometry": { "type": "LineString", "coordinates": [ [ 113.917718, 22.589068 ], [ 113.91749, 22.589423 ], [ 113.915882, 22.591067 ], [ 113.915662, 22.591365 ], [ 113.915494, 22.591631 ], [ 113.915339, 22.591932 ], [ 113.915125, 22.592543 ], [ 113.915074, 22.592824 ], [ 113.915042, 22.593116 ], [ 113.915034, 22.593457 ], [ 113.915056, 22.593795 ], [ 113.915089, 22.594029 ], [ 113.915231, 22.594745 ], [ 113.915522, 22.595866 ], [ 113.915718, 22.596522 ], [ 113.915994, 22.597342 ], [ 113.916887, 22.600608 ], [ 113.917039, 22.601096 ], [ 113.917229, 22.601581 ], [ 113.917333, 22.60181 ], [ 113.91743, 22.601926 ], [ 113.917613, 22.602253 ], [ 113.917632, 22.602333 ], [ 113.920138, 22.60607 ], [ 113.920364, 22.606495 ], [ 113.920559, 22.606937 ], [ 113.920732, 22.607429 ], [ 113.920879, 22.60804 ], [ 113.920954, 22.608577 ], [ 113.920997, 22.609478 ], [ 113.921084, 22.61379 ], [ 113.921114, 22.616956 ], [ 113.921156, 22.6184 ], [ 113.921354, 22.630717 ], [ 113.921513, 22.637062 ], [ 113.921506, 22.637338 ], [ 113.921468, 22.637544 ], [ 113.921364, 22.637856 ] ] } },
{ "type": "Feature", "properties": { "highway": "primary", "name": "南海大道" }, "geometry": { "type": "LineString", "coordinates": [ [ 113.926109, 22.533646 ], [ 113.92557, 22.532692 ] ] } },
{ "type": "Feature", "properties": { "highway": "primary", "name": "南海大道" }, "geometry": { "type": "LineString", "coordinates": [ [ 113.927172, 22.537644 ], [ 113.927163, 22.538393 ] ] } },
{ "type": "Feature", "properties": { "highway": "tertiary", "name": "金港大道" }, "geometry": { "type": "LineString", "coordinates": [ [ 113.854525, 22.553194 ], [ 113.855395, 22.550324 ], [ 113.855541, 22.549998 ] ] } },
{ "type": "Feature", "properties": { "highway": "tertiary", "name": "流塘路" }, "geometry": { "type": "LineString", "coordinates": [ [ 113.889742, 22.589255 ], [ 113.892632, 22.590314 ], [ 113.892697, 22.590371 ] ] } },
{ "type": "Feature", "properties": { "highway": "primary_link", "name": null }, "geometry": { "type": "LineString", "coordinates": [ [ 113.878172, 22.592026 ], [ 113.878364, 22.592063 ], [ 113.878706, 22.592076 ], [ 113.87894, 22.592042 ], [ 113.879127, 22.591981 ] ] } },
{ "type": "Feature", "properties": { "highway": "primary", "name": "北环大道辅路" }, "geometry": { "type": "LineString", "coordinates": [ [ 113.915731, 22.554873 ], [ 113.916221, 22.555011 ], [ 113.917065, 22.55519 ], [ 113.917503, 22.555244 ], [ 113.918154, 22.555285 ], [ 113.918966, 22.555288 ] ] } },
{ "type": "Feature", "properties": { "highway": "primary_link", "name": null }, "geometry": { "type": "LineString", "coordinates": [ [ 113.868511, 22.584742 ], [ 113.868591, 22.584937 ] ] } },
{ "type": "Feature", "properties": { "highway": "tertiary", "name": "宝民二路" }, "geometry": { "type": "LineString", "coordinates": [ [ 113.873706, 22.588148 ], [ 113.873621, 22.588366 ], [ 113.873606, 22.588526 ] ] } },
{ "type": "Feature", "properties": { "highway": "tertiary", "name": "宝民二路" }, "geometry": { "type": "LineString", "coordinates": [ [ 113.873413, 22.588403 ], [ 113.873706, 22.588148 ] ] } },
{ "type": "Feature", "properties": { "highway": "tertiary", "name": "西乡大道辅路" }, "geometry": { "type": "LineString", "coordinates": [ [ 113.879879, 22.592581 ], [ 113.880177, 22.592546 ], [ 113.88079, 22.592643 ], [ 113.88604, 22.592979 ] ] } },
{ "type": "Feature", "properties": { "highway": "tertiary", "name": "西乡大道辅路" }, "geometry": { "type": "LineString", "coordinates": [ [ 113.893919, 22.593758 ], [ 113.893625, 22.593792 ], [ 113.892822, 22.593714 ], [ 113.891183, 22.593622 ] ] } },
{ "type": "Feature", "properties": { "highway": "motorway_link", "name": null }, "geometry": { "type": "LineString", "coordinates": [ [ 113.894485, 22.593782 ], [ 113.894724, 22.593853 ], [ 113.895136, 22.594016 ], [ 113.895668, 22.59426 ], [ 113.895849, 22.594317 ], [ 113.896074, 22.594354 ], [ 113.896599, 22.594393 ], [ 113.89684, 22.594366 ], [ 113.897061, 22.594325 ], [ 113.897507, 22.594172 ], [ 113.897925, 22.59395 ], [ 113.898134, 22.59381 ], [ 113.898345, 22.593644 ], [ 113.898965, 22.593109 ], [ 113.900835, 22.59139 ] ] } },
{ "type": "Feature", "properties": { "highway": "trunk_link", "name": null }, "geometry": { "type": "LineString", "coordinates": [ [ 113.890261, 22.569311 ], [ 113.89075, 22.569009 ] ] } },
{ "type": "Feature", "properties": { "highway": "trunk_link", "name": null }, "geometry": { "type": "LineString", "coordinates": [ [ 113.859303, 22.606228 ], [ 113.859418, 22.6059 ] ] } },
{ "type": "Feature", "properties": { "highway": "trunk_link", "name": null }, "geometry": { "type": "LineString", "coordinates": [ [ 113.861381, 22.604327 ], [ 113.861074, 22.604486 ] ] } },
{ "type": "Feature", "properties": { "highway": "trunk_link", "name": null }, "geometry": { "type": "LineString", "coordinates": [ [ 113.863519, 22.600789 ], [ 113.863399, 22.601265 ] ] } },
{ "type": "Feature", "properties": { "highway": "trunk_link", "name": null }, "geometry": { "type": "LineString", "coordinates": [ [ 113.874288, 22.585407 ], [ 113.874173, 22.58573 ] ] } },
{ "type": "Feature", "properties": { "highway": "trunk_link", "name": null }, "geometry": { "type": "LineString", "coordinates": [ [ 113.874521, 22.584664 ], [ 113.874853, 22.584474 ] ] } },
{ "type": "Feature", "properties": { "highway": "trunk_link", "name": null }, "geometry": { "type": "LineString", "coordinates": [ [ 113.868593, 22.592611 ], [ 113.868522, 22.593062 ] ] } },
{ "type": "Feature", "properties": { "highway": "primary", "name": null }, "geometry": { "type": "LineString", "coordinates": [ [ 113.869591, 22.591171 ], [ 113.86945, 22.591395 ], [ 113.868522, 22.593062 ] ] } },
{ "type": "Feature", "properties": { "highway": "primary", "name": "创业二路" }, "geometry": { "type": "LineString", "coordinates": [ [ 113.89378, 22.567756 ], [ 113.893188, 22.567686 ], [ 113.892928, 22.567615 ], [ 113.892809, 22.567568 ], [ 113.892533, 22.567411 ], [ 113.892272, 22.567208 ] ] } },
{ "type": "Feature", "properties": { "highway": "primary", "name": "创业一路" }, "geometry": { "type": "LineString", "coordinates": [ [ 113.891681, 22.566056 ], [ 113.891564, 22.565727 ], [ 113.891462, 22.565555 ], [ 113.891336, 22.565405 ], [ 113.890311, 22.564515 ] ] } },
{ "type": "Feature", "properties": { "highway": "primary", "name": "创业二路" }, "geometry": { "type": "LineString", "coordinates": [ [ 113.894005, 22.567183 ], [ 113.894193, 22.567536 ], [ 113.894324, 22.567708 ], [ 113.894499, 22.567894 ] ] } },
{ "type": "Feature", "properties": { "highway": "primary", "name": "创业二路" }, "geometry": { "type": "LineString", "coordinates": [ [ 113.893142, 22.566047 ], [ 113.89328, 22.566121 ], [ 113.89347, 22.566268 ], [ 113.893734, 22.566562 ], [ 113.89388, 22.566832 ], [ 113.894005, 22.567183 ] ] } },
{ "type": "Feature", "properties": { "highway": "trunk_link", "name": null }, "geometry": { "type": "LineString", "coordinates": [ [ 113.892235, 22.566234 ], [ 113.892318, 22.56617 ], [ 113.892506, 22.56607 ], [ 113.892714, 22.566015 ], [ 113.89293, 22.566007 ], [ 113.893142, 22.566047 ] ] } },
{ "type": "Feature", "properties": { "highway": "trunk_link", "name": null }, "geometry": { "type": "LineString", "coordinates": [ [ 113.893498, 22.567313 ], [ 113.893381, 22.567397 ], [ 113.893249, 22.56746 ], [ 113.893107, 22.5675 ], [ 113.892959, 22.567515 ], [ 113.892811, 22.567504 ], [ 113.892667, 22.567469 ], [ 113.892533, 22.567411 ] ] } },
{ "type": "Feature", "properties": { "highway": "secondary", "name": "梦海大道" }, "geometry": { "type": "LineString", "coordinates": [ [ 113.894551, 22.546033 ], [ 113.894006, 22.546552 ] ] } },
{ "type": "Feature", "properties": { "highway": "primary", "name": "梦海大道" }, "geometry": { "type": "LineString", "coordinates": [ [ 113.89492, 22.545435 ], [ 113.895158, 22.545178 ], [ 113.895464, 22.54481 ], [ 113.895682, 22.544511 ], [ 113.895887, 22.544173 ], [ 113.896053, 22.543842 ], [ 113.896296, 22.543199 ], [ 113.896423, 22.542721 ], [ 113.89646, 22.542476 ], [ 113.896511, 22.541941 ], [ 113.896599, 22.536096 ], [ 113.896699, 22.531314 ] ] } },
{ "type": "Feature", "properties": { "highway": "secondary", "name": "梦海大道" }, "geometry": { "type": "LineString", "coordinates": [ [ 113.894006, 22.546552 ], [ 113.893845, 22.546663 ], [ 113.893675, 22.546828 ] ] } },
{ "type": "Feature", "properties": { "highway": "secondary", "name": "梦海大道" }, "geometry": { "type": "LineString", "coordinates": [ [ 113.893879, 22.546439 ], [ 113.894421, 22.545916 ] ] } },
{ "type": "Feature", "properties": { "highway": "trunk_link", "name": null }, "geometry": { "type": "LineString", "coordinates": [ [ 113.932515, 22.555018 ], [ 113.934749, 22.555223 ] ] } },
{ "type": "Feature", "properties": { "highway": "motorway", "name": "京港澳高速" }, "geometry": { "type": "LineString", "coordinates": [ [ 113.885704, 22.603756 ], [ 113.885278, 22.60416 ], [ 113.884528, 22.604938 ], [ 113.883873, 22.605674 ], [ 113.883563, 22.606053 ] ] } },
{ "type": "Feature", "properties": { "highway": "motorway", "name": null }, "geometry": { "type": "LineString", "coordinates": [ [ 113.885816, 22.603656 ], [ 113.885704, 22.603756 ] ] } },
{ "type": "Feature", "properties": { "highway": "motorway", "name": null }, "geometry": { "type": "LineString", "coordinates": [ [ 113.885668, 22.603612 ], [ 113.885782, 22.603509 ] ] } },
{ "type": "Feature", "properties": { "highway": "motorway", "name": "京港澳高速" }, "geometry": { "type": "LineString", "coordinates": [ [ 113.885782, 22.603509 ], [ 113.886345, 22.603002 ] ] } },
{ "type": "Feature", "properties": { "highway": "motorway", "name": null }, "geometry": { "type": "LineString", "coordinates": [ [ 113.894898, 22.596733 ], [ 113.895114, 22.596563 ] ] } },
{ "type": "Feature", "properties": { "highway": "motorway", "name": "京港澳高速" }, "geometry": { "type": "LineString", "coordinates": [ [ 113.895114, 22.596563 ], [ 113.895785, 22.596036 ], [ 113.897732, 22.594432 ], [ 113.898841, 22.593447 ], [ 113.900025, 22.5923 ], [ 113.900835, 22.59139 ], [ 113.902097, 22.590137 ], [ 113.907277, 22.584569 ], [ 113.910002, 22.581662 ] ] } },
{ "type": "Feature", "properties": { "highway": "motorway", "name": null }, "geometry": { "type": "LineString", "coordinates": [ [ 113.895189, 22.596658 ], [ 113.894987, 22.596822 ] ] } },
{ "type": "Feature", "properties": { "highway": "motorway", "name": "京港澳高速" }, "geometry": { "type": "LineString", "coordinates": [ [ 113.894987, 22.596822 ], [ 113.893896, 22.597707 ], [ 113.888165, 22.601705 ], [ 113.887599, 22.602129 ], [ 113.886991, 22.602627 ] ] } },
{ "type": "Feature", "properties": { "highway": "motorway_link", "name": null }, "geometry": { "type": "LineString", "coordinates": [ [ 113.895058, 22.596889 ], [ 113.894561, 22.597237 ], [ 113.894241, 22.597427 ] ] } },
{ "type": "Feature", "properties": { "highway": "motorway_link", "name": null }, "geometry": { "type": "LineString", "coordinates": [ [ 113.89527, 22.596739 ], [ 113.895058, 22.596889 ] ] } },
{ "type": "Feature", "properties": { "highway": "motorway_link", "name": null }, "geometry": { "type": "LineString", "coordinates": [ [ 113.894813, 22.596606 ], [ 113.895003, 22.596452 ] ] } },
{ "type": "Feature", "properties": { "highway": "motorway_link", "name": null }, "geometry": { "type": "LineString", "coordinates": [ [ 113.895003, 22.596452 ], [ 113.895323, 22.596193 ], [ 113.895623, 22.595885 ], [ 113.895736, 22.59572 ], [ 113.895799, 22.595578 ], [ 113.895841, 22.5954 ], [ 113.895856, 22.59522 ], [ 113.895842, 22.595074 ], [ 113.895795, 22.594915 ], [ 113.89573, 22.594774 ], [ 113.895608, 22.594636 ], [ 113.895271, 22.594397 ], [ 113.894869, 22.59406 ] ] } },
{ "type": "Feature", "properties": { "highway": "motorway", "name": "京港澳高速" }, "geometry": { "type": "LineString", "coordinates": [ [ 113.911417, 22.580372 ], [ 113.910498, 22.581356 ] ] } },
{ "type": "Feature", "properties": { "highway": "motorway", "name": null }, "geometry": { "type": "LineString", "coordinates": [ [ 113.911549, 22.580231 ], [ 113.911417, 22.580372 ] ] } },
{ "type": "Feature", "properties": { "highway": "motorway", "name": null }, "geometry": { "type": "LineString", "coordinates": [ [ 113.911286, 22.580289 ], [ 113.91143, 22.580128 ] ] } },
{ "type": "Feature", "properties": { "highway": "motorway", "name": "京港澳高速" }, "geometry": { "type": "LineString", "coordinates": [ [ 113.91143, 22.580128 ], [ 113.916842, 22.574334 ] ] } },
{ "type": "Feature", "properties": { "highway": "motorway", "name": null }, "geometry": { "type": "LineString", "coordinates": [ [ 113.916842, 22.574334 ], [ 113.916915, 22.574254 ] ] } },
{ "type": "Feature", "properties": { "highway": "motorway", "name": "京港澳高速" }, "geometry": { "type": "LineString", "coordinates": [ [ 113.916915, 22.574254 ], [ 113.916987, 22.574171 ] ] } },
{ "type": "Feature", "properties": { "highway": "motorway", "name": "京港澳高速" }, "geometry": { "type": "LineString", "coordinates": [ [ 113.916942, 22.574411 ], [ 113.915808, 22.575619 ], [ 113.9151, 22.576342 ], [ 113.914816, 22.576662 ] ] } },
{ "type": "Feature", "properties": { "highway": "motorway", "name": null }, "geometry": { "type": "LineString", "coordinates": [ [ 113.917017, 22.574324 ], [ 113.916942, 22.574411 ] ] } },
{ "type": "Feature", "properties": { "highway": "motorway_link", "name": null }, "geometry": { "type": "LineString", "coordinates": [ [ 113.916628, 22.573847 ], [ 113.916431, 22.573829 ], [ 113.916155, 22.573706 ] ] } },
{ "type": "Feature", "properties": { "highway": "motorway_link", "name": null }, "geometry": { "type": "LineString", "coordinates": [ [ 113.916804, 22.573815 ], [ 113.916628, 22.573847 ] ] } },
{ "type": "Feature", "properties": { "highway": "motorway", "name": null }, "geometry": { "type": "LineString", "coordinates": [ [ 113.916987, 22.574171 ], [ 113.91708, 22.574076 ] ] } },
{ "type": "Feature", "properties": { "highway": "motorway", "name": "京港澳高速" }, "geometry": { "type": "LineString", "coordinates": [ [ 113.91709, 22.57424 ], [ 113.917017, 22.574324 ] ] } },
{ "type": "Feature", "properties": { "highway": "motorway", "name": null }, "geometry": { "type": "LineString", "coordinates": [ [ 113.917171, 22.574145 ], [ 113.91709, 22.57424 ] ] } },
{ "type": "Feature", "properties": { "highway": "motorway", "name": null }, "geometry": { "type": "LineString", "coordinates": [ [ 113.921586, 22.570493 ], [ 113.921657, 22.570354 ] ] } },
{ "type": "Feature", "properties": { "highway": "motorway", "name": "京港澳高速" }, "geometry": { "type": "LineString", "coordinates": [ [ 113.922343, 22.56854 ], [ 113.924451, 22.5673 ], [ 113.925235, 22.566882 ], [ 113.92604, 22.566507 ], [ 113.926907, 22.566163 ], [ 113.927379, 22.565999 ], [ 113.928012, 22.565808 ], [ 113.929068, 22.565545 ], [ 113.929566, 22.565448 ], [ 113.930015, 22.56538 ], [ 113.931004, 22.565265 ], [ 113.932033, 22.565209 ], [ 113.933492, 22.565217 ], [ 113.937735, 22.565167 ], [ 113.939689, 22.565128 ], [ 113.942315, 22.565001 ], [ 113.944476, 22.564858 ], [ 113.946124, 22.564709 ] ] } },
{ "type": "Feature", "properties": { "highway": "motorway", "name": "京港澳高速" }, "geometry": { "type": "LineString", "coordinates": [ [ 113.921914, 22.570735 ], [ 113.921783, 22.571424 ], [ 113.921713, 22.571596 ], [ 113.92149, 22.571932 ], [ 113.921246, 22.57218 ], [ 113.920011, 22.57323 ], [ 113.919854, 22.573324 ], [ 113.919715, 22.573383 ], [ 113.919526, 22.573437 ], [ 113.919358, 22.573461 ], [ 113.919075, 22.573448 ], [ 113.918473, 22.573313 ], [ 113.918313, 22.573295 ], [ 113.918057, 22.573309 ], [ 113.917961, 22.573343 ], [ 113.917858, 22.573412 ], [ 113.917695, 22.573556 ], [ 113.917171, 22.574145 ] ] } },
{ "type": "Feature", "properties": { "highway": "motorway", "name": null }, "geometry": { "type": "LineString", "coordinates": [ [ 113.921935, 22.570622 ], [ 113.921914, 22.570735 ] ] } },
{ "type": "Feature", "properties": { "highway": "primary", "name": "龙珠大道" }, "geometry": { "type": "LineString", "coordinates": [ [ 113.929563, 22.571437 ], [ 113.932376, 22.571346 ], [ 113.934269, 22.571335 ] ] } },
{ "type": "Feature", "properties": { "highway": "tertiary", "name": "隆昌路" }, "geometry": { "type": "LineString", "coordinates": [ [ 113.917347, 22.575342 ], [ 113.917536, 22.575194 ], [ 113.917699, 22.575136 ], [ 113.917864, 22.575122 ], [ 113.917993, 22.575156 ], [ 113.918377, 22.57537 ], [ 113.921274, 22.577129 ], [ 113.92169, 22.577415 ], [ 113.921845, 22.577573 ], [ 113.921985, 22.577821 ], [ 113.922132, 22.578242 ], [ 113.922635, 22.579501 ], [ 113.923819, 22.582158 ], [ 113.923851, 22.582371 ], [ 113.923839, 22.582477 ], [ 113.923798, 22.582594 ], [ 113.923676, 22.582791 ], [ 113.923438, 22.583058 ] ] } },
{ "type": "Feature", "properties": { "highway": "primary", "name": "深南大道" }, "geometry": { "type": "LineString", "coordinates": [ [ 113.909679, 22.544816 ], [ 113.908835, 22.544806 ] ] } },
{ "type": "Feature", "properties": { "highway": "primary", "name": "前海路" }, "geometry": { "type": "LineString", "coordinates": [ [ 113.909679, 22.544816 ], [ 113.909686, 22.544447 ] ] } },
{ "type": "Feature", "properties": { "highway": "primary_link", "name": null }, "geometry": { "type": "LineString", "coordinates": [ [ 113.906105, 22.544809 ], [ 113.905922, 22.544752 ], [ 113.905859, 22.544702 ], [ 113.905838, 22.544665 ], [ 113.905826, 22.54453 ], [ 113.905865, 22.544374 ], [ 113.905931, 22.544285 ], [ 113.90604, 22.544226 ], [ 113.906182, 22.544216 ], [ 113.90636, 22.544272 ] ] } },
{ "type": "Feature", "properties": { "highway": "primary", "name": "创业一路" }, "geometry": { "type": "LineString", "coordinates": [ [ 113.892272, 22.567208 ], [ 113.892061, 22.566991 ], [ 113.89187, 22.566691 ], [ 113.89179, 22.566467 ], [ 113.891681, 22.566056 ] ] } },
{ "type": "Feature", "properties": { "highway": "secondary", "name": "听海大道" }, "geometry": { "type": "LineString", "coordinates": [ [ 113.892772, 22.535012 ], [ 113.892728, 22.534769 ], [ 113.892712, 22.53446 ], [ 113.892804, 22.53034 ], [ 113.892796, 22.530002 ], [ 113.892758, 22.529573 ] ] } },
{ "type": "Feature", "properties": { "highway": "primary_link", "name": null }, "geometry": { "type": "LineString", "coordinates": [ [ 113.932124, 22.542803 ], [ 113.931612, 22.542717 ] ] } },
{ "type": "Feature", "properties": { "highway": "tertiary", "name": "科研路" }, "geometry": { "type": "LineString", "coordinates": [ [ 113.92857, 22.544064 ], [ 113.930836, 22.544087 ] ] } },
{ "type": "Feature", "properties": { "highway": "motorway_link", "name": null }, "geometry": { "type": "LineString", "coordinates": [ [ 113.92595, 22.565977 ], [ 113.926051, 22.565879 ] ] } },
{ "type": "Feature", "properties": { "highway": "motorway_link", "name": null }, "geometry": { "type": "LineString", "coordinates": [ [ 113.926051, 22.565879 ], [ 113.926521, 22.565414 ], [ 113.926857, 22.565022 ], [ 113.927144, 22.564625 ], [ 113.927262, 22.564523 ], [ 113.927439, 22.564466 ], [ 113.928443, 22.564326 ], [ 113.928616, 22.56428 ] ] } },
{ "type": "Feature", "properties": { "highway": "motorway_link", "name": null }, "geometry": { "type": "LineString", "coordinates": [ [ 113.926593, 22.564949 ], [ 113.926723, 22.564835 ] ] } },
{ "type": "Feature", "properties": { "highway": "tertiary", "name": "实验路" }, "geometry": { "type": "LineString", "coordinates": [ [ 113.89581, 22.552421 ], [ 113.895834, 22.551838 ], [ 113.895854, 22.551713 ] ] } },
{ "type": "Feature", "properties": { "highway": "tertiary", "name": "实验路" }, "geometry": { "type": "LineString", "coordinates": [ [ 113.895854, 22.551713 ], [ 113.895908, 22.551606 ], [ 113.896031, 22.551459 ], [ 113.896057, 22.551391 ], [ 113.896082, 22.550051 ], [ 113.896098, 22.549985 ], [ 113.896141, 22.549943 ] ] } },
{ "type": "Feature", "properties": { "highway": "motorway_link", "name": null }, "geometry": { "type": "LineString", "coordinates": [ [ 113.931678, 22.606921 ], [ 113.931965, 22.606692 ], [ 113.932075, 22.606585 ], [ 113.932225, 22.606381 ], [ 113.93231, 22.606231 ], [ 113.932514, 22.60574 ], [ 113.932794, 22.60494 ], [ 113.932942, 22.604628 ] ] } },
{ "type": "Feature", "properties": { "highway": "primary_link", "name": "桂湾联络道" }, "geometry": { "type": "LineString", "coordinates": [ [ 113.889229, 22.533118 ], [ 113.889104, 22.533131 ], [ 113.888929, 22.533193 ], [ 113.88857, 22.533464 ], [ 113.888541, 22.533532 ], [ 113.888555, 22.533736 ], [ 113.888745, 22.534777 ], [ 113.888823, 22.535405 ], [ 113.888845, 22.535762 ], [ 113.888849, 22.536628 ], [ 113.888805, 22.537492 ], [ 113.888777, 22.537815 ], [ 113.88873, 22.538093 ], [ 113.888589, 22.538699 ], [ 113.888351, 22.539508 ], [ 113.888336, 22.539609 ], [ 113.888351, 22.539804 ], [ 113.888385, 22.539917 ], [ 113.888445, 22.540011 ], [ 113.888532, 22.540095 ], [ 113.889183, 22.5406 ] ] } },
{ "type": "Feature", "properties": { "highway": "primary_link", "name": "桂湾联络道" }, "geometry": { "type": "LineString", "coordinates": [ [ 113.890204, 22.541572 ], [ 113.889945, 22.5414 ], [ 113.8885, 22.540294 ] ] } },
{ "type": "Feature", "properties": { "highway": "trunk_link", "name": null }, "geometry": { "type": "LineString", "coordinates": [ [ 113.909454, 22.548094 ], [ 113.909407, 22.548655 ], [ 113.909409, 22.548922 ], [ 113.909379, 22.549242 ] ] } },
{ "type": "Feature", "properties": { "highway": "primary", "name": "创业一路" }, "geometry": { "type": "LineString", "coordinates": [ [ 113.892253, 22.56585 ], [ 113.892751, 22.565908 ], [ 113.89293, 22.565959 ], [ 113.893142, 22.566047 ] ] } },
{ "type": "Feature", "properties": { "highway": "primary_link", "name": null }, "geometry": { "type": "LineString", "coordinates": [ [ 113.909417, 22.54594 ], [ 113.909492, 22.545195 ], [ 113.909476, 22.545112 ], [ 113.909442, 22.545045 ], [ 113.90936, 22.544947 ], [ 113.909301, 22.544912 ], [ 113.909113, 22.544857 ], [ 113.908835, 22.544806 ] ] } },
{ "type": "Feature", "properties": { "highway": "secondary", "name": "听海大道" }, "geometry": { "type": "LineString", "coordinates": [ [ 113.892936, 22.530182 ], [ 113.892943, 22.530375 ], [ 113.892853, 22.534455 ] ] } },
{ "type": "Feature", "properties": { "highway": "secondary", "name": "兴华一路" }, "geometry": { "type": "LineString", "coordinates": [ [ 113.882655, 22.552198 ], [ 113.882702, 22.552307 ] ] } },
{ "type": "Feature", "properties": { "highway": "primary_link", "name": null }, "geometry": { "type": "LineString", "coordinates": [ [ 113.888341, 22.549276 ], [ 113.888457, 22.54909 ], [ 113.888491, 22.548991 ], [ 113.888489, 22.548889 ], [ 113.888408, 22.54868 ] ] } },
{ "type": "Feature", "properties": { "highway": "secondary", "name": "海秀路" }, "geometry": { "type": "LineString", "coordinates": [ [ 113.889395, 22.548337 ], [ 113.889221, 22.548632 ] ] } },
{ "type": "Feature", "properties": { "highway": "primary", "name": "新安三路" }, "geometry": { "type": "LineString", "coordinates": [ [ 113.902517, 22.581048 ], [ 113.899085, 22.584487 ], [ 113.898833, 22.584693 ] ] } },
{ "type": "Feature", "properties": { "highway": "primary", "name": "新安三路" }, "geometry": { "type": "LineString", "coordinates": [ [ 113.902453, 22.580993 ], [ 113.905743, 22.5777 ] ] } },
{ "type": "Feature", "properties": { "highway": "secondary", "name": "前进二路" }, "geometry": { "type": "LineString", "coordinates": [ [ 113.866001, 22.605286 ], [ 113.861765, 22.609537 ], [ 113.858009, 22.613248 ], [ 113.857642, 22.613661 ], [ 113.857352, 22.614186 ], [ 113.857235, 22.614436 ], [ 113.855268, 22.620232 ] ] } },
{ "type": "Feature", "properties": { "highway": "primary", "name": "西乡大道" }, "geometry": { "type": "LineString", "coordinates": [ [ 113.876501, 22.590945 ], [ 113.877009, 22.591341 ], [ 113.877657, 22.591764 ], [ 113.878315, 22.592098 ], [ 113.878818, 22.592309 ] ] } },
{ "type": "Feature", "properties": { "highway": "tertiary", "name": "西乡大道辅路" }, "geometry": { "type": "LineString", "coordinates": [ [ 113.87622, 22.590611 ], [ 113.876348, 22.59074 ], [ 113.876501, 22.590945 ] ] } },
{ "type": "Feature", "properties": { "highway": "primary", "name": "西乡大道" }, "geometry": { "type": "LineString", "coordinates": [ [ 113.879879, 22.592581 ], [ 113.880233, 22.592688 ], [ 113.881152, 22.592799 ], [ 113.88485, 22.593031 ], [ 113.888057, 22.593262 ], [ 113.888818, 22.593269 ] ] } },
{ "type": "Feature", "properties": { "highway": "secondary", "name": "海秀路" }, "geometry": { "type": "LineString", "coordinates": [ [ 113.889038, 22.548625 ], [ 113.889101, 22.548529 ] ] } },
{ "type": "Feature", "properties": { "highway": "secondary", "name": "海秀路" }, "geometry": { "type": "LineString", "coordinates": [ [ 113.889153, 22.548726 ], [ 113.888948, 22.548951 ] ] } },
{ "type": "Feature", "properties": { "highway": "primary_link", "name": null }, "geometry": { "type": "LineString", "coordinates": [ [ 113.917795, 22.588666 ], [ 113.918078, 22.588316 ] ] } },
{ "type": "Feature", "properties": { "highway": "primary_link", "name": null }, "geometry": { "type": "LineString", "coordinates": [ [ 113.917921, 22.588056 ], [ 113.91806, 22.588079 ], [ 113.918216, 22.588081 ], [ 113.918346, 22.588004 ] ] } },
{ "type": "Feature", "properties": { "highway": "primary", "name": "宝石路" }, "geometry": { "type": "LineString", "coordinates": [ [ 113.917718, 22.589068 ], [ 113.917097, 22.589658 ], [ 113.915884, 22.590866 ], [ 113.915707, 22.591091 ], [ 113.915506, 22.591386 ], [ 113.915237, 22.591899 ], [ 113.915072, 22.592371 ], [ 113.914952, 22.592847 ], [ 113.914906, 22.593324 ], [ 113.914936, 22.59379 ], [ 113.915, 22.594288 ], [ 113.915103, 22.594772 ], [ 113.916746, 22.600644 ], [ 113.9169, 22.601138 ], [ 113.917185, 22.601772 ], [ 113.917393, 22.602195 ], [ 113.917639, 22.602601 ], [ 113.92001, 22.606136 ], [ 113.920229, 22.606548 ], [ 113.920421, 22.606983 ], [ 113.920591, 22.607467 ], [ 113.920735, 22.608063 ], [ 113.920813, 22.608499 ], [ 113.920841, 22.608837 ], [ 113.921008, 22.617284 ], [ 113.921208, 22.630691 ], [ 113.921364, 22.637856 ] ] } },
{ "type": "Feature", "properties": { "highway": "primary", "name": "创业二路" }, "geometry": { "type": "LineString", "coordinates": [ [ 113.917784, 22.588093 ], [ 113.914096, 22.584927 ] ] } },
{ "type": "Feature", "properties": { "highway": "primary_link", "name": null }, "geometry": { "type": "LineString", "coordinates": [ [ 113.918078, 22.588316 ], [ 113.918136, 22.588242 ] ] } },
{ "type": "Feature", "properties": { "highway": "primary", "name": "创业二路" }, "geometry": { "type": "LineString", "coordinates": [ [ 113.918136, 22.588242 ], [ 113.918182, 22.588284 ] ] } },
{ "type": "Feature", "properties": { "highway": "secondary", "name": "中山园路" }, "geometry": { "type": "LineString", "coordinates": [ [ 113.916354, 22.563797 ], [ 113.916296, 22.567377 ], [ 113.916307, 22.567558 ], [ 113.916381, 22.567787 ], [ 113.916424, 22.567864 ], [ 113.916547, 22.568008 ], [ 113.91672, 22.568143 ], [ 113.917204, 22.568444 ] ] } },
{ "type": "Feature", "properties": { "highway": "secondary", "name": "中山园路" }, "geometry": { "type": "LineString", "coordinates": [ [ 113.916287, 22.563091 ], [ 113.916381, 22.56301 ], [ 113.916453, 22.562973 ], [ 113.919287, 22.561739 ] ] } },
{ "type": "Feature", "properties": { "highway": "tertiary", "name": "二号路" }, "geometry": { "type": "LineString", "coordinates": [ [ 113.916415, 22.563143 ], [ 113.916287, 22.563091 ], [ 113.91411, 22.563072 ] ] } },
{ "type": "Feature", "properties": { "highway": "secondary", "name": "公园路" }, "geometry": { "type": "LineString", "coordinates": [ [ 113.891944, 22.593398 ], [ 113.891911, 22.594168 ], [ 113.891919, 22.594318 ], [ 113.89198, 22.594512 ], [ 113.892061, 22.594649 ], [ 113.892166, 22.594779 ], [ 113.892397, 22.594997 ], [ 113.892617, 22.595137 ], [ 113.892886, 22.595253 ], [ 113.893843, 22.595575 ], [ 113.894124, 22.595714 ], [ 113.894468, 22.595954 ], [ 113.89474, 22.596211 ], [ 113.895303, 22.596853 ], [ 113.896429, 22.598083 ] ] } },
{ "type": "Feature", "properties": { "highway": "secondary", "name": "上川路" }, "geometry": { "type": "LineString", "coordinates": [ [ 113.90532, 22.587755 ], [ 113.905175, 22.587676 ] ] } },
{ "type": "Feature", "properties": { "highway": "secondary", "name": "湖滨东路" }, "geometry": { "type": "LineString", "coordinates": [ [ 113.91061, 22.560496 ], [ 113.90955, 22.55975 ], [ 113.90762, 22.558339 ] ] } },
{ "type": "Feature", "properties": { "highway": "tertiary", "name": "宝民一路一巷" }, "geometry": { "type": "LineString", "coordinates": [ [ 113.893995, 22.57714 ], [ 113.89327, 22.576483 ], [ 113.888235, 22.572126 ] ] } },
{ "type": "Feature", "properties": { "highway": "tertiary", "name": "安富路" }, "geometry": { "type": "LineString", "coordinates": [ [ 113.897543, 22.568388 ], [ 113.90036, 22.570793 ] ] } },
{ "type": "Feature", "properties": { "highway": "primary", "name": "同乐路" }, "geometry": { "type": "LineString", "coordinates": [ [ 113.931714, 22.607557 ], [ 113.930812, 22.60691 ], [ 113.9305, 22.606662 ], [ 113.929879, 22.606091 ], [ 113.929694, 22.60589 ], [ 113.929444, 22.60559 ], [ 113.929254, 22.605327 ], [ 113.929096, 22.605072 ], [ 113.928928, 22.604767 ], [ 113.928783, 22.604453 ], [ 113.928631, 22.604069 ], [ 113.928523, 22.603719 ], [ 113.928384, 22.603125 ], [ 113.928052, 22.601078 ], [ 113.927902, 22.600455 ], [ 113.927808, 22.600155 ], [ 113.927691, 22.599857 ], [ 113.927296, 22.59896 ], [ 113.927139, 22.598446 ], [ 113.927075, 22.59806 ], [ 113.927075, 22.597714 ], [ 113.927096, 22.597491 ], [ 113.927126, 22.597309 ], [ 113.927225, 22.596955 ], [ 113.927338, 22.59669 ], [ 113.927684, 22.596005 ], [ 113.928173, 22.595116 ], [ 113.928265, 22.594919 ], [ 113.928376, 22.594604 ], [ 113.928424, 22.594413 ], [ 113.928458, 22.594137 ], [ 113.928461, 22.593847 ], [ 113.928427, 22.593508 ], [ 113.928302, 22.59305 ], [ 113.928198, 22.592806 ], [ 113.928078, 22.592598 ], [ 113.927797, 22.592228 ], [ 113.927427, 22.591896 ], [ 113.927226, 22.591758 ], [ 113.926363, 22.591265 ] ] } },
{ "type": "Feature", "properties": { "highway": "primary", "name": "沙河西路" }, "geometry": { "type": "LineString", "coordinates": [ [ 113.932401, 22.607826 ], [ 113.932316, 22.607369 ], [ 113.932271, 22.606735 ], [ 113.932271, 22.606411 ], [ 113.932329, 22.606015 ], [ 113.932369, 22.605838 ], [ 113.932534, 22.605304 ], [ 113.932827, 22.604634 ], [ 113.93309, 22.604162 ], [ 113.933272, 22.603917 ], [ 113.933487, 22.603672 ], [ 113.933903, 22.603255 ], [ 113.937178, 22.600168 ], [ 113.9402, 22.597591 ], [ 113.941085, 22.596903 ] ] } },
{ "type": "Feature", "properties": { "highway": "primary", "name": "沙河西路" }, "geometry": { "type": "LineString", "coordinates": [ [ 113.94116, 22.596996 ], [ 113.9396, 22.598266 ], [ 113.937994, 22.599619 ], [ 113.93476, 22.602614 ], [ 113.934045, 22.603313 ], [ 113.933804, 22.603574 ], [ 113.933616, 22.60383 ], [ 113.933306, 22.604319 ], [ 113.933046, 22.604855 ], [ 113.932818, 22.605457 ], [ 113.932723, 22.605788 ], [ 113.932631, 22.606284 ], [ 113.932593, 22.606598 ] ] } },
{ "type": "Feature", "properties": { "highway": "primary", "name": "留仙大道" }, "geometry": { "type": "LineString", "coordinates": [ [ 113.932271, 22.583588 ], [ 113.931929, 22.583639 ], [ 113.931605, 22.583719 ], [ 113.929367, 22.584412 ], [ 113.928661, 22.584564 ], [ 113.927941, 22.58463 ], [ 113.92647, 22.584589 ] ] } },
{ "type": "Feature", "properties": { "highway": "primary", "name": "龙珠大道" }, "geometry": { "type": "LineString", "coordinates": [ [ 113.933639, 22.571523 ], [ 113.929544, 22.571595 ] ] } },
{ "type": "Feature", "properties": { "highway": "secondary", "name": "桂湾一路" }, "geometry": { "type": "LineString", "coordinates": [ [ 113.892696, 22.543565 ], [ 113.889644, 22.541006 ] ] } },
{ "type": "Feature", "properties": { "highway": "secondary", "name": "桂湾一路" }, "geometry": { "type": "LineString", "coordinates": [ [ 113.892364, 22.543108 ], [ 113.895021, 22.545326 ], [ 113.895152, 22.545415 ] ] } },
{ "type": "Feature", "properties": { "highway": "secondary", "name": "临海大道" }, "geometry": { "type": "LineString", "coordinates": [ [ 113.889757, 22.54031 ], [ 113.889785, 22.540091 ], [ 113.889817, 22.539531 ], [ 113.889948, 22.532524 ], [ 113.889934, 22.531916 ] ] } },
{ "type": "Feature", "properties": { "highway": "secondary", "name": "临海大道" }, "geometry": { "type": "LineString", "coordinates": [ [ 113.889764, 22.541101 ], [ 113.889672, 22.541448 ], [ 113.889553, 22.541794 ] ] } },
{ "type": "Feature", "properties": { "highway": "secondary", "name": "临海大道" }, "geometry": { "type": "LineString", "coordinates": [ [ 113.890053, 22.531571 ], [ 113.890084, 22.532134 ], [ 113.889986, 22.536697 ], [ 113.889944, 22.539993 ] ] } },
{ "type": "Feature", "properties": { "highway": "trunk_link", "name": null }, "geometry": { "type": "LineString", "coordinates": [ [ 113.897493, 22.547765 ], [ 113.895572, 22.54619 ], [ 113.895172, 22.545666 ], [ 113.895039, 22.545533 ] ] } },
{ "type": "Feature", "properties": { "highway": "trunk_link", "name": null }, "geometry": { "type": "LineString", "coordinates": [ [ 113.89824, 22.547759 ], [ 113.898404, 22.547839 ], [ 113.898557, 22.547893 ], [ 113.898921, 22.547977 ], [ 113.899119, 22.547992 ], [ 113.899385, 22.547987 ], [ 113.899991, 22.547916 ], [ 113.90021, 22.547872 ], [ 113.900623, 22.547731 ], [ 113.900853, 22.547611 ], [ 113.901318, 22.547253 ] ] } },
{ "type": "Feature", "properties": { "highway": "trunk_link", "name": null }, "geometry": { "type": "LineString", "coordinates": [ [ 113.895572, 22.54619 ], [ 113.895039, 22.545775 ], [ 113.894931, 22.545757 ], [ 113.894789, 22.545797 ] ] } },
{ "type": "Feature", "properties": { "highway": "primary_link", "name": null }, "geometry": { "type": "LineString", "coordinates": [ [ 113.894705, 22.545062 ], [ 113.894864, 22.545121 ], [ 113.894997, 22.545139 ], [ 113.895117, 22.545122 ], [ 113.895265, 22.545054 ] ] } },
{ "type": "Feature", "properties": { "highway": "trunk_link", "name": null }, "geometry": { "type": "LineString", "coordinates": [ [ 113.895399, 22.545136 ], [ 113.895374, 22.545309 ], [ 113.895392, 22.545385 ], [ 113.895422, 22.545428 ], [ 113.895921, 22.545865 ] ] } },
{ "type": "Feature", "properties": { "highway": "primary", "name": "桂湾四路" }, "geometry": { "type": "LineString", "coordinates": [ [ 113.892772, 22.535012 ], [ 113.889899, 22.534947 ] ] } },
{ "type": "Feature", "properties": { "highway": "primary", "name": "桂湾四路" }, "geometry": { "type": "LineString", "coordinates": [ [ 113.8899, 22.534868 ], [ 113.892228, 22.534909 ], [ 113.893289, 22.534909 ] ] } },
{ "type": "Feature", "properties": { "highway": "secondary", "name": "听海大道" }, "geometry": { "type": "LineString", "coordinates": [ [ 113.892781, 22.543037 ], [ 113.892945, 22.542508 ], [ 113.893022, 22.542109 ], [ 113.893068, 22.540563 ] ] } },
{ "type": "Feature", "properties": { "highway": "primary", "name": "新安西路" }, "geometry": { "type": "LineString", "coordinates": [ [ 113.888948, 22.548951 ], [ 113.890063, 22.549905 ], [ 113.890557, 22.550302 ], [ 113.894483, 22.553726 ] ] } },
{ "type": "Feature", "properties": { "highway": "secondary", "name": "海秀路" }, "geometry": { "type": "LineString", "coordinates": [ [ 113.876789, 22.552865 ], [ 113.876632, 22.552862 ], [ 113.876014, 22.552795 ], [ 113.875335, 22.552698 ], [ 113.874738, 22.552585 ], [ 113.873778, 22.552346 ], [ 113.872744, 22.552039 ], [ 113.872046, 22.551791 ], [ 113.871043, 22.55135 ], [ 113.870525, 22.551098 ], [ 113.870025, 22.550833 ], [ 113.869515, 22.550518 ] ] } },
{ "type": "Feature", "properties": { "highway": "secondary", "name": "海秀路" }, "geometry": { "type": "LineString", "coordinates": [ [ 113.890574, 22.545871 ], [ 113.891013, 22.545326 ], [ 113.891336, 22.544973 ] ] } },
{ "type": "Feature", "properties": { "highway": "secondary", "name": "海秀路" }, "geometry": { "type": "LineString", "coordinates": [ [ 113.889673, 22.547036 ], [ 113.889864, 22.546711 ], [ 113.890574, 22.545871 ] ] } },
{ "type": "Feature", "properties": { "highway": "secondary", "name": "海秀路" }, "geometry": { "type": "LineString", "coordinates": [ [ 113.887799, 22.549696 ], [ 113.888735, 22.548957 ] ] } },
{ "type": "Feature", "properties": { "highway": "primary_link", "name": null }, "geometry": { "type": "LineString", "coordinates": [ [ 113.888469, 22.548535 ], [ 113.888764, 22.548627 ], [ 113.888855, 22.548626 ], [ 113.888996, 22.548588 ] ] } },
{ "type": "Feature", "properties": { "highway": "primary_link", "name": null }, "geometry": { "type": "LineString", "coordinates": [ [ 113.888996, 22.548588 ], [ 113.889101, 22.548529 ] ] } },
{ "type": "Feature", "properties": { "highway": "secondary", "name": "海秀路" }, "geometry": { "type": "LineString", "coordinates": [ [ 113.889101, 22.548529 ], [ 113.88927, 22.548229 ] ] } },
{ "type": "Feature", "properties": { "highway": "secondary", "name": "海秀路" }, "geometry": { "type": "LineString", "coordinates": [ [ 113.888735, 22.548957 ], [ 113.88893, 22.54876 ], [ 113.889038, 22.548625 ] ] } },
{ "type": "Feature", "properties": { "highway": "primary_link", "name": null }, "geometry": { "type": "LineString", "coordinates": [ [ 113.889221, 22.548632 ], [ 113.889176, 22.548746 ] ] } },
{ "type": "Feature", "properties": { "highway": "primary_link", "name": null }, "geometry": { "type": "LineString", "coordinates": [ [ 113.889176, 22.548746 ], [ 113.88915, 22.548882 ], [ 113.889156, 22.548971 ], [ 113.88919, 22.549075 ], [ 113.889274, 22.549228 ] ] } },
{ "type": "Feature", "properties": { "highway": "secondary", "name": "海秀路" }, "geometry": { "type": "LineString", "coordinates": [ [ 113.889221, 22.548632 ], [ 113.889153, 22.548726 ] ] } },
{ "type": "Feature", "properties": { "highway": "secondary", "name": "海秀路" }, "geometry": { "type": "LineString", "coordinates": [ [ 113.889949, 22.546831 ], [ 113.889794, 22.547124 ], [ 113.889511, 22.548029 ], [ 113.889395, 22.548337 ] ] } },
{ "type": "Feature", "properties": { "highway": "secondary", "name": "新湖路" }, "geometry": { "type": "LineString", "coordinates": [ [ 113.893046, 22.54726 ], [ 113.893479, 22.546833 ] ] } },
{ "type": "Feature", "properties": { "highway": "trunk_link", "name": null }, "geometry": { "type": "LineString", "coordinates": [ [ 113.897589, 22.547656 ], [ 113.897062, 22.547411 ] ] } },
{ "type": "Feature", "properties": { "highway": "trunk_link", "name": null }, "geometry": { "type": "LineString", "coordinates": [ [ 113.897045, 22.547011 ], [ 113.8978, 22.547438 ] ] } },
{ "type": "Feature", "properties": { "highway": "primary_link", "name": null }, "geometry": { "type": "LineString", "coordinates": [ [ 113.899012, 22.549329 ], [ 113.89934, 22.548735 ], [ 113.899501, 22.548526 ], [ 113.899588, 22.548429 ], [ 113.899672, 22.548364 ], [ 113.89981, 22.548307 ], [ 113.899941, 22.54828 ], [ 113.900076, 22.548272 ], [ 113.90022, 22.548285 ], [ 113.900442, 22.548377 ], [ 113.900586, 22.548507 ], [ 113.900638, 22.548583 ], [ 113.90067, 22.548664 ], [ 113.900704, 22.548861 ], [ 113.90068, 22.549064 ], [ 113.900579, 22.549268 ], [ 113.900518, 22.549335 ], [ 113.90037, 22.549433 ], [ 113.899751, 22.549654 ], [ 113.89951, 22.549778 ], [ 113.899398, 22.549863 ] ] } },
{ "type": "Feature", "properties": { "highway": "primary_link", "name": null }, "geometry": { "type": "LineString", "coordinates": [ [ 113.915861, 22.555856 ], [ 113.91593, 22.555655 ] ] } },
{ "type": "Feature", "properties": { "highway": "trunk", "name": "宝安大道" }, "geometry": { "type": "LineString", "coordinates": [ [ 113.898455, 22.550498 ], [ 113.897331, 22.55157 ] ] } },
{ "type": "Feature", "properties": { "highway": "trunk", "name": "宝安大道" }, "geometry": { "type": "LineString", "coordinates": [ [ 113.898803, 22.550153 ], [ 113.898455, 22.550498 ] ] } },
{ "type": "Feature", "properties": { "highway": "trunk", "name": "宝安大道" }, "geometry": { "type": "LineString", "coordinates": [ [ 113.898188, 22.550282 ], [ 113.898551, 22.549948 ] ] } },
{ "type": "Feature", "properties": { "highway": "motorway_link", "name": null }, "geometry": { "type": "LineString", "coordinates": [ [ 113.916598, 22.574168 ], [ 113.916671, 22.574077 ] ] } },
{ "type": "Feature", "properties": { "highway": "motorway_link", "name": null }, "geometry": { "type": "LineString", "coordinates": [ [ 113.919186, 22.572306 ], [ 113.919559, 22.571921 ], [ 113.919648, 22.571789 ], [ 113.919723, 22.571616 ], [ 113.919774, 22.571449 ], [ 113.919793, 22.571279 ], [ 113.919757, 22.571186 ], [ 113.919718, 22.571142 ], [ 113.919615, 22.571089 ], [ 113.919425, 22.571077 ], [ 113.91923, 22.57113 ], [ 113.918994, 22.571232 ], [ 113.9188, 22.571383 ], [ 113.918189, 22.571968 ] ] } },
{ "type": "Feature", "properties": { "highway": "motorway_link", "name": null }, "geometry": { "type": "LineString", "coordinates": [ [ 113.916671, 22.574077 ], [ 113.916761, 22.573976 ] ] } },
{ "type": "Feature", "properties": { "highway": "motorway_link", "name": null }, "geometry": { "type": "LineString", "coordinates": [ [ 113.916761, 22.573976 ], [ 113.916848, 22.573885 ] ] } },
{ "type": "Feature", "properties": { "highway": "motorway_link", "name": null }, "geometry": { "type": "LineString", "coordinates": [ [ 113.916848, 22.573885 ], [ 113.917893, 22.572868 ], [ 113.918134, 22.57274 ], [ 113.919068, 22.572394 ] ] } },
{ "type": "Feature", "properties": { "highway": "primary", "name": null }, "geometry": { "type": "LineString", "coordinates": [ [ 113.898947, 22.550271 ], [ 113.898589, 22.550608 ] ] } },
{ "type": "Feature", "properties": { "highway": "tertiary", "name": "怡海大道" }, "geometry": { "type": "LineString", "coordinates": [ [ 113.901745, 22.532553 ], [ 113.901775, 22.532139 ], [ 113.901727, 22.531777 ], [ 113.901794, 22.528701 ], [ 113.901807, 22.527221 ], [ 113.901771, 22.527027 ], [ 113.90163, 22.526674 ], [ 113.901601, 22.526119 ] ] } },
{ "type": "Feature", "properties": { "highway": "tertiary", "name": "玉竹路" }, "geometry": { "type": "LineString", "coordinates": [ [ 113.877835, 22.564511 ], [ 113.877724, 22.564514 ], [ 113.877639, 22.564546 ] ] } },
{ "type": "Feature", "properties": { "highway": "tertiary", "name": "玉竹路" }, "geometry": { "type": "LineString", "coordinates": [ [ 113.877639, 22.564546 ], [ 113.877684, 22.56446 ], [ 113.877684, 22.564383 ] ] } },
{ "type": "Feature", "properties": { "highway": "tertiary", "name": "桂湾大街" }, "geometry": { "type": "LineString", "coordinates": [ [ 113.894499, 22.540584 ], [ 113.894556, 22.538111 ] ] } },
{ "type": "Feature", "properties": { "highway": "primary_link", "name": null }, "geometry": { "type": "LineString", "coordinates": [ [ 113.889688, 22.538971 ], [ 113.889707, 22.538388 ], [ 113.889815, 22.537669 ] ] } },
{ "type": "Feature", "properties": { "highway": "primary_link", "name": null }, "geometry": { "type": "LineString", "coordinates": [ [ 113.889757, 22.54031 ], [ 113.88967, 22.539827 ], [ 113.889688, 22.538971 ] ] } },
{ "type": "Feature", "properties": { "highway": "primary_link", "name": null }, "geometry": { "type": "LineString", "coordinates": [ [ 113.890079, 22.538595 ], [ 113.89006, 22.539574 ], [ 113.889944, 22.539993 ] ] } },
{ "type": "Feature", "properties": { "highway": "trunk_link", "name": null }, "geometry": { "type": "LineString", "coordinates": [ [ 113.890968, 22.531082 ], [ 113.890508, 22.5316 ], [ 113.890415, 22.531716 ], [ 113.890303, 22.531899 ] ] } },
{ "type": "Feature", "properties": { "highway": "primary", "name": "前海地下道路" }, "geometry": { "type": "LineString", "coordinates": [ [ 113.890073, 22.533454 ], [ 113.88995, 22.540046 ], [ 113.889968, 22.540665 ], [ 113.89002, 22.540958 ], [ 113.890063, 22.541084 ], [ 113.890224, 22.541353 ], [ 113.890488, 22.541607 ], [ 113.892666, 22.543379 ], [ 113.895762, 22.545951 ] ] } },
{ "type": "Feature", "properties": { "highway": "primary", "name": "前海地下道路" }, "geometry": { "type": "LineString", "coordinates": [ [ 113.889815, 22.537669 ], [ 113.889933, 22.532116 ], [ 113.889901, 22.531697 ], [ 113.889781, 22.530959 ], [ 113.889669, 22.530551 ], [ 113.889551, 22.530247 ], [ 113.889263, 22.529657 ], [ 113.888773, 22.528784 ], [ 113.887534, 22.526464 ], [ 113.887126, 22.525843 ], [ 113.886735, 22.525322 ] ] } },
{ "type": "Feature", "properties": { "highway": "primary", "name": "新安西路" }, "geometry": { "type": "LineString", "coordinates": [ [ 113.886022, 22.546518 ], [ 113.884596, 22.545295 ] ] } },
{ "type": "Feature", "properties": { "highway": "secondary", "name": "宝华路" }, "geometry": { "type": "LineString", "coordinates": [ [ 113.880393, 22.548633 ], [ 113.880355, 22.547579 ] ] } },
{ "type": "Feature", "properties": { "highway": "tertiary", "name": "海府路" }, "geometry": { "type": "LineString", "coordinates": [ [ 113.880355, 22.547579 ], [ 113.880361, 22.547481 ], [ 113.880394, 22.547369 ], [ 113.880433, 22.547309 ], [ 113.880492, 22.547265 ], [ 113.881107, 22.547096 ], [ 113.881772, 22.546883 ], [ 113.882219, 22.546713 ], [ 113.882621, 22.546529 ], [ 113.883269, 22.546196 ], [ 113.88372, 22.545923 ], [ 113.884596, 22.545295 ] ] } },
{ "type": "Feature", "properties": { "highway": "tertiary", "name": "科技中一路" }, "geometry": { "type": "LineString", "coordinates": [ [ 113.932007, 22.552594 ], [ 113.931984, 22.552387 ], [ 113.931295, 22.549595 ] ] } },
{ "type": "Feature", "properties": { "highway": "tertiary", "name": "玉泉路" }, "geometry": { "type": "LineString", "coordinates": [ [ 113.927842, 22.549268 ], [ 113.929589, 22.549244 ] ] } },
{ "type": "Feature", "properties": { "highway": "tertiary", "name": "玉泉路辅路" }, "geometry": { "type": "LineString", "coordinates": [ [ 113.925573, 22.549224 ], [ 113.925829, 22.549172 ], [ 113.92613, 22.549152 ], [ 113.928016, 22.549171 ] ] } },
{ "type": "Feature", "properties": { "highway": "tertiary", "name": "玉泉路辅路" }, "geometry": { "type": "LineString", "coordinates": [ [ 113.927999, 22.549443 ], [ 113.926139, 22.549405 ], [ 113.925957, 22.549387 ], [ 113.925571, 22.549295 ] ] } },
{ "type": "Feature", "properties": { "highway": "tertiary", "name": "玉泉路" }, "geometry": { "type": "LineString", "coordinates": [ [ 113.923079, 22.549232 ], [ 113.922844, 22.549216 ], [ 113.92077, 22.54921 ], [ 113.91852, 22.549281 ] ] } },
{ "type": "Feature", "properties": { "highway": "tertiary", "name": "玉泉路" }, "geometry": { "type": "LineString", "coordinates": [ [ 113.918371, 22.549248 ], [ 113.91852, 22.549217 ], [ 113.92077, 22.549151 ], [ 113.922842, 22.549139 ], [ 113.923018, 22.549155 ] ] } },
{ "type": "Feature", "properties": { "highway": "tertiary", "name": "玉泉路" }, "geometry": { "type": "LineString", "coordinates": [ [ 113.931405, 22.549288 ], [ 113.929576, 22.549322 ] ] } },
{ "type": "Feature", "properties": { "highway": "tertiary", "name": "玉泉路" }, "geometry": { "type": "LineString", "coordinates": [ [ 113.929589, 22.549244 ], [ 113.931406, 22.549209 ] ] } },
{ "type": "Feature", "properties": { "highway": "secondary", "name": "宝石路辅路" }, "geometry": { "type": "LineString", "coordinates": [ [ 113.915539, 22.590879 ], [ 113.915672, 22.590713 ], [ 113.91673, 22.589646 ], [ 113.917522, 22.58896 ] ] } },
{ "type": "Feature", "properties": { "highway": "secondary", "name": "上川路" }, "geometry": { "type": "LineString", "coordinates": [ [ 113.915707, 22.591091 ], [ 113.915502, 22.590925 ] ] } },
{ "type": "Feature", "properties": { "highway": "tertiary", "name": null }, "geometry": { "type": "LineString", "coordinates": [ [ 113.902622, 22.590592 ], [ 113.90268, 22.590637 ] ] } },
{ "type": "Feature", "properties": { "highway": "secondary", "name": "广盛路" }, "geometry": { "type": "LineString", "coordinates": [ [ 113.905054, 22.592818 ], [ 113.906038, 22.594614 ], [ 113.906137, 22.594889 ], [ 113.906177, 22.595176 ], [ 113.906175, 22.595321 ], [ 113.906058, 22.59651 ] ] } },
{ "type": "Feature", "properties": { "highway": "secondary", "name": "创研路" }, "geometry": { "type": "LineString", "coordinates": [ [ 113.928374, 22.579033 ], [ 113.928951, 22.580407 ], [ 113.929067, 22.580609 ], [ 113.929299, 22.580944 ], [ 113.929437, 22.581098 ], [ 113.929747, 22.581368 ], [ 113.929939, 22.581505 ], [ 113.930145, 22.581626 ], [ 113.930499, 22.581788 ], [ 113.93092, 22.581909 ], [ 113.931164, 22.581948 ], [ 113.931686, 22.581979 ], [ 113.932368, 22.581985 ], [ 113.932696, 22.581966 ] ] } },
{ "type": "Feature", "properties": { "highway": "secondary", "name": "中山园路" }, "geometry": { "type": "LineString", "coordinates": [ [ 113.924367, 22.571601 ], [ 113.923891, 22.571599 ] ] } },
{ "type": "Feature", "properties": { "highway": "tertiary", "name": "石光路" }, "geometry": { "type": "LineString", "coordinates": [ [ 113.924645, 22.571488 ], [ 113.924792, 22.571603 ], [ 113.924788, 22.572425 ], [ 113.924728, 22.572745 ], [ 113.924572, 22.573165 ], [ 113.924403, 22.573513 ], [ 113.92401, 22.574024 ], [ 113.923813, 22.574327 ], [ 113.923661, 22.57467 ], [ 113.923523, 22.575096 ], [ 113.92347, 22.575336 ], [ 113.923453, 22.575504 ], [ 113.923462, 22.575761 ], [ 113.923483, 22.575901 ], [ 113.923645, 22.576597 ], [ 113.92367, 22.577013 ], [ 113.923625, 22.57729 ], [ 113.923555, 22.577476 ], [ 113.923426, 22.577738 ], [ 113.923379, 22.577889 ], [ 113.923361, 22.578156 ], [ 113.92339, 22.578317 ] ] } },
{ "type": "Feature", "properties": { "highway": "tertiary", "name": "石光路" }, "geometry": { "type": "LineString", "coordinates": [ [ 113.923308, 22.578327 ], [ 113.923259, 22.578079 ], [ 113.923267, 22.577986 ], [ 113.923292, 22.577844 ], [ 113.923494, 22.577167 ], [ 113.923532, 22.57677 ], [ 113.923504, 22.576481 ], [ 113.923324, 22.575751 ], [ 113.923302, 22.575496 ], [ 113.923314, 22.575352 ], [ 113.923406, 22.574993 ], [ 113.923702, 22.574314 ], [ 113.923843, 22.574074 ], [ 113.92425, 22.573561 ], [ 113.924347, 22.573404 ], [ 113.924438, 22.573213 ], [ 113.924596, 22.572673 ], [ 113.924635, 22.57242 ], [ 113.924645, 22.571488 ] ] } },
{ "type": "Feature", "properties": { "highway": "tertiary", "name": null }, "geometry": { "type": "LineString", "coordinates": [ [ 113.865045, 22.562757 ], [ 113.864681, 22.562842 ] ] } },
{ "type": "Feature", "properties": { "highway": "tertiary", "name": null }, "geometry": { "type": "LineString", "coordinates": [ [ 113.86408, 22.562886 ], [ 113.863787, 22.56284 ] ] } },
{ "type": "Feature", "properties": { "highway": "tertiary", "name": null }, "geometry": { "type": "LineString", "coordinates": [ [ 113.863784, 22.562724 ], [ 113.864019, 22.562662 ] ] } },
{ "type": "Feature", "properties": { "highway": "secondary", "name": null }, "geometry": { "type": "LineString", "coordinates": [ [ 113.885601, 22.603041 ], [ 113.88549, 22.602593 ], [ 113.885388, 22.602363 ], [ 113.885245, 22.602173 ], [ 113.885029, 22.601988 ] ] } },
{ "type": "Feature", "properties": { "highway": "secondary", "name": "宝田一路" }, "geometry": { "type": "LineString", "coordinates": [ [ 113.869733, 22.594769 ], [ 113.870261, 22.595127 ], [ 113.872899, 22.596819 ], [ 113.873495, 22.597217 ], [ 113.873836, 22.597472 ] ] } },
{ "type": "Feature", "properties": { "highway": "secondary", "name": "宝田一路" }, "geometry": { "type": "LineString", "coordinates": [ [ 113.873609, 22.597431 ], [ 113.872851, 22.59689 ], [ 113.869344, 22.594608 ] ] } },
{ "type": "Feature", "properties": { "highway": "secondary", "name": "宝田一路" }, "geometry": { "type": "LineString", "coordinates": [ [ 113.873836, 22.597472 ], [ 113.873974, 22.597575 ], [ 113.875488, 22.598924 ], [ 113.877775, 22.600906 ], [ 113.878057, 22.601113 ], [ 113.878447, 22.601362 ], [ 113.878666, 22.601531 ], [ 113.878936, 22.601787 ], [ 113.879862, 22.602736 ], [ 113.88001, 22.602843 ], [ 113.880156, 22.60289 ], [ 113.880341, 22.602878 ], [ 113.882723, 22.602201 ], [ 113.883085, 22.602128 ], [ 113.884236, 22.601795 ] ] } },
{ "type": "Feature", "properties": { "highway": "trunk_link", "name": null }, "geometry": { "type": "LineString", "coordinates": [ [ 113.904823, 22.553053 ], [ 113.904851, 22.552892 ], [ 113.904953, 22.552648 ], [ 113.905035, 22.552531 ], [ 113.905129, 22.552442 ], [ 113.905254, 22.55237 ], [ 113.905444, 22.552311 ], [ 113.906028, 22.552218 ], [ 113.906242, 22.552207 ], [ 113.906631, 22.552251 ] ] } },
{ "type": "Feature", "properties": { "highway": "trunk_link", "name": null }, "geometry": { "type": "LineString", "coordinates": [ [ 113.904574, 22.554133 ], [ 113.904897, 22.553704 ], [ 113.905122, 22.553508 ], [ 113.905265, 22.553421 ], [ 113.905536, 22.553328 ], [ 113.906016, 22.553252 ], [ 113.906361, 22.553163 ], [ 113.906569, 22.553049 ], [ 113.906692, 22.552947 ] ] } },
{ "type": "Feature", "properties": { "highway": "trunk_link", "name": null }, "geometry": { "type": "LineString", "coordinates": [ [ 113.906631, 22.552251 ], [ 113.909712, 22.553821 ], [ 113.910675, 22.554351 ], [ 113.910882, 22.554496 ], [ 113.911202, 22.554801 ], [ 113.911599, 22.555284 ], [ 113.911937, 22.555777 ] ] } },
{ "type": "Feature", "properties": { "highway": "primary", "name": "桂湾四路" }, "geometry": { "type": "LineString", "coordinates": [ [ 113.900265, 22.535128 ], [ 113.900136, 22.535126 ] ] } },
{ "type": "Feature", "properties": { "highway": "primary", "name": "桂湾四路" }, "geometry": { "type": "LineString", "coordinates": [ [ 113.89773, 22.534956 ], [ 113.900138, 22.535 ] ] } },
{ "type": "Feature", "properties": { "highway": "primary", "name": "桂湾四路" }, "geometry": { "type": "LineString", "coordinates": [ [ 113.901378, 22.535149 ], [ 113.900265, 22.535128 ] ] } },
{ "type": "Feature", "properties": { "highway": "primary", "name": "桂湾四路" }, "geometry": { "type": "LineString", "coordinates": [ [ 113.900267, 22.535002 ], [ 113.90138, 22.535023 ] ] } },
{ "type": "Feature", "properties": { "highway": "tertiary", "name": "创新六街" }, "geometry": { "type": "LineString", "coordinates": [ [ 113.898668, 22.543891 ], [ 113.898757, 22.538189 ] ] } },
{ "type": "Feature", "properties": { "highway": "tertiary", "name": "桂湾三路" }, "geometry": { "type": "LineString", "coordinates": [ [ 113.899123, 22.538121 ], [ 113.900079, 22.538138 ] ] } },
{ "type": "Feature", "properties": { "highway": "tertiary", "name": "桂湾三路" }, "geometry": { "type": "LineString", "coordinates": [ [ 113.900215, 22.53814 ], [ 113.901362, 22.538161 ] ] } },
{ "type": "Feature", "properties": { "highway": "secondary", "name": "留仙一路" }, "geometry": { "type": "LineString", "coordinates": [ [ 113.910842, 22.581901 ], [ 113.907151, 22.585605 ], [ 113.906321, 22.586514 ], [ 113.90532, 22.587755 ] ] } },
{ "type": "Feature", "properties": { "highway": "secondary", "name": "留仙一路" }, "geometry": { "type": "LineString", "coordinates": [ [ 113.914008, 22.57878 ], [ 113.911008, 22.581788 ], [ 113.910842, 22.581901 ] ] } },
{ "type": "Feature", "properties": { "highway": "trunk", "name": "妈湾跨海通道" }, "geometry": { "type": "LineString", "coordinates": [ [ 113.850764, 22.560276 ], [ 113.853096, 22.557797 ], [ 113.853504, 22.557303 ], [ 113.853745, 22.556925 ], [ 113.853852, 22.556703 ], [ 113.854134, 22.555912 ], [ 113.856052, 22.549755 ], [ 113.856661, 22.547941 ], [ 113.857334, 22.546356 ], [ 113.857929, 22.544801 ], [ 113.860704, 22.535975 ], [ 113.861336, 22.533878 ], [ 113.863456, 22.527084 ], [ 113.863774, 22.526042 ], [ 113.864041, 22.525006 ], [ 113.864247, 22.524014 ], [ 113.86453, 22.521989 ], [ 113.864654, 22.520803 ], [ 113.864867, 22.517828 ], [ 113.864943, 22.517003 ], [ 113.865123, 22.515508 ], [ 113.865253, 22.514778 ], [ 113.866163, 22.510281 ] ] } },
{ "type": "Feature", "properties": { "highway": "trunk", "name": "妈湾跨海通道" }, "geometry": { "type": "LineString", "coordinates": [ [ 113.866318, 22.510307 ], [ 113.86555, 22.514187 ], [ 113.865358, 22.515516 ], [ 113.865203, 22.517028 ], [ 113.864894, 22.520835 ], [ 113.864773, 22.522005 ], [ 113.864487, 22.524065 ], [ 113.864277, 22.525048 ], [ 113.864, 22.526096 ], [ 113.863692, 22.527132 ], [ 113.858395, 22.544194 ], [ 113.857829, 22.545839 ], [ 113.857392, 22.5469 ], [ 113.856893, 22.54802 ], [ 113.856267, 22.549828 ], [ 113.855304, 22.552887 ], [ 113.854896, 22.554345 ], [ 113.854248, 22.556405 ], [ 113.854123, 22.556702 ], [ 113.853982, 22.556966 ], [ 113.853627, 22.557439 ], [ 113.853117, 22.558004 ], [ 113.850882, 22.560369 ] ] } },
{ "type": "Feature", "properties": { "highway": "tertiary", "name": "桂湾四路" }, "geometry": { "type": "LineString", "coordinates": [ [ 113.889899, 22.534947 ], [ 113.888872, 22.534925 ], [ 113.888712, 22.534901 ] ] } },
{ "type": "Feature", "properties": { "highway": "tertiary", "name": "桂湾四路" }, "geometry": { "type": "LineString", "coordinates": [ [ 113.888712, 22.534901 ], [ 113.888878, 22.534871 ], [ 113.8899, 22.534868 ] ] } },
{ "type": "Feature", "properties": { "highway": "secondary", "name": "听海路" }, "geometry": { "type": "LineString", "coordinates": [ [ 113.892417, 22.543987 ], [ 113.891717, 22.544768 ] ] } },
{ "type": "Feature", "properties": { "highway": "secondary", "name": "听海路" }, "geometry": { "type": "LineString", "coordinates": [ [ 113.891586, 22.544663 ], [ 113.892288, 22.543901 ] ] } },
{ "type": "Feature", "properties": { "highway": "primary_link", "name": null }, "geometry": { "type": "LineString", "coordinates": [ [ 113.890464, 22.53496 ], [ 113.89024, 22.535034 ], [ 113.890181, 22.535071 ], [ 113.890126, 22.535131 ], [ 113.890016, 22.535353 ] ] } },
{ "type": "Feature", "properties": { "highway": "primary_link", "name": null }, "geometry": { "type": "LineString", "coordinates": [ [ 113.890033, 22.534484 ], [ 113.890102, 22.534664 ], [ 113.890196, 22.534782 ], [ 113.890262, 22.534828 ], [ 113.890448, 22.534876 ] ] } },
{ "type": "Feature", "properties": { "highway": "primary_link", "name": null }, "geometry": { "type": "LineString", "coordinates": [ [ 113.896613, 22.535443 ], [ 113.896557, 22.535284 ], [ 113.896484, 22.53518 ], [ 113.896412, 22.53513 ], [ 113.896211, 22.535053 ] ] } },
{ "type": "Feature", "properties": { "highway": "primary_link", "name": null }, "geometry": { "type": "LineString", "coordinates": [ [ 113.896211, 22.534933 ], [ 113.896346, 22.534895 ], [ 113.896481, 22.53482 ], [ 113.896572, 22.534707 ], [ 113.896632, 22.534549 ] ] } },
{ "type": "Feature", "properties": { "highway": "primary_link", "name": null }, "geometry": { "type": "LineString", "coordinates": [ [ 113.892855, 22.535365 ], [ 113.892766, 22.535233 ], [ 113.892671, 22.535135 ], [ 113.892416, 22.535008 ] ] } },
{ "type": "Feature", "properties": { "highway": "primary_link", "name": null }, "geometry": { "type": "LineString", "coordinates": [ [ 113.892228, 22.534909 ], [ 113.892462, 22.534818 ], [ 113.892615, 22.534709 ], [ 113.892664, 22.534626 ], [ 113.892712, 22.53446 ] ] } },
{ "type": "Feature", "properties": { "highway": "primary_link", "name": null }, "geometry": { "type": "LineString", "coordinates": [ [ 113.892853, 22.534455 ], [ 113.892941, 22.534665 ], [ 113.89302, 22.534768 ], [ 113.893083, 22.534825 ], [ 113.893289, 22.534909 ] ] } },
{ "type": "Feature", "properties": { "highway": "primary_link", "name": null }, "geometry": { "type": "LineString", "coordinates": [ [ 113.893291, 22.535017 ], [ 113.893125, 22.535087 ], [ 113.893053, 22.535151 ], [ 113.893019, 22.535208 ], [ 113.892993, 22.535357 ] ] } },
{ "type": "Feature", "properties": { "highway": "tertiary", "name": "十一号路" }, "geometry": { "type": "LineString", "coordinates": [ [ 113.89997, 22.543641 ], [ 113.899965, 22.543916 ] ] } },
{ "type": "Feature", "properties": { "highway": "tertiary", "name": "十一号路" }, "geometry": { "type": "LineString", "coordinates": [ [ 113.899941, 22.545234 ], [ 113.899873, 22.545111 ], [ 113.899888, 22.544035 ], [ 113.899965, 22.543916 ] ] } },
{ "type": "Feature", "properties": { "highway": "tertiary", "name": "十一号路" }, "geometry": { "type": "LineString", "coordinates": [ [ 113.899965, 22.543916 ], [ 113.900034, 22.544038 ], [ 113.900014, 22.545112 ], [ 113.899941, 22.545234 ] ] } },
{ "type": "Feature", "properties": { "highway": "tertiary", "name": "金港大道" }, "geometry": { "type": "LineString", "coordinates": [ [ 113.855541, 22.549998 ], [ 113.856287, 22.547627 ], [ 113.856811, 22.546509 ], [ 113.857104, 22.546019 ], [ 113.857406, 22.54516 ] ] } },
{ "type": "Feature", "properties": { "highway": "tertiary", "name": "金港大道" }, "geometry": { "type": "LineString", "coordinates": [ [ 113.855541, 22.549998 ], [ 113.855517, 22.550356 ], [ 113.854647, 22.553225 ] ] } },
{ "type": "Feature", "properties": { "highway": "primary", "name": "滨海大道辅路" }, "geometry": { "type": "LineString", "coordinates": [ [ 113.861536, 22.557758 ], [ 113.861333, 22.557925 ] ] } },
{ "type": "Feature", "properties": { "highway": "primary", "name": "宝安大道辅路" }, "geometry": { "type": "LineString", "coordinates": [ [ 113.862679, 22.581708 ], [ 113.862605, 22.58186 ], [ 113.862496, 22.582009 ], [ 113.862318, 22.5822 ], [ 113.861186, 22.583256 ], [ 113.860792, 22.583579 ], [ 113.860226, 22.584006 ], [ 113.859192, 22.584757 ] ] } },
{ "type": "Feature", "properties": { "highway": "secondary", "name": "听海路" }, "geometry": { "type": "LineString", "coordinates": [ [ 113.891717, 22.544768 ], [ 113.891424, 22.545042 ] ] } },
{ "type": "Feature", "properties": { "highway": "secondary", "name": "听海路" }, "geometry": { "type": "LineString", "coordinates": [ [ 113.892696, 22.543565 ], [ 113.892417, 22.543987 ] ] } },
{ "type": "Feature", "properties": { "highway": "secondary", "name": "听海路" }, "geometry": { "type": "LineString", "coordinates": [ [ 113.892288, 22.543901 ], [ 113.892589, 22.543478 ] ] } },
{ "type": "Feature", "properties": { "highway": "secondary", "name": "听海路" }, "geometry": { "type": "LineString", "coordinates": [ [ 113.891336, 22.544973 ], [ 113.891586, 22.544663 ] ] } },
{ "type": "Feature", "properties": { "highway": "trunk_link", "name": null }, "geometry": { "type": "LineString", "coordinates": [ [ 113.906995, 22.552684 ], [ 113.90719, 22.552499 ] ] } },
{ "type": "Feature", "properties": { "highway": "primary", "name": "深南大道" }, "geometry": { "type": "LineString", "coordinates": [ [ 113.90719, 22.552499 ], [ 113.90771, 22.551718 ], [ 113.908318, 22.550696 ], [ 113.908868, 22.549636 ], [ 113.90919, 22.548783 ], [ 113.909367, 22.547821 ] ] } },
{ "type": "Feature", "properties": { "highway": "primary", "name": "深南大道" }, "geometry": { "type": "LineString", "coordinates": [ [ 113.907887, 22.54485 ], [ 113.906105, 22.544809 ] ] } },
{ "type": "Feature", "properties": { "highway": "trunk_link", "name": null }, "geometry": { "type": "LineString", "coordinates": [ [ 113.905422, 22.543142 ], [ 113.90557, 22.543345 ], [ 113.90636, 22.544272 ] ] } },
{ "type": "Feature", "properties": { "highway": "motorway", "name": "京港澳高速" }, "geometry": { "type": "LineString", "coordinates": [ [ 113.923457, 22.5681 ], [ 113.9229, 22.568443 ], [ 113.92234, 22.568907 ] ] } },
{ "type": "Feature", "properties": { "highway": "trunk_link", "name": null }, "geometry": { "type": "LineString", "coordinates": [ [ 113.906479, 22.555536 ], [ 113.905419, 22.556083 ] ] } },
{ "type": "Feature", "properties": { "highway": "trunk_link", "name": null }, "geometry": { "type": "LineString", "coordinates": [ [ 113.902941, 22.550895 ], [ 113.902531, 22.550738 ], [ 113.90163, 22.550324 ], [ 113.900427, 22.549726 ] ] } },
{ "type": "Feature", "properties": { "highway": "trunk_link", "name": null }, "geometry": { "type": "LineString", "coordinates": [ [ 113.902941, 22.550895 ], [ 113.901677, 22.550222 ], [ 113.900117, 22.549355 ], [ 113.898639, 22.548566 ], [ 113.898319, 22.548369 ], [ 113.897493, 22.547765 ] ] } },
{ "type": "Feature", "properties": { "highway": "trunk", "name": "南坪快速" }, "geometry": { "type": "LineString", "coordinates": [ [ 113.895762, 22.545951 ], [ 113.897045, 22.547011 ] ] } },
{ "type": "Feature", "properties": { "highway": "trunk", "name": "南坪快速" }, "geometry": { "type": "LineString", "coordinates": [ [ 113.897589, 22.547656 ], [ 113.896936, 22.547124 ] ] } },
{ "type": "Feature", "properties": { "highway": "trunk_link", "name": null }, "geometry": { "type": "LineString", "coordinates": [ [ 113.900427, 22.549726 ], [ 113.900189, 22.549639 ], [ 113.899993, 22.549595 ], [ 113.89981, 22.549573 ], [ 113.899454, 22.5496 ], [ 113.899203, 22.549691 ], [ 113.898974, 22.54984 ], [ 113.898818, 22.549967 ], [ 113.897965, 22.550768 ] ] } },
{ "type": "Feature", "properties": { "highway": "trunk_link", "name": null }, "geometry": { "type": "LineString", "coordinates": [ [ 113.897965, 22.550768 ], [ 113.897695, 22.551042 ], [ 113.897163, 22.551714 ] ] } },
{ "type": "Feature", "properties": { "highway": "trunk_link", "name": null }, "geometry": { "type": "LineString", "coordinates": [ [ 113.8978, 22.547438 ], [ 113.898089, 22.547656 ], [ 113.898417, 22.547867 ], [ 113.898747, 22.548007 ], [ 113.898957, 22.548057 ], [ 113.899175, 22.548085 ], [ 113.899411, 22.548085 ], [ 113.899687, 22.548066 ], [ 113.900295, 22.547987 ] ] } },
{ "type": "Feature", "properties": { "highway": "trunk_link", "name": null }, "geometry": { "type": "LineString", "coordinates": [ [ 113.901435, 22.548358 ], [ 113.901557, 22.548524 ], [ 113.901684, 22.548827 ], [ 113.901741, 22.549097 ], [ 113.901741, 22.549253 ], [ 113.901709, 22.549402 ], [ 113.901641, 22.549558 ], [ 113.901545, 22.549699 ], [ 113.901437, 22.549808 ], [ 113.901306, 22.549897 ], [ 113.90115, 22.549948 ], [ 113.900987, 22.549962 ], [ 113.900823, 22.549951 ], [ 113.900527, 22.549881 ], [ 113.900158, 22.549741 ], [ 113.899993, 22.549695 ], [ 113.899623, 22.549661 ], [ 113.899296, 22.549723 ], [ 113.898974, 22.54984 ] ] } },
{ "type": "Feature", "properties": { "highway": "trunk_link", "name": null }, "geometry": { "type": "LineString", "coordinates": [ [ 113.898328, 22.549978 ], [ 113.898451, 22.549732 ], [ 113.898516, 22.549548 ], [ 113.898544, 22.549379 ], [ 113.898527, 22.549068 ] ] } },
{ "type": "Feature", "properties": { "highway": "trunk_link", "name": null }, "geometry": { "type": "LineString", "coordinates": [ [ 113.898328, 22.549978 ], [ 113.898565, 22.549697 ], [ 113.898681, 22.549513 ], [ 113.899019, 22.548813 ], [ 113.899125, 22.548657 ], [ 113.89938, 22.548424 ], [ 113.899672, 22.54827 ], [ 113.89984, 22.548215 ] ] } },
{ "type": "Feature", "properties": { "highway": "trunk", "name": "南坪快速" }, "geometry": { "type": "LineString", "coordinates": [ [ 113.897045, 22.547011 ], [ 113.897706, 22.547544 ] ] } },
{ "type": "Feature", "properties": { "highway": "trunk_link", "name": null }, "geometry": { "type": "LineString", "coordinates": [ [ 113.897604, 22.547151 ], [ 113.898257, 22.547593 ], [ 113.899317, 22.548157 ], [ 113.899733, 22.548454 ], [ 113.900643, 22.549202 ], [ 113.901313, 22.549638 ] ] } },
{ "type": "Feature", "properties": { "highway": "trunk", "name": "南坪快速" }, "geometry": { "type": "LineString", "coordinates": [ [ 113.910324, 22.554296 ], [ 113.910596, 22.554461 ], [ 113.910887, 22.554677 ], [ 113.911295, 22.555053 ], [ 113.916861, 22.56146 ], [ 113.917522, 22.562172 ], [ 113.918097, 22.562745 ], [ 113.918584, 22.563192 ], [ 113.919171, 22.563699 ], [ 113.91969, 22.564106 ], [ 113.920273, 22.564531 ], [ 113.921363, 22.565224 ], [ 113.922121, 22.565666 ], [ 113.92269, 22.565968 ], [ 113.923632, 22.56643 ], [ 113.924439, 22.566782 ], [ 113.924972, 22.566983 ], [ 113.925364, 22.567105 ], [ 113.925754, 22.567204 ], [ 113.926501, 22.567352 ], [ 113.927352, 22.567455 ], [ 113.927751, 22.567476 ], [ 113.928521, 22.567462 ], [ 113.928959, 22.567424 ], [ 113.92934, 22.567377 ], [ 113.930013, 22.567254 ], [ 113.930696, 22.567078 ], [ 113.93118, 22.566934 ] ] } },
{ "type": "Feature", "properties": { "highway": "trunk", "name": "南坪快速" }, "geometry": { "type": "LineString", "coordinates": [ [ 113.93118, 22.566934 ], [ 113.93284, 22.566343 ], [ 113.93331, 22.566199 ], [ 113.934103, 22.566002 ], [ 113.934444, 22.565936 ], [ 113.934805, 22.565881 ], [ 113.93561, 22.565801 ], [ 113.939251, 22.565642 ] ] } },
{ "type": "Feature", "properties": { "highway": "trunk", "name": "南坪快速" }, "geometry": { "type": "LineString", "coordinates": [ [ 113.931243, 22.567076 ], [ 113.930525, 22.567296 ], [ 113.930124, 22.567398 ], [ 113.92978, 22.567472 ], [ 113.928999, 22.567579 ], [ 113.928538, 22.567619 ], [ 113.927766, 22.567637 ], [ 113.927343, 22.567615 ], [ 113.926473, 22.56751 ], [ 113.925349, 22.567274 ], [ 113.924928, 22.56715 ], [ 113.924272, 22.566904 ], [ 113.923514, 22.566571 ], [ 113.922552, 22.5661 ], [ 113.921584, 22.565573 ], [ 113.920698, 22.565017 ], [ 113.919791, 22.564389 ], [ 113.918931, 22.563711 ], [ 113.91794, 22.562839 ], [ 113.917391, 22.562288 ], [ 113.916727, 22.561564 ], [ 113.911158, 22.555157 ], [ 113.910782, 22.554813 ], [ 113.910491, 22.554598 ], [ 113.910222, 22.554427 ] ] } },
{ "type": "Feature", "properties": { "highway": "primary_link", "name": "桂湾联络道" }, "geometry": { "type": "LineString", "coordinates": [ [ 113.88862, 22.534382 ], [ 113.888465, 22.533728 ], [ 113.888446, 22.533522 ], [ 113.888482, 22.53344 ], [ 113.888616, 22.533305 ], [ 113.888952, 22.533069 ], [ 113.889096, 22.533032 ], [ 113.889194, 22.533028 ], [ 113.891124, 22.533035 ], [ 113.891242, 22.533053 ], [ 113.891332, 22.533084 ], [ 113.891401, 22.533129 ], [ 113.891439, 22.533173 ], [ 113.891483, 22.533279 ], [ 113.891494, 22.533346 ], [ 113.89147, 22.534657 ] ] } },
{ "type": "Feature", "properties": { "highway": "trunk_link", "name": null }, "geometry": { "type": "LineString", "coordinates": [ [ 113.904823, 22.553053 ], [ 113.904848, 22.552504 ], [ 113.904825, 22.552173 ], [ 113.904793, 22.552036 ], [ 113.904736, 22.551901 ], [ 113.904653, 22.551784 ], [ 113.904526, 22.551678 ], [ 113.904366, 22.551576 ] ] } },
{ "type": "Feature", "properties": { "highway": "primary_link", "name": null }, "geometry": { "type": "LineString", "coordinates": [ [ 113.890139, 22.533838 ], [ 113.890079, 22.538056 ] ] } },
{ "type": "Feature", "properties": { "highway": "trunk_link", "name": null }, "geometry": { "type": "LineString", "coordinates": [ [ 113.890303, 22.531899 ], [ 113.890217, 22.532122 ], [ 113.890176, 22.532334 ], [ 113.890139, 22.533838 ] ] } },
{ "type": "Feature", "properties": { "highway": "primary_link", "name": null }, "geometry": { "type": "LineString", "coordinates": [ [ 113.890079, 22.538056 ], [ 113.889989, 22.538448 ], [ 113.889976, 22.538575 ] ] } },
{ "type": "Feature", "properties": { "highway": "primary_link", "name": null }, "geometry": { "type": "LineString", "coordinates": [ [ 113.890073, 22.533454 ], [ 113.890139, 22.533838 ] ] } },
{ "type": "Feature", "properties": { "highway": "primary_link", "name": null }, "geometry": { "type": "LineString", "coordinates": [ [ 113.890079, 22.538056 ], [ 113.890079, 22.538595 ] ] } },
{ "type": "Feature", "properties": { "highway": "primary_link", "name": null }, "geometry": { "type": "LineString", "coordinates": [ [ 113.925801, 22.590194 ], [ 113.925399, 22.590356 ], [ 113.925353, 22.590365 ], [ 113.925273, 22.590344 ], [ 113.92524, 22.590315 ], [ 113.925182, 22.590191 ], [ 113.925068, 22.589637 ], [ 113.925035, 22.589547 ] ] } },
{ "type": "Feature", "properties": { "highway": "primary_link", "name": null }, "geometry": { "type": "LineString", "coordinates": [ [ 113.932576, 22.606765 ], [ 113.932505, 22.606971 ], [ 113.932493, 22.607259 ], [ 113.932448, 22.607284 ], [ 113.932413, 22.60727 ], [ 113.932297, 22.607137 ] ] } },
{ "type": "Feature", "properties": { "highway": "secondary", "name": "宝民一路" }, "geometry": { "type": "LineString", "coordinates": [ [ 113.903736, 22.558135 ], [ 113.90514, 22.556707 ], [ 113.90528, 22.556627 ] ] } },
{ "type": "Feature", "properties": { "highway": "secondary", "name": "宝民一路" }, "geometry": { "type": "LineString", "coordinates": [ [ 113.903803, 22.558192 ], [ 113.902519, 22.559445 ], [ 113.897134, 22.564826 ], [ 113.89492, 22.567014 ], [ 113.894094, 22.567854 ], [ 113.891397, 22.570516 ], [ 113.889411, 22.572524 ], [ 113.884985, 22.576913 ], [ 113.884777, 22.577129 ], [ 113.884452, 22.577533 ], [ 113.883573, 22.578756 ], [ 113.883379, 22.578916 ] ] } },
{ "type": "Feature", "properties": { "highway": "primary_link", "name": null }, "geometry": { "type": "LineString", "coordinates": [ [ 113.896113, 22.569275 ], [ 113.896271, 22.569312 ], [ 113.896458, 22.569308 ], [ 113.896609, 22.569282 ], [ 113.896676, 22.569255 ] ] } },
{ "type": "Feature", "properties": { "highway": "primary", "name": "前进一路" }, "geometry": { "type": "LineString", "coordinates": [ [ 113.8923, 22.579013 ], [ 113.888367, 22.582979 ] ] } },
{ "type": "Feature", "properties": { "highway": "primary", "name": "创业二路" }, "geometry": { "type": "LineString", "coordinates": [ [ 113.89669, 22.569768 ], [ 113.89923, 22.571892 ] ] } },
{ "type": "Feature", "properties": { "highway": "primary", "name": "前进一路" }, "geometry": { "type": "LineString", "coordinates": [ [ 113.899237, 22.572088 ], [ 113.897569, 22.573727 ], [ 113.895924, 22.57541 ] ] } },
{ "type": "Feature", "properties": { "highway": "secondary", "name": "裕安二路" }, "geometry": { "type": "LineString", "coordinates": [ [ 113.905884, 22.583991 ], [ 113.906762, 22.584733 ] ] } },
{ "type": "Feature", "properties": { "highway": "secondary", "name": "上川路" }, "geometry": { "type": "LineString", "coordinates": [ [ 113.903514, 22.586317 ], [ 113.904564, 22.587197 ] ] } },
{ "type": "Feature", "properties": { "highway": "secondary", "name": "公园路" }, "geometry": { "type": "LineString", "coordinates": [ [ 113.894005, 22.58521 ], [ 113.892697, 22.590371 ] ] } },
{ "type": "Feature", "properties": { "highway": "secondary", "name": "上川路" }, "geometry": { "type": "LineString", "coordinates": [ [ 113.903514, 22.586317 ], [ 113.903317, 22.586132 ], [ 113.903129, 22.585985 ], [ 113.90291, 22.585842 ], [ 113.902532, 22.585652 ], [ 113.902094, 22.585519 ], [ 113.898833, 22.584693 ], [ 113.898764, 22.584657 ] ] } },
{ "type": "Feature", "properties": { "highway": "secondary", "name": "前进二路" }, "geometry": { "type": "LineString", "coordinates": [ [ 113.888319, 22.583026 ], [ 113.886462, 22.584906 ], [ 113.884383, 22.586951 ] ] } },
{ "type": "Feature", "properties": { "highway": "secondary", "name": "前进二路" }, "geometry": { "type": "LineString", "coordinates": [ [ 113.884267, 22.58686 ], [ 113.885082, 22.586091 ], [ 113.888194, 22.582918 ] ] } },
{ "type": "Feature", "properties": { "highway": "secondary", "name": "流塘路" }, "geometry": { "type": "LineString", "coordinates": [ [ 113.884267, 22.58686 ], [ 113.884383, 22.586951 ] ] } },
{ "type": "Feature", "properties": { "highway": "secondary", "name": "前进二路" }, "geometry": { "type": "LineString", "coordinates": [ [ 113.88086, 22.590467 ], [ 113.878991, 22.592368 ] ] } },
{ "type": "Feature", "properties": { "highway": "secondary", "name": "前进二路" }, "geometry": { "type": "LineString", "coordinates": [ [ 113.878818, 22.592309 ], [ 113.879148, 22.591958 ], [ 113.880697, 22.59041 ] ] } },
{ "type": "Feature", "properties": { "highway": "secondary", "name": "庄边路" }, "geometry": { "type": "LineString", "coordinates": [ [ 113.880784, 22.590325 ], [ 113.88086, 22.590467 ] ] } },
{ "type": "Feature", "properties": { "highway": "tertiary", "name": "宝民二路" }, "geometry": { "type": "LineString", "coordinates": [ [ 113.875626, 22.58621 ], [ 113.873706, 22.588148 ] ] } },
{ "type": "Feature", "properties": { "highway": "tertiary", "name": "宝民二路" }, "geometry": { "type": "LineString", "coordinates": [ [ 113.87569, 22.586137 ], [ 113.875626, 22.58621 ] ] } },
{ "type": "Feature", "properties": { "highway": "tertiary", "name": "西乡大道辅路" }, "geometry": { "type": "LineString", "coordinates": [ [ 113.873327, 22.588938 ], [ 113.87324, 22.588909 ], [ 113.873138, 22.588817 ], [ 113.873105, 22.588718 ], [ 113.873112, 22.588613 ] ] } },
{ "type": "Feature", "properties": { "highway": "tertiary", "name": "宝民二路" }, "geometry": { "type": "LineString", "coordinates": [ [ 113.873112, 22.588613 ], [ 113.873135, 22.588569 ], [ 113.873277, 22.588422 ], [ 113.873316, 22.588406 ], [ 113.873413, 22.588403 ] ] } },
{ "type": "Feature", "properties": { "highway": "secondary", "name": "前进二路" }, "geometry": { "type": "LineString", "coordinates": [ [ 113.873609, 22.597431 ], [ 113.875292, 22.595828 ], [ 113.87775, 22.593367 ], [ 113.878229, 22.592918 ] ] } },
{ "type": "Feature", "properties": { "highway": "primary", "name": "广深公路辅路" }, "geometry": { "type": "LineString", "coordinates": [ [ 113.868522, 22.593062 ], [ 113.868079, 22.593902 ], [ 113.867314, 22.595239 ], [ 113.866901, 22.595875 ], [ 113.866391, 22.596707 ], [ 113.865286, 22.59829 ], [ 113.865078, 22.598612 ] ] } },
{ "type": "Feature", "properties": { "highway": "primary", "name": "广深公路辅路" }, "geometry": { "type": "LineString", "coordinates": [ [ 113.865078, 22.598612 ], [ 113.863399, 22.601265 ] ] } },
{ "type": "Feature", "properties": { "highway": "secondary", "name": "湖滨东路" }, "geometry": { "type": "LineString", "coordinates": [ [ 113.90762, 22.558339 ], [ 113.90528, 22.556627 ] ] } },
{ "type": "Feature", "properties": { "highway": "primary", "name": "创业二路" }, "geometry": { "type": "LineString", "coordinates": [ [ 113.910842, 22.581901 ], [ 113.912491, 22.583327 ], [ 113.91413, 22.584776 ] ] } },
{ "type": "Feature", "properties": { "highway": "tertiary", "name": "留仙二路" }, "geometry": { "type": "LineString", "coordinates": [ [ 113.911455, 22.587506 ], [ 113.911492, 22.587409 ], [ 113.91413, 22.584776 ] ] } },
{ "type": "Feature", "properties": { "highway": "primary", "name": "创业二路" }, "geometry": { "type": "LineString", "coordinates": [ [ 113.914096, 22.584927 ], [ 113.912426, 22.58346 ], [ 113.910736, 22.582008 ] ] } },
{ "type": "Feature", "properties": { "highway": "primary", "name": "创业二路" }, "geometry": { "type": "LineString", "coordinates": [ [ 113.91413, 22.584776 ], [ 113.914195, 22.584833 ] ] } },
{ "type": "Feature", "properties": { "highway": "tertiary", "name": "留仙二路" }, "geometry": { "type": "LineString", "coordinates": [ [ 113.914195, 22.584833 ], [ 113.914096, 22.584927 ] ] } },
{ "type": "Feature", "properties": { "highway": "primary", "name": "创业二路" }, "geometry": { "type": "LineString", "coordinates": [ [ 113.910736, 22.582008 ], [ 113.909197, 22.580665 ], [ 113.905806, 22.577754 ] ] } },
{ "type": "Feature", "properties": { "highway": "primary", "name": "新安二路" }, "geometry": { "type": "LineString", "coordinates": [ [ 113.908937, 22.570966 ], [ 113.908815, 22.574442 ], [ 113.908747, 22.574704 ] ] } },
{ "type": "Feature", "properties": { "highway": "primary", "name": "创业二路" }, "geometry": { "type": "LineString", "coordinates": [ [ 113.905806, 22.577754 ], [ 113.905743, 22.5777 ] ] } },
{ "type": "Feature", "properties": { "highway": "primary", "name": "新安三路" }, "geometry": { "type": "LineString", "coordinates": [ [ 113.906072, 22.577371 ], [ 113.908643, 22.574797 ], [ 113.908678, 22.574652 ] ] } },
{ "type": "Feature", "properties": { "highway": "primary", "name": "创业二路" }, "geometry": { "type": "LineString", "coordinates": [ [ 113.906111, 22.577831 ], [ 113.909301, 22.580562 ], [ 113.910842, 22.581901 ] ] } },
{ "type": "Feature", "properties": { "highway": "primary", "name": "新安三路" }, "geometry": { "type": "LineString", "coordinates": [ [ 113.905743, 22.5777 ], [ 113.905842, 22.577601 ] ] } },
{ "type": "Feature", "properties": { "highway": "primary", "name": "新安三路" }, "geometry": { "type": "LineString", "coordinates": [ [ 113.905905, 22.577655 ], [ 113.905806, 22.577754 ] ] } },
{ "type": "Feature", "properties": { "highway": "primary", "name": "创业二路" }, "geometry": { "type": "LineString", "coordinates": [ [ 113.905842, 22.577601 ], [ 113.905905, 22.577655 ] ] } },
{ "type": "Feature", "properties": { "highway": "primary_link", "name": null }, "geometry": { "type": "LineString", "coordinates": [ [ 113.906122, 22.577438 ], [ 113.906075, 22.57752 ], [ 113.906047, 22.577642 ], [ 113.906054, 22.577712 ], [ 113.906111, 22.577831 ] ] } },
{ "type": "Feature", "properties": { "highway": "primary_link", "name": null }, "geometry": { "type": "LineString", "coordinates": [ [ 113.905996, 22.577918 ], [ 113.905855, 22.577876 ], [ 113.905784, 22.577877 ], [ 113.90565, 22.57791 ] ] } },
{ "type": "Feature", "properties": { "highway": "primary_link", "name": null }, "geometry": { "type": "LineString", "coordinates": [ [ 113.905543, 22.5779 ], [ 113.905579, 22.577813 ], [ 113.905591, 22.577689 ], [ 113.905576, 22.57762 ], [ 113.905498, 22.57749 ] ] } },
{ "type": "Feature", "properties": { "highway": "primary_link", "name": null }, "geometry": { "type": "LineString", "coordinates": [ [ 113.905602, 22.577395 ], [ 113.905724, 22.577424 ], [ 113.905845, 22.577433 ], [ 113.905969, 22.577412 ], [ 113.906072, 22.577371 ] ] } },
{ "type": "Feature", "properties": { "highway": "primary", "name": "新安三路" }, "geometry": { "type": "LineString", "coordinates": [ [ 113.906122, 22.577438 ], [ 113.905905, 22.577655 ] ] } },
{ "type": "Feature", "properties": { "highway": "primary", "name": "创业二路" }, "geometry": { "type": "LineString", "coordinates": [ [ 113.905905, 22.577655 ], [ 113.906111, 22.577831 ] ] } },
{ "type": "Feature", "properties": { "highway": "primary", "name": "前进一路" }, "geometry": { "type": "LineString", "coordinates": [ [ 113.906787, 22.564379 ], [ 113.908801, 22.562357 ] ] } },
{ "type": "Feature", "properties": { "highway": "primary", "name": "前进一路" }, "geometry": { "type": "LineString", "coordinates": [ [ 113.908896, 22.562437 ], [ 113.906893, 22.564474 ] ] } },
{ "type": "Feature", "properties": { "highway": "primary", "name": "前进一路" }, "geometry": { "type": "LineString", "coordinates": [ [ 113.906724, 22.564441 ], [ 113.906787, 22.564379 ] ] } },
{ "type": "Feature", "properties": { "highway": "primary", "name": "新安二路" }, "geometry": { "type": "LineString", "coordinates": [ [ 113.906787, 22.564379 ], [ 113.906893, 22.564474 ] ] } },
{ "type": "Feature", "properties": { "highway": "primary", "name": "新安二路" }, "geometry": { "type": "LineString", "coordinates": [ [ 113.906808, 22.56456 ], [ 113.906724, 22.564441 ] ] } },
{ "type": "Feature", "properties": { "highway": "primary", "name": "前进一路" }, "geometry": { "type": "LineString", "coordinates": [ [ 113.906893, 22.564474 ], [ 113.906808, 22.56456 ] ] } },
{ "type": "Feature", "properties": { "highway": "tertiary", "name": "龙井二路" }, "geometry": { "type": "LineString", "coordinates": [ [ 113.906007, 22.560046 ], [ 113.908801, 22.562357 ] ] } },
{ "type": "Feature", "properties": { "highway": "primary", "name": "前进一路" }, "geometry": { "type": "LineString", "coordinates": [ [ 113.908801, 22.562357 ], [ 113.91061, 22.560496 ] ] } },
{ "type": "Feature", "properties": { "highway": "tertiary", "name": "龙井二路" }, "geometry": { "type": "LineString", "coordinates": [ [ 113.908801, 22.562357 ], [ 113.908896, 22.562437 ] ] } },
{ "type": "Feature", "properties": { "highway": "primary", "name": "前进一路" }, "geometry": { "type": "LineString", "coordinates": [ [ 113.910742, 22.560558 ], [ 113.908896, 22.562437 ] ] } },
{ "type": "Feature", "properties": { "highway": "tertiary", "name": "留仙二路" }, "geometry": { "type": "LineString", "coordinates": [ [ 113.921606, 22.577351 ], [ 113.921568, 22.57743 ], [ 113.9212, 22.577773 ], [ 113.920983, 22.578082 ], [ 113.919791, 22.579206 ], [ 113.917312, 22.581711 ] ] } },
{ "type": "Feature", "properties": { "highway": "trunk_link", "name": null }, "geometry": { "type": "LineString", "coordinates": [ [ 113.903736, 22.558135 ], [ 113.903624, 22.558084 ], [ 113.903504, 22.558081 ], [ 113.903262, 22.55814 ], [ 113.90309, 22.558218 ] ] } },
{ "type": "Feature", "properties": { "highway": "secondary", "name": "庄边路" }, "geometry": { "type": "LineString", "coordinates": [ [ 113.88086, 22.590467 ], [ 113.880697, 22.59041 ] ] } },
{ "type": "Feature", "properties": { "highway": "secondary", "name": "前进二路" }, "geometry": { "type": "LineString", "coordinates": [ [ 113.880697, 22.59041 ], [ 113.880784, 22.590325 ] ] } },
{ "type": "Feature", "properties": { "highway": "secondary", "name": "庄边路" }, "geometry": { "type": "LineString", "coordinates": [ [ 113.877858, 22.588069 ], [ 113.875626, 22.58621 ] ] } },
{ "type": "Feature", "properties": { "highway": "secondary", "name": "建安二路" }, "geometry": { "type": "LineString", "coordinates": [ [ 113.877939, 22.587988 ], [ 113.877858, 22.588069 ] ] } },
{ "type": "Feature", "properties": { "highway": "secondary", "name": "庄边路" }, "geometry": { "type": "LineString", "coordinates": [ [ 113.875908, 22.586317 ], [ 113.877939, 22.587988 ] ] } },
{ "type": "Feature", "properties": { "highway": "secondary", "name": "建安一路" }, "geometry": { "type": "LineString", "coordinates": [ [ 113.888646, 22.577348 ], [ 113.885491, 22.580499 ] ] } },
{ "type": "Feature", "properties": { "highway": "primary", "name": "新安四路" }, "geometry": { "type": "LineString", "coordinates": [ [ 113.890194, 22.584408 ], [ 113.890124, 22.584383 ], [ 113.888319, 22.583026 ] ] } },
{ "type": "Feature", "properties": { "highway": "primary", "name": "前进一路" }, "geometry": { "type": "LineString", "coordinates": [ [ 113.888194, 22.582918 ], [ 113.888241, 22.582871 ] ] } },
{ "type": "Feature", "properties": { "highway": "primary", "name": "新安四路" }, "geometry": { "type": "LineString", "coordinates": [ [ 113.888367, 22.582979 ], [ 113.890164, 22.584332 ] ] } },
{ "type": "Feature", "properties": { "highway": "primary", "name": "前进一路" }, "geometry": { "type": "LineString", "coordinates": [ [ 113.888367, 22.582979 ], [ 113.888319, 22.583026 ] ] } },
{ "type": "Feature", "properties": { "highway": "primary", "name": "新安四路" }, "geometry": { "type": "LineString", "coordinates": [ [ 113.888241, 22.582871 ], [ 113.888367, 22.582979 ] ] } },
{ "type": "Feature", "properties": { "highway": "primary", "name": "新安四路" }, "geometry": { "type": "LineString", "coordinates": [ [ 113.888319, 22.583026 ], [ 113.888194, 22.582918 ] ] } },
{ "type": "Feature", "properties": { "highway": "primary", "name": "前进一路" }, "geometry": { "type": "LineString", "coordinates": [ [ 113.888241, 22.582871 ], [ 113.889056, 22.582102 ], [ 113.892166, 22.578958 ], [ 113.895817, 22.575318 ] ] } },
{ "type": "Feature", "properties": { "highway": "secondary", "name": "留仙一路" }, "geometry": { "type": "LineString", "coordinates": [ [ 113.917394, 22.575387 ], [ 113.914436, 22.578351 ] ] } },
{ "type": "Feature", "properties": { "highway": "secondary", "name": "留仙一路" }, "geometry": { "type": "LineString", "coordinates": [ [ 113.914382, 22.578298 ], [ 113.917347, 22.575342 ] ] } },
{ "type": "Feature", "properties": { "highway": "secondary", "name": "留仙一路" }, "geometry": { "type": "LineString", "coordinates": [ [ 113.914436, 22.578351 ], [ 113.914008, 22.57878 ] ] } },
{ "type": "Feature", "properties": { "highway": "secondary", "name": "留仙一路" }, "geometry": { "type": "LineString", "coordinates": [ [ 113.913948, 22.57873 ], [ 113.914382, 22.578298 ] ] } },
{ "type": "Feature", "properties": { "highway": "primary", "name": "创业二路" }, "geometry": { "type": "LineString", "coordinates": [ [ 113.918167, 22.588394 ], [ 113.918078, 22.588316 ] ] } },
{ "type": "Feature", "properties": { "highway": "secondary", "name": "上川路" }, "geometry": { "type": "LineString", "coordinates": [ [ 113.915502, 22.590925 ], [ 113.91346, 22.589201 ], [ 113.911698, 22.587663 ], [ 113.911594, 22.587577 ], [ 113.911455, 22.587506 ] ] } },
{ "type": "Feature", "properties": { "highway": "secondary", "name": "尖岗山大道" }, "geometry": { "type": "LineString", "coordinates": [ [ 113.900094, 22.596585 ], [ 113.899484, 22.596596 ], [ 113.898925, 22.596646 ], [ 113.898473, 22.596741 ], [ 113.898051, 22.596898 ], [ 113.897672, 22.597065 ], [ 113.897301, 22.5973 ], [ 113.896988, 22.597548 ], [ 113.896429, 22.598083 ] ] } },
{ "type": "Feature", "properties": { "highway": "secondary", "name": null }, "geometry": { "type": "LineString", "coordinates": [ [ 113.900014, 22.596585 ], [ 113.900015, 22.596512 ] ] } },
{ "type": "Feature", "properties": { "highway": "secondary", "name": "尖岗山大道" }, "geometry": { "type": "LineString", "coordinates": [ [ 113.896372, 22.59802 ], [ 113.896908, 22.597504 ], [ 113.897152, 22.597309 ], [ 113.897531, 22.597059 ], [ 113.897963, 22.596852 ], [ 113.898468, 22.596666 ], [ 113.898914, 22.59657 ], [ 113.899476, 22.596524 ], [ 113.900015, 22.596512 ] ] } },
{ "type": "Feature", "properties": { "highway": "secondary", "name": "尖岗山大道" }, "geometry": { "type": "LineString", "coordinates": [ [ 113.896429, 22.598083 ], [ 113.896067, 22.598437 ], [ 113.895895, 22.598679 ], [ 113.895777, 22.598929 ], [ 113.895663, 22.599394 ] ] } },
{ "type": "Feature", "properties": { "highway": "tertiary", "name": null }, "geometry": { "type": "LineString", "coordinates": [ [ 113.895663, 22.599394 ], [ 113.895576, 22.599372 ] ] } },
{ "type": "Feature", "properties": { "highway": "secondary", "name": "尖岗山大道" }, "geometry": { "type": "LineString", "coordinates": [ [ 113.895576, 22.599372 ], [ 113.895618, 22.599152 ], [ 113.895739, 22.598792 ], [ 113.895886, 22.59853 ], [ 113.896131, 22.59824 ] ] } },
{ "type": "Feature", "properties": { "highway": "tertiary", "name": "龙辉路" }, "geometry": { "type": "LineString", "coordinates": [ [ 113.896473, 22.599611 ], [ 113.89643, 22.599717 ], [ 113.896428, 22.59983 ], [ 113.896449, 22.600055 ], [ 113.896505, 22.600275 ], [ 113.897037, 22.601413 ], [ 113.897085, 22.601525 ], [ 113.897113, 22.601641 ], [ 113.89712, 22.601761 ], [ 113.897107, 22.60188 ], [ 113.897073, 22.601995 ], [ 113.89702, 22.602104 ], [ 113.896948, 22.602204 ], [ 113.896759, 22.602366 ], [ 113.896523, 22.602464 ], [ 113.896396, 22.602486 ], [ 113.895356, 22.602493 ], [ 113.895192, 22.602513 ], [ 113.894874, 22.602595 ], [ 113.894577, 22.60273 ], [ 113.893552, 22.603443 ], [ 113.89323, 22.603594 ], [ 113.893058, 22.603647 ], [ 113.891449, 22.604032 ], [ 113.89002, 22.604434 ], [ 113.889794, 22.604447 ], [ 113.889682, 22.604431 ], [ 113.889574, 22.6044 ], [ 113.889378, 22.604295 ], [ 113.889295, 22.604224 ], [ 113.888948, 22.603753 ] ] } },
{ "type": "Feature", "properties": { "highway": "secondary", "name": "尖岗山大道" }, "geometry": { "type": "LineString", "coordinates": [ [ 113.888948, 22.603753 ], [ 113.888413, 22.603938 ], [ 113.887958, 22.604016 ], [ 113.887423, 22.604018 ], [ 113.886813, 22.603996 ] ] } },
{ "type": "Feature", "properties": { "highway": "tertiary", "name": null }, "geometry": { "type": "LineString", "coordinates": [ [ 113.888948, 22.603753 ], [ 113.888902, 22.603694 ] ] } },
{ "type": "Feature", "properties": { "highway": "secondary", "name": "尖岗山大道" }, "geometry": { "type": "LineString", "coordinates": [ [ 113.886813, 22.603924 ], [ 113.88743, 22.603952 ], [ 113.88795, 22.603955 ], [ 113.888168, 22.603928 ], [ 113.888572, 22.603831 ], [ 113.888902, 22.603694 ] ] } },
{ "type": "Feature", "properties": { "highway": "secondary", "name": "水库路" }, "geometry": { "type": "LineString", "coordinates": [ [ 113.886813, 22.603996 ], [ 113.886813, 22.603924 ] ] } },
{ "type": "Feature", "properties": { "highway": "secondary", "name": "水库路" }, "geometry": { "type": "LineString", "coordinates": [ [ 113.886813, 22.603924 ], [ 113.886781, 22.603549 ], [ 113.88667, 22.603183 ], [ 113.886621, 22.603075 ], [ 113.886465, 22.602817 ], [ 113.886279, 22.602555 ], [ 113.886112, 22.602388 ], [ 113.885948, 22.602267 ], [ 113.885741, 22.60215 ], [ 113.885515, 22.60207 ], [ 113.885231, 22.601997 ] ] } },
{ "type": "Feature", "properties": { "highway": "secondary", "name": "水库路" }, "geometry": { "type": "LineString", "coordinates": [ [ 113.8844, 22.601747 ], [ 113.884936, 22.601888 ] ] } },
{ "type": "Feature", "properties": { "highway": "secondary", "name": "前进二路" }, "geometry": { "type": "LineString", "coordinates": [ [ 113.877253, 22.594083 ], [ 113.875411, 22.595943 ], [ 113.873836, 22.597472 ] ] } },
{ "type": "Feature", "properties": { "highway": "primary", "name": "西乡大道" }, "geometry": { "type": "LineString", "coordinates": [ [ 113.878818, 22.592309 ], [ 113.878991, 22.592368 ] ] } },
{ "type": "Feature", "properties": { "highway": "primary", "name": "西乡大道" }, "geometry": { "type": "LineString", "coordinates": [ [ 113.877433, 22.591905 ], [ 113.876657, 22.591313 ], [ 113.875337, 22.590264 ], [ 113.874675, 22.589711 ] ] } },
{ "type": "Feature", "properties": { "highway": "primary", "name": "西乡大道" }, "geometry": { "type": "LineString", "coordinates": [ [ 113.881899, 22.593037 ], [ 113.881137, 22.592983 ], [ 113.88014, 22.592886 ], [ 113.879511, 22.592753 ] ] } },
{ "type": "Feature", "properties": { "highway": "secondary", "name": "前进二路" }, "geometry": { "type": "LineString", "coordinates": [ [ 113.878991, 22.592368 ], [ 113.878453, 22.592932 ] ] } },
{ "type": "Feature", "properties": { "highway": "primary", "name": "西乡大道" }, "geometry": { "type": "LineString", "coordinates": [ [ 113.878991, 22.592368 ], [ 113.879879, 22.592581 ] ] } },
{ "type": "Feature", "properties": { "highway": "tertiary", "name": "西乡大道辅路" }, "geometry": { "type": "LineString", "coordinates": [ [ 113.886326, 22.592996 ], [ 113.888212, 22.593105 ], [ 113.88872, 22.593191 ], [ 113.891254, 22.593353 ] ] } },
{ "type": "Feature", "properties": { "highway": "tertiary", "name": "锦花路" }, "geometry": { "type": "LineString", "coordinates": [ [ 113.88816, 22.588711 ], [ 113.886237, 22.592779 ], [ 113.886246, 22.592905 ], [ 113.886274, 22.592956 ], [ 113.886326, 22.592996 ] ] } },
{ "type": "Feature", "properties": { "highway": "tertiary", "name": "流塘路" }, "geometry": { "type": "LineString", "coordinates": [ [ 113.884383, 22.586951 ], [ 113.8845, 22.58695 ], [ 113.885358, 22.587565 ], [ 113.885723, 22.587767 ], [ 113.885944, 22.587862 ], [ 113.88814, 22.588668 ] ] } },
{ "type": "Feature", "properties": { "highway": "tertiary", "name": "流塘路" }, "geometry": { "type": "LineString", "coordinates": [ [ 113.88814, 22.588668 ], [ 113.889742, 22.589255 ] ] } },
{ "type": "Feature", "properties": { "highway": "primary", "name": "新安四路" }, "geometry": { "type": "LineString", "coordinates": [ [ 113.890164, 22.584332 ], [ 113.891536, 22.584632 ] ] } },
{ "type": "Feature", "properties": { "highway": "primary", "name": "新安四路" }, "geometry": { "type": "LineString", "coordinates": [ [ 113.891536, 22.584632 ], [ 113.893986, 22.585168 ] ] } },
{ "type": "Feature", "properties": { "highway": "secondary", "name": "公园路" }, "geometry": { "type": "LineString", "coordinates": [ [ 113.896016, 22.582239 ], [ 113.894461, 22.583794 ], [ 113.894379, 22.583896 ], [ 113.89428, 22.584122 ], [ 113.894005, 22.58521 ] ] } },
{ "type": "Feature", "properties": { "highway": "primary", "name": "新安二路" }, "geometry": { "type": "LineString", "coordinates": [ [ 113.906724, 22.564441 ], [ 113.904187, 22.56224 ] ] } },
{ "type": "Feature", "properties": { "highway": "primary", "name": "创业二路" }, "geometry": { "type": "LineString", "coordinates": [ [ 113.917921, 22.588056 ], [ 113.918136, 22.588242 ] ] } },
{ "type": "Feature", "properties": { "highway": "primary", "name": "留仙三路" }, "geometry": { "type": "LineString", "coordinates": [ [ 113.918136, 22.588242 ], [ 113.918346, 22.588004 ] ] } },
{ "type": "Feature", "properties": { "highway": "primary", "name": "西乡大道" }, "geometry": { "type": "LineString", "coordinates": [ [ 113.879511, 22.592753 ], [ 113.879062, 22.592616 ], [ 113.878494, 22.592396 ], [ 113.87779, 22.592097 ], [ 113.877433, 22.591905 ] ] } },
{ "type": "Feature", "properties": { "highway": "primary", "name": "西乡大道" }, "geometry": { "type": "LineString", "coordinates": [ [ 113.870069, 22.586229 ], [ 113.869288, 22.585681 ], [ 113.868913, 22.5854 ] ] } },
{ "type": "Feature", "properties": { "highway": "primary", "name": "西乡大道" }, "geometry": { "type": "LineString", "coordinates": [ [ 113.868591, 22.584937 ], [ 113.868798, 22.585105 ] ] } },
{ "type": "Feature", "properties": { "highway": "primary", "name": "西乡大道" }, "geometry": { "type": "LineString", "coordinates": [ [ 113.866069, 22.583091 ], [ 113.868591, 22.584937 ] ] } },
{ "type": "Feature", "properties": { "highway": "primary", "name": "西乡大道" }, "geometry": { "type": "LineString", "coordinates": [ [ 113.868913, 22.5854 ], [ 113.866364, 22.583561 ] ] } },
{ "type": "Feature", "properties": { "highway": "primary", "name": "西乡大道" }, "geometry": { "type": "LineString", "coordinates": [ [ 113.863083, 22.58013 ], [ 113.865508, 22.582621 ], [ 113.866069, 22.583091 ] ] } },
{ "type": "Feature", "properties": { "highway": "primary", "name": "西乡大道" }, "geometry": { "type": "LineString", "coordinates": [ [ 113.862925, 22.580221 ], [ 113.861532, 22.578743 ], [ 113.860155, 22.577337 ] ] } },
{ "type": "Feature", "properties": { "highway": "primary", "name": "西乡大道" }, "geometry": { "type": "LineString", "coordinates": [ [ 113.859809, 22.576727 ], [ 113.860155, 22.577087 ] ] } },
{ "type": "Feature", "properties": { "highway": "primary", "name": "西乡大道" }, "geometry": { "type": "LineString", "coordinates": [ [ 113.860155, 22.577337 ], [ 113.859997, 22.577176 ] ] } },
{ "type": "Feature", "properties": { "highway": "secondary", "name": "新湖路" }, "geometry": { "type": "LineString", "coordinates": [ [ 113.859725, 22.576639 ], [ 113.860072, 22.576369 ] ] } },
{ "type": "Feature", "properties": { "highway": "primary", "name": "西乡大道" }, "geometry": { "type": "LineString", "coordinates": [ [ 113.859671, 22.576843 ], [ 113.859589, 22.576757 ] ] } },
{ "type": "Feature", "properties": { "highway": "primary", "name": "西乡大道" }, "geometry": { "type": "LineString", "coordinates": [ [ 113.859424, 22.576324 ], [ 113.859725, 22.576639 ] ] } },
{ "type": "Feature", "properties": { "highway": "secondary", "name": "新湖路" }, "geometry": { "type": "LineString", "coordinates": [ [ 113.859589, 22.576757 ], [ 113.859725, 22.576639 ] ] } },
{ "type": "Feature", "properties": { "highway": "secondary", "name": "新湖路" }, "geometry": { "type": "LineString", "coordinates": [ [ 113.860133, 22.576469 ], [ 113.859809, 22.576727 ] ] } },
{ "type": "Feature", "properties": { "highway": "primary", "name": "西乡大道" }, "geometry": { "type": "LineString", "coordinates": [ [ 113.860155, 22.577087 ], [ 113.860238, 22.577173 ] ] } },
{ "type": "Feature", "properties": { "highway": "secondary", "name": "海城路" }, "geometry": { "type": "LineString", "coordinates": [ [ 113.86894, 22.576415 ], [ 113.868796, 22.57624 ], [ 113.865922, 22.57234 ] ] } },
{ "type": "Feature", "properties": { "highway": "secondary", "name": "新湖路" }, "geometry": { "type": "LineString", "coordinates": [ [ 113.865334, 22.572187 ], [ 113.868054, 22.570032 ] ] } },
{ "type": "Feature", "properties": { "highway": "secondary", "name": "海城路" }, "geometry": { "type": "LineString", "coordinates": [ [ 113.865823, 22.57198 ], [ 113.868898, 22.576169 ], [ 113.86894, 22.576415 ] ] } },
{ "type": "Feature", "properties": { "highway": "secondary", "name": "新湖路" }, "geometry": { "type": "LineString", "coordinates": [ [ 113.86811, 22.570107 ], [ 113.867191, 22.570874 ], [ 113.865823, 22.57198 ] ] } },
{ "type": "Feature", "properties": { "highway": "primary", "name": "宝源路" }, "geometry": { "type": "LineString", "coordinates": [ [ 113.865626, 22.567046 ], [ 113.863773, 22.568406 ] ] } },
{ "type": "Feature", "properties": { "highway": "secondary", "name": "海城路" }, "geometry": { "type": "LineString", "coordinates": [ [ 113.863691, 22.569078 ], [ 113.865823, 22.57198 ] ] } },
{ "type": "Feature", "properties": { "highway": "primary", "name": "宝源路" }, "geometry": { "type": "LineString", "coordinates": [ [ 113.863299, 22.568557 ], [ 113.865503, 22.566933 ] ] } },
{ "type": "Feature", "properties": { "highway": "secondary", "name": "海城路" }, "geometry": { "type": "LineString", "coordinates": [ [ 113.865432, 22.571673 ], [ 113.863188, 22.568636 ] ] } },
{ "type": "Feature", "properties": { "highway": "secondary", "name": "海城路" }, "geometry": { "type": "LineString", "coordinates": [ [ 113.863299, 22.568557 ], [ 113.863691, 22.569078 ] ] } },
{ "type": "Feature", "properties": { "highway": "primary", "name": "宝源路" }, "geometry": { "type": "LineString", "coordinates": [ [ 113.863188, 22.568636 ], [ 113.863299, 22.568557 ] ] } },
{ "type": "Feature", "properties": { "highway": "primary", "name": "宝源南路" }, "geometry": { "type": "LineString", "coordinates": [ [ 113.867967, 22.565106 ], [ 113.868257, 22.564861 ], [ 113.868583, 22.564549 ], [ 113.870417, 22.562697 ], [ 113.87233, 22.560802 ], [ 113.872961, 22.560154 ] ] } },
{ "type": "Feature", "properties": { "highway": "tertiary", "name": null }, "geometry": { "type": "LineString", "coordinates": [ [ 113.870526, 22.562589 ], [ 113.8706, 22.562389 ], [ 113.872112, 22.560897 ], [ 113.87233, 22.560802 ] ] } },
{ "type": "Feature", "properties": { "highway": "secondary", "name": "罗田路" }, "geometry": { "type": "LineString", "coordinates": [ [ 113.880493, 22.567159 ], [ 113.880536, 22.567056 ], [ 113.880546, 22.566986 ], [ 113.880536, 22.566899 ], [ 113.880464, 22.566782 ], [ 113.88039, 22.56671 ], [ 113.878474, 22.565053 ], [ 113.87644, 22.563324 ] ] } },
{ "type": "Feature", "properties": { "highway": "primary", "name": "宝源南路" }, "geometry": { "type": "LineString", "coordinates": [ [ 113.872647, 22.560725 ], [ 113.868701, 22.564662 ] ] } },
{ "type": "Feature", "properties": { "highway": "secondary", "name": "罗田路" }, "geometry": { "type": "LineString", "coordinates": [ [ 113.866679, 22.554796 ], [ 113.866812, 22.554839 ], [ 113.868457, 22.556252 ], [ 113.869449, 22.557128 ], [ 113.870496, 22.558016 ] ] } },
{ "type": "Feature", "properties": { "highway": "secondary", "name": "裕安一路" }, "geometry": { "type": "LineString", "coordinates": [ [ 113.873025, 22.555474 ], [ 113.875507, 22.557637 ] ] } },
{ "type": "Feature", "properties": { "highway": "primary", "name": "创业一路" }, "geometry": { "type": "LineString", "coordinates": [ [ 113.875507, 22.557637 ], [ 113.876532, 22.55659 ], [ 113.87694, 22.556236 ] ] } },
{ "type": "Feature", "properties": { "highway": "secondary", "name": "裕安一路" }, "geometry": { "type": "LineString", "coordinates": [ [ 113.875507, 22.557637 ], [ 113.875645, 22.557753 ] ] } },
{ "type": "Feature", "properties": { "highway": "primary", "name": "创业一路" }, "geometry": { "type": "LineString", "coordinates": [ [ 113.876743, 22.556637 ], [ 113.875959, 22.557437 ] ] } },
{ "type": "Feature", "properties": { "highway": "secondary", "name": "裕安一路" }, "geometry": { "type": "LineString", "coordinates": [ [ 113.875952, 22.558226 ], [ 113.873459, 22.556029 ] ] } },
{ "type": "Feature", "properties": { "highway": "primary", "name": "宝源南路" }, "geometry": { "type": "LineString", "coordinates": [ [ 113.875645, 22.557753 ], [ 113.875135, 22.558258 ] ] } },
{ "type": "Feature", "properties": { "highway": "secondary", "name": "裕安一路" }, "geometry": { "type": "LineString", "coordinates": [ [ 113.876052, 22.558097 ], [ 113.878738, 22.560427 ] ] } },
{ "type": "Feature", "properties": { "highway": "secondary", "name": "新湖路" }, "geometry": { "type": "LineString", "coordinates": [ [ 113.879334, 22.560445 ], [ 113.880984, 22.558861 ], [ 113.881878, 22.557972 ] ] } },
{ "type": "Feature", "properties": { "highway": "secondary", "name": "新湖路" }, "geometry": { "type": "LineString", "coordinates": [ [ 113.882461, 22.557583 ], [ 113.880279, 22.559696 ], [ 113.879409, 22.560512 ] ] } },
{ "type": "Feature", "properties": { "highway": "secondary", "name": "裕安一路" }, "geometry": { "type": "LineString", "coordinates": [ [ 113.879019, 22.560886 ], [ 113.875952, 22.558226 ] ] } },
{ "type": "Feature", "properties": { "highway": "secondary", "name": "新湖路" }, "geometry": { "type": "LineString", "coordinates": [ [ 113.879409, 22.560512 ], [ 113.87914, 22.56077 ] ] } },
{ "type": "Feature", "properties": { "highway": "secondary", "name": "裕安一路" }, "geometry": { "type": "LineString", "coordinates": [ [ 113.878738, 22.560427 ], [ 113.87914, 22.56077 ] ] } },
{ "type": "Feature", "properties": { "highway": "secondary", "name": "新湖路" }, "geometry": { "type": "LineString", "coordinates": [ [ 113.87914, 22.56077 ], [ 113.879019, 22.560886 ] ] } },
{ "type": "Feature", "properties": { "highway": "trunk", "name": "宝安大道" }, "geometry": { "type": "LineString", "coordinates": [ [ 113.883486, 22.564175 ], [ 113.884154, 22.563651 ], [ 113.885428, 22.562497 ], [ 113.885881, 22.562145 ], [ 113.886165, 22.561866 ] ] } },
{ "type": "Feature", "properties": { "highway": "primary", "name": "宝安大道辅路" }, "geometry": { "type": "LineString", "coordinates": [ [ 113.894967, 22.553249 ], [ 113.895938, 22.552291 ] ] } },
{ "type": "Feature", "properties": { "highway": "primary", "name": "新安西路" }, "geometry": { "type": "LineString", "coordinates": [ [ 113.894483, 22.553726 ], [ 113.894696, 22.553912 ] ] } },
{ "type": "Feature", "properties": { "highway": "primary", "name": "新安一路" }, "geometry": { "type": "LineString", "coordinates": [ [ 113.895148, 22.554505 ], [ 113.89459, 22.55402 ] ] } },
{ "type": "Feature", "properties": { "highway": "primary", "name": "宝安大道辅路" }, "geometry": { "type": "LineString", "coordinates": [ [ 113.894387, 22.554546 ], [ 113.892384, 22.556504 ] ] } },
{ "type": "Feature", "properties": { "highway": "primary", "name": "新安二路" }, "geometry": { "type": "LineString", "coordinates": [ [ 113.904251, 22.562167 ], [ 113.906748, 22.564317 ], [ 113.906787, 22.564379 ] ] } },
{ "type": "Feature", "properties": { "highway": "secondary", "name": "前进二路" }, "geometry": { "type": "LineString", "coordinates": [ [ 113.878229, 22.592918 ], [ 113.878818, 22.592309 ] ] } },
{ "type": "Feature", "properties": { "highway": "primary", "name": "宝安大道辅路" }, "geometry": { "type": "LineString", "coordinates": [ [ 113.871651, 22.574712 ], [ 113.870744, 22.57533 ], [ 113.870378, 22.575562 ], [ 113.869179, 22.576249 ] ] } },
{ "type": "Feature", "properties": { "highway": "primary", "name": "宝安大道辅路" }, "geometry": { "type": "LineString", "coordinates": [ [ 113.872047, 22.57445 ], [ 113.871651, 22.574712 ] ] } },
{ "type": "Feature", "properties": { "highway": "trunk", "name": "宝安大道" }, "geometry": { "type": "LineString", "coordinates": [ [ 113.883214, 22.564697 ], [ 113.88253, 22.565586 ], [ 113.88224, 22.566042 ], [ 113.88002, 22.568157 ], [ 113.879645, 22.568495 ], [ 113.879245, 22.568825 ], [ 113.877996, 22.569685 ], [ 113.877712, 22.569899 ], [ 113.87723, 22.570309 ], [ 113.87622, 22.57125 ] ] } },
{ "type": "Feature", "properties": { "highway": "trunk", "name": "宝安大道" }, "geometry": { "type": "LineString", "coordinates": [ [ 113.871965, 22.57435 ], [ 113.871573, 22.574617 ] ] } },
{ "type": "Feature", "properties": { "highway": "trunk", "name": "宝安大道" }, "geometry": { "type": "LineString", "coordinates": [ [ 113.876042, 22.571095 ], [ 113.877834, 22.569579 ], [ 113.879428, 22.568292 ], [ 113.8807, 22.56711 ], [ 113.882154, 22.565705 ] ] } },
{ "type": "Feature", "properties": { "highway": "trunk", "name": "宝安大道" }, "geometry": { "type": "LineString", "coordinates": [ [ 113.871454, 22.574471 ], [ 113.871852, 22.574211 ] ] } },
{ "type": "Feature", "properties": { "highway": "primary", "name": "宝安大道辅路" }, "geometry": { "type": "LineString", "coordinates": [ [ 113.869421, 22.575804 ], [ 113.870367, 22.575053 ], [ 113.87138, 22.57438 ] ] } },
{ "type": "Feature", "properties": { "highway": "primary", "name": "宝安大道辅路" }, "geometry": { "type": "LineString", "coordinates": [ [ 113.87138, 22.57438 ], [ 113.871775, 22.574116 ] ] } },
{ "type": "Feature", "properties": { "highway": "trunk", "name": "广深公路" }, "geometry": { "type": "LineString", "coordinates": [ [ 113.872244, 22.587345 ], [ 113.875326, 22.583953 ] ] } },
{ "type": "Feature", "properties": { "highway": "trunk", "name": "广深公路" }, "geometry": { "type": "LineString", "coordinates": [ [ 113.866252, 22.596253 ], [ 113.86742, 22.594424 ], [ 113.869072, 22.591378 ], [ 113.869447, 22.590714 ], [ 113.869895, 22.590056 ], [ 113.870421, 22.589369 ], [ 113.871811, 22.587845 ] ] } },
{ "type": "Feature", "properties": { "highway": "trunk", "name": "广深公路" }, "geometry": { "type": "LineString", "coordinates": [ [ 113.894796, 22.564557 ], [ 113.89536, 22.564017 ], [ 113.895645, 22.563773 ], [ 113.899016, 22.561235 ], [ 113.901465, 22.55942 ], [ 113.901912, 22.559062 ], [ 113.902409, 22.558627 ], [ 113.902973, 22.558074 ] ] } },
{ "type": "Feature", "properties": { "highway": "trunk", "name": "广深公路" }, "geometry": { "type": "LineString", "coordinates": [ [ 113.891718, 22.567943 ], [ 113.894323, 22.565062 ], [ 113.894796, 22.564557 ] ] } },
{ "type": "Feature", "properties": { "highway": "trunk", "name": "107国道" }, "geometry": { "type": "LineString", "coordinates": [ [ 113.904505, 22.556382 ], [ 113.904774, 22.555996 ], [ 113.905222, 22.555148 ], [ 113.905406, 22.554856 ], [ 113.906047, 22.553948 ], [ 113.906635, 22.553218 ], [ 113.906995, 22.552684 ] ] } },
{ "type": "Feature", "properties": { "highway": "trunk", "name": "北环大道" }, "geometry": { "type": "LineString", "coordinates": [ [ 113.911488, 22.5527 ], [ 113.912187, 22.553032 ], [ 113.912811, 22.553376 ], [ 113.914369, 22.554404 ], [ 113.914839, 22.554684 ] ] } },
{ "type": "Feature", "properties": { "highway": "primary", "name": "南海大道" }, "geometry": { "type": "LineString", "coordinates": [ [ 113.928542, 22.5547 ], [ 113.928613, 22.552348 ] ] } },
{ "type": "Feature", "properties": { "highway": "primary", "name": "南海大道" }, "geometry": { "type": "LineString", "coordinates": [ [ 113.928613, 22.552348 ], [ 113.928693, 22.550396 ] ] } },
{ "type": "Feature", "properties": { "highway": "primary", "name": "南海大道" }, "geometry": { "type": "LineString", "coordinates": [ [ 113.927135, 22.545894 ], [ 113.926985, 22.545184 ], [ 113.926941, 22.544898 ], [ 113.926924, 22.544619 ] ] } },
{ "type": "Feature", "properties": { "highway": "secondary", "name": "建安一路" }, "geometry": { "type": "LineString", "coordinates": [ [ 113.903747, 22.562266 ], [ 113.896692, 22.569333 ] ] } },
{ "type": "Feature", "properties": { "highway": "secondary", "name": "裕安二路" }, "geometry": { "type": "LineString", "coordinates": [ [ 113.893106, 22.572899 ], [ 113.89586, 22.575277 ], [ 113.895908, 22.575334 ] ] } },
{ "type": "Feature", "properties": { "highway": "secondary", "name": "上川路" }, "geometry": { "type": "LineString", "coordinates": [ [ 113.88719, 22.574596 ], [ 113.898813, 22.584614 ] ] } },
{ "type": "Feature", "properties": { "highway": "secondary", "name": "上川路" }, "geometry": { "type": "LineString", "coordinates": [ [ 113.898764, 22.584657 ], [ 113.887143, 22.574642 ] ] } },
{ "type": "Feature", "properties": { "highway": "secondary", "name": "建安一路" }, "geometry": { "type": "LineString", "coordinates": [ [ 113.889434, 22.576562 ], [ 113.888646, 22.577348 ] ] } },
{ "type": "Feature", "properties": { "highway": "secondary", "name": "建安一路" }, "geometry": { "type": "LineString", "coordinates": [ [ 113.885426, 22.580444 ], [ 113.889378, 22.576514 ] ] } },
{ "type": "Feature", "properties": { "highway": "primary_link", "name": null }, "geometry": { "type": "LineString", "coordinates": [ [ 113.903829, 22.561805 ], [ 113.903761, 22.56187 ] ] } },
{ "type": "Feature", "properties": { "highway": "primary_link", "name": null }, "geometry": { "type": "LineString", "coordinates": [ [ 113.896132, 22.569797 ], [ 113.896172, 22.569666 ], [ 113.896162, 22.569477 ] ] } },
{ "type": "Feature", "properties": { "highway": "primary_link", "name": null }, "geometry": { "type": "LineString", "coordinates": [ [ 113.896554, 22.569813 ], [ 113.8964, 22.569764 ], [ 113.896275, 22.569781 ], [ 113.896209, 22.569806 ] ] } },
{ "type": "Feature", "properties": { "highway": "primary_link", "name": null }, "geometry": { "type": "LineString", "coordinates": [ [ 113.896692, 22.569333 ], [ 113.896659, 22.569464 ], [ 113.89669, 22.569768 ] ] } },
{ "type": "Feature", "properties": { "highway": "tertiary", "name": "通成路" }, "geometry": { "type": "LineString", "coordinates": [ [ 113.858483, 22.585199 ], [ 113.860377, 22.587165 ], [ 113.860475, 22.587323 ], [ 113.860596, 22.587715 ], [ 113.860693, 22.588107 ] ] } },
{ "type": "Feature", "properties": { "highway": "secondary", "name": "建安一路" }, "geometry": { "type": "LineString", "coordinates": [ [ 113.893106, 22.572899 ], [ 113.889434, 22.576562 ] ] } },
{ "type": "Feature", "properties": { "highway": "secondary", "name": "裕安二路" }, "geometry": { "type": "LineString", "coordinates": [ [ 113.890822, 22.570969 ], [ 113.890866, 22.570964 ], [ 113.893106, 22.572899 ] ] } },
{ "type": "Feature", "properties": { "highway": "secondary", "name": "建安一路" }, "geometry": { "type": "LineString", "coordinates": [ [ 113.889378, 22.576514 ], [ 113.893008, 22.572897 ] ] } },
{ "type": "Feature", "properties": { "highway": "secondary", "name": "裕安二路" }, "geometry": { "type": "LineString", "coordinates": [ [ 113.893008, 22.572897 ], [ 113.890825, 22.571 ], [ 113.890822, 22.570969 ] ] } },
{ "type": "Feature", "properties": { "highway": "tertiary", "name": "龙井二路" }, "geometry": { "type": "LineString", "coordinates": [ [ 113.903803, 22.558192 ], [ 113.904346, 22.558648 ] ] } },
{ "type": "Feature", "properties": { "highway": "secondary", "name": "宝民一路" }, "geometry": { "type": "LineString", "coordinates": [ [ 113.90528, 22.556627 ], [ 113.90519, 22.556757 ], [ 113.904758, 22.557225 ], [ 113.903803, 22.558192 ] ] } },
{ "type": "Feature", "properties": { "highway": "tertiary", "name": "龙井二路" }, "geometry": { "type": "LineString", "coordinates": [ [ 113.903736, 22.558135 ], [ 113.903803, 22.558192 ] ] } },
{ "type": "Feature", "properties": { "highway": "secondary", "name": "建安一路" }, "geometry": { "type": "LineString", "coordinates": [ [ 113.904203, 22.561725 ], [ 113.905798, 22.560152 ], [ 113.907503, 22.55842 ], [ 113.90762, 22.558339 ] ] } },
{ "type": "Feature", "properties": { "highway": "primary", "name": "新安二路" }, "geometry": { "type": "LineString", "coordinates": [ [ 113.903919, 22.562007 ], [ 113.90289, 22.561115 ] ] } },
{ "type": "Feature", "properties": { "highway": "primary", "name": "新安二路" }, "geometry": { "type": "LineString", "coordinates": [ [ 113.902951, 22.561052 ], [ 113.903775, 22.561759 ] ] } },
{ "type": "Feature", "properties": { "highway": "secondary", "name": "建安一路" }, "geometry": { "type": "LineString", "coordinates": [ [ 113.903987, 22.56194 ], [ 113.904203, 22.561725 ] ] } },
{ "type": "Feature", "properties": { "highway": "primary", "name": "新安二路" }, "geometry": { "type": "LineString", "coordinates": [ [ 113.903987, 22.56194 ], [ 113.904251, 22.562167 ] ] } },
{ "type": "Feature", "properties": { "highway": "secondary", "name": "建安一路" }, "geometry": { "type": "LineString", "coordinates": [ [ 113.906007, 22.560046 ], [ 113.904254, 22.561764 ] ] } },
{ "type": "Feature", "properties": { "highway": "secondary", "name": "宝民一路" }, "geometry": { "type": "LineString", "coordinates": [ [ 113.902991, 22.558866 ], [ 113.903736, 22.558135 ] ] } },
{ "type": "Feature", "properties": { "highway": "tertiary", "name": "龙井二路" }, "geometry": { "type": "LineString", "coordinates": [ [ 113.904346, 22.558648 ], [ 113.906007, 22.560046 ] ] } },
{ "type": "Feature", "properties": { "highway": "secondary", "name": "建安一路" }, "geometry": { "type": "LineString", "coordinates": [ [ 113.90762, 22.558339 ], [ 113.907571, 22.55846 ], [ 113.906007, 22.560046 ] ] } },
{ "type": "Feature", "properties": { "highway": "secondary", "name": "建安一路" }, "geometry": { "type": "LineString", "coordinates": [ [ 113.904254, 22.561764 ], [ 113.903966, 22.562048 ] ] } },
{ "type": "Feature", "properties": { "highway": "primary", "name": "新安二路" }, "geometry": { "type": "LineString", "coordinates": [ [ 113.903966, 22.562048 ], [ 113.903919, 22.562007 ] ] } },
{ "type": "Feature", "properties": { "highway": "secondary", "name": "建安一路" }, "geometry": { "type": "LineString", "coordinates": [ [ 113.896454, 22.569567 ], [ 113.893106, 22.572899 ] ] } },
{ "type": "Feature", "properties": { "highway": "primary", "name": "创业二路" }, "geometry": { "type": "LineString", "coordinates": [ [ 113.895821, 22.569036 ], [ 113.896454, 22.569567 ] ] } },
{ "type": "Feature", "properties": { "highway": "tertiary", "name": "西乡大道辅路" }, "geometry": { "type": "LineString", "coordinates": [ [ 113.873413, 22.588403 ], [ 113.873532, 22.588447 ], [ 113.873606, 22.588526 ] ] } },
{ "type": "Feature", "properties": { "highway": "trunk", "name": "广深公路" }, "geometry": { "type": "LineString", "coordinates": [ [ 113.890458, 22.569571 ], [ 113.888989, 22.57105 ], [ 113.888203, 22.571792 ] ] } },
{ "type": "Feature", "properties": { "highway": "tertiary", "name": "海澜路" }, "geometry": { "type": "LineString", "coordinates": [ [ 113.876631, 22.548469 ], [ 113.876412, 22.548448 ], [ 113.876028, 22.548383 ], [ 113.875455, 22.548266 ], [ 113.874963, 22.548146 ], [ 113.874877, 22.548081 ] ] } },
{ "type": "Feature", "properties": { "highway": "tertiary", "name": "海澜路" }, "geometry": { "type": "LineString", "coordinates": [ [ 113.874877, 22.548081 ], [ 113.874996, 22.548063 ], [ 113.876019, 22.548288 ], [ 113.876429, 22.548359 ], [ 113.87672, 22.548378 ] ] } },
{ "type": "Feature", "properties": { "highway": "trunk", "name": "广深公路" }, "geometry": { "type": "LineString", "coordinates": [ [ 113.902973, 22.558074 ], [ 113.903584, 22.557431 ], [ 113.904505, 22.556382 ] ] } },
{ "type": "Feature", "properties": { "highway": "trunk", "name": "107国道" }, "geometry": { "type": "LineString", "coordinates": [ [ 113.907394, 22.552716 ], [ 113.906892, 22.553591 ], [ 113.906326, 22.554705 ], [ 113.906065, 22.555126 ], [ 113.905638, 22.555642 ], [ 113.904324, 22.556864 ] ] } },
{ "type": "Feature", "properties": { "highway": "primary", "name": "深南大道" }, "geometry": { "type": "LineString", "coordinates": [ [ 113.90838, 22.544849 ], [ 113.907887, 22.54485 ] ] } },
{ "type": "Feature", "properties": { "highway": "primary", "name": "深南大道" }, "geometry": { "type": "LineString", "coordinates": [ [ 113.908785, 22.544805 ], [ 113.90838, 22.544849 ] ] } },
{ "type": "Feature", "properties": { "highway": "secondary", "name": null }, "geometry": { "type": "LineString", "coordinates": [ [ 113.932124, 22.542803 ], [ 113.930217, 22.542876 ] ] } },
{ "type": "Feature", "properties": { "highway": "primary", "name": "深南大道" }, "geometry": { "type": "LineString", "coordinates": [ [ 113.931612, 22.542717 ], [ 113.929317, 22.542801 ] ] } },
{ "type": "Feature", "properties": { "highway": "primary", "name": "深南大道" }, "geometry": { "type": "LineString", "coordinates": [ [ 113.918605, 22.543262 ], [ 113.917812, 22.543293 ] ] } },
{ "type": "Feature", "properties": { "highway": "secondary", "name": "深南大道辅路" }, "geometry": { "type": "LineString", "coordinates": [ [ 113.917812, 22.543293 ], [ 113.917209, 22.543425 ], [ 113.916436, 22.543465 ], [ 113.91574, 22.543528 ], [ 113.915497, 22.543572 ], [ 113.914968, 22.543712 ] ] } },
{ "type": "Feature", "properties": { "highway": "primary", "name": "深南大道" }, "geometry": { "type": "LineString", "coordinates": [ [ 113.914117, 22.543859 ], [ 113.913153, 22.54419 ] ] } },
{ "type": "Feature", "properties": { "highway": "primary", "name": "深南大道" }, "geometry": { "type": "LineString", "coordinates": [ [ 113.913153, 22.54419 ], [ 113.912697, 22.54435 ] ] } },
{ "type": "Feature", "properties": { "highway": "primary_link", "name": null }, "geometry": { "type": "LineString", "coordinates": [ [ 113.92575, 22.543675 ], [ 113.925471, 22.543339 ], [ 113.925397, 22.54327 ], [ 113.925299, 22.543208 ], [ 113.925152, 22.543153 ], [ 113.924983, 22.543121 ] ] } },
{ "type": "Feature", "properties": { "highway": "primary_link", "name": null }, "geometry": { "type": "LineString", "coordinates": [ [ 113.923702, 22.543044 ], [ 113.923326, 22.543148 ] ] } },
{ "type": "Feature", "properties": { "highway": "primary_link", "name": null }, "geometry": { "type": "LineString", "coordinates": [ [ 113.923485, 22.543151 ], [ 113.923326, 22.543148 ] ] } },
{ "type": "Feature", "properties": { "highway": "primary", "name": "深南大道" }, "geometry": { "type": "LineString", "coordinates": [ [ 113.926458, 22.542927 ], [ 113.923702, 22.543044 ] ] } },
{ "type": "Feature", "properties": { "highway": "primary", "name": "深南大道" }, "geometry": { "type": "LineString", "coordinates": [ [ 113.923702, 22.543044 ], [ 113.922868, 22.543081 ] ] } },
{ "type": "Feature", "properties": { "highway": "primary", "name": "深南大道" }, "geometry": { "type": "LineString", "coordinates": [ [ 113.92495, 22.54275 ], [ 113.926553, 22.542662 ], [ 113.928232, 22.542549 ] ] } },
{ "type": "Feature", "properties": { "highway": "primary", "name": "深南大道" }, "geometry": { "type": "LineString", "coordinates": [ [ 113.919143, 22.543072 ], [ 113.919457, 22.543053 ] ] } },
{ "type": "Feature", "properties": { "highway": "primary", "name": "深南大道" }, "geometry": { "type": "LineString", "coordinates": [ [ 113.91964, 22.543224 ], [ 113.918948, 22.543252 ] ] } },
{ "type": "Feature", "properties": { "highway": "primary", "name": "南山大道" }, "geometry": { "type": "LineString", "coordinates": [ [ 113.918948, 22.543252 ], [ 113.918965, 22.543076 ] ] } },
{ "type": "Feature", "properties": { "highway": "primary", "name": "深南大道" }, "geometry": { "type": "LineString", "coordinates": [ [ 113.918965, 22.543076 ], [ 113.919143, 22.543072 ] ] } },
{ "type": "Feature", "properties": { "highway": "primary", "name": "南山大道" }, "geometry": { "type": "LineString", "coordinates": [ [ 113.919143, 22.543072 ], [ 113.919092, 22.543628 ] ] } },
{ "type": "Feature", "properties": { "highway": "tertiary", "name": "南山大道辅路" }, "geometry": { "type": "LineString", "coordinates": [ [ 113.918929, 22.545764 ], [ 113.918725, 22.547504 ], [ 113.918635, 22.547901 ] ] } },
{ "type": "Feature", "properties": { "highway": "tertiary", "name": "南山大道辅路" }, "geometry": { "type": "LineString", "coordinates": [ [ 113.918489, 22.547891 ], [ 113.918473, 22.547359 ], [ 113.918702, 22.545227 ], [ 113.918794, 22.544961 ] ] } },
{ "type": "Feature", "properties": { "highway": "primary", "name": "南山大道" }, "geometry": { "type": "LineString", "coordinates": [ [ 113.918489, 22.547891 ], [ 113.918529, 22.54768 ], [ 113.918755, 22.54562 ], [ 113.918794, 22.545244 ], [ 113.918794, 22.544961 ] ] } },
{ "type": "Feature", "properties": { "highway": "secondary", "name": "南山大道" }, "geometry": { "type": "LineString", "coordinates": [ [ 113.918886, 22.557968 ], [ 113.91919, 22.559323 ] ] } },
{ "type": "Feature", "properties": { "highway": "secondary", "name": "南山大道" }, "geometry": { "type": "LineString", "coordinates": [ [ 113.919543, 22.560978 ], [ 113.919681, 22.561585 ], [ 113.919671, 22.561706 ] ] } },
{ "type": "Feature", "properties": { "highway": "secondary", "name": "中山园路" }, "geometry": { "type": "LineString", "coordinates": [ [ 113.919287, 22.561739 ], [ 113.919579, 22.561611 ], [ 113.919681, 22.561585 ] ] } },
{ "type": "Feature", "properties": { "highway": "secondary", "name": "中山园路" }, "geometry": { "type": "LineString", "coordinates": [ [ 113.917274, 22.56274 ], [ 113.91651, 22.563068 ], [ 113.916415, 22.563143 ] ] } },
{ "type": "Feature", "properties": { "highway": "secondary", "name": "中山园路" }, "geometry": { "type": "LineString", "coordinates": [ [ 113.917436, 22.568588 ], [ 113.917727, 22.568773 ] ] } },
{ "type": "Feature", "properties": { "highway": "secondary", "name": "中山园路" }, "geometry": { "type": "LineString", "coordinates": [ [ 113.91767, 22.568872 ], [ 113.917145, 22.568554 ] ] } },
{ "type": "Feature", "properties": { "highway": "secondary", "name": "中山园路" }, "geometry": { "type": "LineString", "coordinates": [ [ 113.917727, 22.568773 ], [ 113.918026, 22.568976 ] ] } },
{ "type": "Feature", "properties": { "highway": "secondary", "name": "中山园路" }, "geometry": { "type": "LineString", "coordinates": [ [ 113.917975, 22.569054 ], [ 113.91767, 22.568872 ] ] } },
{ "type": "Feature", "properties": { "highway": "primary_link", "name": null }, "geometry": { "type": "LineString", "coordinates": [ [ 113.918929, 22.543583 ], [ 113.918909, 22.54348 ], [ 113.918834, 22.543362 ], [ 113.918775, 22.54331 ], [ 113.918605, 22.543262 ] ] } },
{ "type": "Feature", "properties": { "highway": "primary", "name": "南山大道" }, "geometry": { "type": "LineString", "coordinates": [ [ 113.918929, 22.543583 ], [ 113.918948, 22.543252 ] ] } },
{ "type": "Feature", "properties": { "highway": "primary", "name": "深南大道" }, "geometry": { "type": "LineString", "coordinates": [ [ 113.918948, 22.543252 ], [ 113.918605, 22.543262 ] ] } },
{ "type": "Feature", "properties": { "highway": "secondary", "name": "南新路" }, "geometry": { "type": "LineString", "coordinates": [ [ 113.915496, 22.542878 ], [ 113.91557, 22.543271 ] ] } },
{ "type": "Feature", "properties": { "highway": "primary", "name": "留仙大道" }, "geometry": { "type": "LineString", "coordinates": [ [ 113.933918, 22.583507 ], [ 113.933134, 22.583503 ], [ 113.932462, 22.583569 ] ] } },
{ "type": "Feature", "properties": { "highway": "tertiary", "name": "玉泉路" }, "geometry": { "type": "LineString", "coordinates": [ [ 113.926136, 22.549235 ], [ 113.927842, 22.549268 ] ] } },
{ "type": "Feature", "properties": { "highway": "tertiary", "name": "玉泉路" }, "geometry": { "type": "LineString", "coordinates": [ [ 113.927842, 22.54934 ], [ 113.926133, 22.549308 ] ] } },
{ "type": "Feature", "properties": { "highway": "tertiary", "name": "艺园路" }, "geometry": { "type": "LineString", "coordinates": [ [ 113.923022, 22.555083 ], [ 113.922996, 22.555008 ], [ 113.922989, 22.551502 ], [ 113.923033, 22.549396 ], [ 113.923018, 22.549155 ] ] } },
{ "type": "Feature", "properties": { "highway": "tertiary", "name": "艺园路" }, "geometry": { "type": "LineString", "coordinates": [ [ 113.922587, 22.546034 ], [ 113.923062, 22.54896 ], [ 113.923079, 22.549232 ] ] } },
{ "type": "Feature", "properties": { "highway": "primary", "name": "南山大道" }, "geometry": { "type": "LineString", "coordinates": [ [ 113.918371, 22.549248 ], [ 113.918387, 22.548934 ], [ 113.918489, 22.547891 ] ] } },
{ "type": "Feature", "properties": { "highway": "primary", "name": "南山大道" }, "geometry": { "type": "LineString", "coordinates": [ [ 113.918635, 22.547901 ], [ 113.918579, 22.548414 ], [ 113.91852, 22.549281 ] ] } },
{ "type": "Feature", "properties": { "highway": "tertiary", "name": "玉泉路" }, "geometry": { "type": "LineString", "coordinates": [ [ 113.91852, 22.549281 ], [ 113.918371, 22.549248 ] ] } },
{ "type": "Feature", "properties": { "highway": "tertiary", "name": "玉泉路" }, "geometry": { "type": "LineString", "coordinates": [ [ 113.926133, 22.549308 ], [ 113.925571, 22.549295 ] ] } },
{ "type": "Feature", "properties": { "highway": "tertiary", "name": "玉泉路辅路" }, "geometry": { "type": "LineString", "coordinates": [ [ 113.928537, 22.549584 ], [ 113.928351, 22.549484 ], [ 113.928218, 22.549456 ], [ 113.927999, 22.549443 ] ] } },
{ "type": "Feature", "properties": { "highway": "secondary", "name": null }, "geometry": { "type": "LineString", "coordinates": [ [ 113.92859, 22.549992 ], [ 113.928537, 22.549584 ] ] } },
{ "type": "Feature", "properties": { "highway": "secondary", "name": null }, "geometry": { "type": "LineString", "coordinates": [ [ 113.928537, 22.549584 ], [ 113.928375, 22.548982 ] ] } },
{ "type": "Feature", "properties": { "highway": "tertiary", "name": "玉泉路" }, "geometry": { "type": "LineString", "coordinates": [ [ 113.925573, 22.549224 ], [ 113.926136, 22.549235 ] ] } },
{ "type": "Feature", "properties": { "highway": "tertiary", "name": "玉泉路" }, "geometry": { "type": "LineString", "coordinates": [ [ 113.932308, 22.549337 ], [ 113.931941, 22.549299 ], [ 113.931405, 22.549288 ] ] } },
{ "type": "Feature", "properties": { "highway": "tertiary", "name": "玉泉路" }, "geometry": { "type": "LineString", "coordinates": [ [ 113.931406, 22.549209 ], [ 113.932306, 22.549206 ] ] } },
{ "type": "Feature", "properties": { "highway": "primary", "name": "南海大道" }, "geometry": { "type": "LineString", "coordinates": [ [ 113.928821, 22.550674 ], [ 113.928778, 22.552352 ], [ 113.928717, 22.553674 ], [ 113.928702, 22.554423 ] ] } },
{ "type": "Feature", "properties": { "highway": "primary", "name": "南海大道" }, "geometry": { "type": "LineString", "coordinates": [ [ 113.928615, 22.555894 ], [ 113.928577, 22.555567 ] ] } },
{ "type": "Feature", "properties": { "highway": "primary", "name": "北环南海立交" }, "geometry": { "type": "LineString", "coordinates": [ [ 113.929195, 22.555379 ], [ 113.928128, 22.555414 ] ] } },
{ "type": "Feature", "properties": { "highway": "primary", "name": "南海大道" }, "geometry": { "type": "LineString", "coordinates": [ [ 113.928725, 22.555563 ], [ 113.928764, 22.555958 ] ] } },
{ "type": "Feature", "properties": { "highway": "primary", "name": "深南大道" }, "geometry": { "type": "LineString", "coordinates": [ [ 113.921007, 22.543174 ], [ 113.91964, 22.543224 ] ] } },
{ "type": "Feature", "properties": { "highway": "secondary", "name": "南山大道" }, "geometry": { "type": "LineString", "coordinates": [ [ 113.918768, 22.557459 ], [ 113.918886, 22.557968 ] ] } },
{ "type": "Feature", "properties": { "highway": "secondary", "name": "中山园路" }, "geometry": { "type": "LineString", "coordinates": [ [ 113.916415, 22.563143 ], [ 113.916381, 22.563188 ], [ 113.916357, 22.563282 ], [ 113.916354, 22.563797 ] ] } },
{ "type": "Feature", "properties": { "highway": "secondary", "name": "中山园路" }, "geometry": { "type": "LineString", "coordinates": [ [ 113.917204, 22.568444 ], [ 113.917436, 22.568588 ] ] } },
{ "type": "Feature", "properties": { "highway": "trunk", "name": "宝安大道" }, "geometry": { "type": "LineString", "coordinates": [ [ 113.897127, 22.551281 ], [ 113.898188, 22.550282 ] ] } },
{ "type": "Feature", "properties": { "highway": "trunk_link", "name": null }, "geometry": { "type": "LineString", "coordinates": [ [ 113.895152, 22.545415 ], [ 113.895921, 22.545865 ], [ 113.896889, 22.546695 ], [ 113.8978, 22.547438 ] ] } },
{ "type": "Feature", "properties": { "highway": "trunk_link", "name": null }, "geometry": { "type": "LineString", "coordinates": [ [ 113.896246, 22.546152 ], [ 113.896696, 22.546435 ], [ 113.897604, 22.547151 ] ] } },
{ "type": "Feature", "properties": { "highway": "secondary", "name": "朗山路" }, "geometry": { "type": "LineString", "coordinates": [ [ 113.934286, 22.559843 ], [ 113.929306, 22.559764 ] ] } },
{ "type": "Feature", "properties": { "highway": "primary", "name": "南海大道" }, "geometry": { "type": "LineString", "coordinates": [ [ 113.927379, 22.546021 ], [ 113.927492, 22.546327 ] ] } },
{ "type": "Feature", "properties": { "highway": "tertiary", "name": "石光路" }, "geometry": { "type": "LineString", "coordinates": [ [ 113.923416, 22.57929 ], [ 113.923386, 22.579198 ], [ 113.923397, 22.578755 ], [ 113.923386, 22.578615 ], [ 113.923362, 22.578485 ], [ 113.923308, 22.578327 ] ] } },
{ "type": "Feature", "properties": { "highway": "tertiary", "name": "石光路" }, "geometry": { "type": "LineString", "coordinates": [ [ 113.92339, 22.578317 ], [ 113.923435, 22.578479 ], [ 113.923465, 22.578768 ], [ 113.923456, 22.5792 ], [ 113.923416, 22.57929 ] ] } },
{ "type": "Feature", "properties": { "highway": "tertiary", "name": "打石一路" }, "geometry": { "type": "LineString", "coordinates": [ [ 113.922934, 22.579181 ], [ 113.924415, 22.579224 ], [ 113.924944, 22.579217 ] ] } },
{ "type": "Feature", "properties": { "highway": "primary", "name": "同乐路" }, "geometry": { "type": "LineString", "coordinates": [ [ 113.927425, 22.574132 ], [ 113.926524, 22.575187 ], [ 113.926132, 22.575678 ], [ 113.925931, 22.575982 ], [ 113.925565, 22.576765 ] ] } },
{ "type": "Feature", "properties": { "highway": "primary", "name": "同乐路" }, "geometry": { "type": "LineString", "coordinates": [ [ 113.924935, 22.579768 ], [ 113.924941, 22.57933 ] ] } },
{ "type": "Feature", "properties": { "highway": "tertiary", "name": "打石一路" }, "geometry": { "type": "LineString", "coordinates": [ [ 113.924507, 22.579319 ], [ 113.923807, 22.579309 ], [ 113.922864, 22.579268 ] ] } },
{ "type": "Feature", "properties": { "highway": "primary", "name": "同乐路" }, "geometry": { "type": "LineString", "coordinates": [ [ 113.92486, 22.584342 ], [ 113.92486, 22.583837 ], [ 113.924898, 22.582687 ], [ 113.924935, 22.579768 ] ] } },
{ "type": "Feature", "properties": { "highway": "primary", "name": "同乐路" }, "geometry": { "type": "LineString", "coordinates": [ [ 113.925224, 22.579217 ], [ 113.925141, 22.584864 ] ] } },
{ "type": "Feature", "properties": { "highway": "primary", "name": "同乐路" }, "geometry": { "type": "LineString", "coordinates": [ [ 113.924974, 22.588081 ], [ 113.924868, 22.586533 ], [ 113.924854, 22.584552 ] ] } },
{ "type": "Feature", "properties": { "highway": "primary", "name": "留仙大道" }, "geometry": { "type": "LineString", "coordinates": [ [ 113.92486, 22.584342 ], [ 113.925552, 22.584384 ], [ 113.926059, 22.584391 ] ] } },
{ "type": "Feature", "properties": { "highway": "primary_link", "name": null }, "geometry": { "type": "LineString", "coordinates": [ [ 113.925217, 22.584725 ], [ 113.925159, 22.584808 ], [ 113.925141, 22.584864 ] ] } },
{ "type": "Feature", "properties": { "highway": "primary", "name": "同乐路" }, "geometry": { "type": "LineString", "coordinates": [ [ 113.925141, 22.584864 ], [ 113.925145, 22.586557 ], [ 113.92523, 22.58807 ] ] } },
{ "type": "Feature", "properties": { "highway": "primary", "name": "留仙大道" }, "geometry": { "type": "LineString", "coordinates": [ [ 113.925689, 22.584566 ], [ 113.924854, 22.584552 ] ] } },
{ "type": "Feature", "properties": { "highway": "primary", "name": "留仙大道" }, "geometry": { "type": "LineString", "coordinates": [ [ 113.92647, 22.584589 ], [ 113.925689, 22.584566 ] ] } },
{ "type": "Feature", "properties": { "highway": "secondary", "name": "留仙大道辅路" }, "geometry": { "type": "LineString", "coordinates": [ [ 113.927037, 22.584741 ], [ 113.925313, 22.584706 ], [ 113.925217, 22.584725 ] ] } },
{ "type": "Feature", "properties": { "highway": "primary", "name": "留仙大道" }, "geometry": { "type": "LineString", "coordinates": [ [ 113.931258, 22.58361 ], [ 113.9319, 22.583446 ], [ 113.932467, 22.583364 ] ] } },
{ "type": "Feature", "properties": { "highway": "primary", "name": "留仙大道" }, "geometry": { "type": "LineString", "coordinates": [ [ 113.932462, 22.583569 ], [ 113.932271, 22.583588 ] ] } },
{ "type": "Feature", "properties": { "highway": "primary", "name": "龙珠大道" }, "geometry": { "type": "LineString", "coordinates": [ [ 113.928528, 22.571443 ], [ 113.929563, 22.571437 ] ] } },
{ "type": "Feature", "properties": { "highway": "primary", "name": "同乐路辅路" }, "geometry": { "type": "LineString", "coordinates": [ [ 113.929169, 22.570898 ], [ 113.92912, 22.571239 ], [ 113.929064, 22.571449 ] ] } },
{ "type": "Feature", "properties": { "highway": "primary", "name": "南海大道" }, "geometry": { "type": "LineString", "coordinates": [ [ 113.928954, 22.564785 ], [ 113.92901, 22.562382 ] ] } },
{ "type": "Feature", "properties": { "highway": "primary", "name": "南海大道" }, "geometry": { "type": "LineString", "coordinates": [ [ 113.929148, 22.559091 ], [ 113.9292, 22.559991 ], [ 113.929205, 22.560796 ] ] } },
{ "type": "Feature", "properties": { "highway": "secondary", "name": "南海大道辅路" }, "geometry": { "type": "LineString", "coordinates": [ [ 113.929306, 22.559764 ], [ 113.929306, 22.560526 ] ] } },
{ "type": "Feature", "properties": { "highway": "primary", "name": "南海大道" }, "geometry": { "type": "LineString", "coordinates": [ [ 113.928981, 22.559022 ], [ 113.928615, 22.555894 ] ] } },
{ "type": "Feature", "properties": { "highway": "secondary", "name": "南海大道辅路" }, "geometry": { "type": "LineString", "coordinates": [ [ 113.928978, 22.563773 ], [ 113.928723, 22.563659 ], [ 113.928731, 22.563529 ], [ 113.928842, 22.563024 ], [ 113.928897, 22.561896 ] ] } },
{ "type": "Feature", "properties": { "highway": "primary", "name": "同乐路" }, "geometry": { "type": "LineString", "coordinates": [ [ 113.924854, 22.584552 ], [ 113.92486, 22.584342 ] ] } },
{ "type": "Feature", "properties": { "highway": "secondary", "name": "前海路" }, "geometry": { "type": "LineString", "coordinates": [ [ 113.909901, 22.543846 ], [ 113.909861, 22.544275 ], [ 113.909839, 22.544818 ] ] } },
{ "type": "Feature", "properties": { "highway": "primary", "name": "深南大道" }, "geometry": { "type": "LineString", "coordinates": [ [ 113.909686, 22.544447 ], [ 113.910564, 22.544466 ] ] } },
{ "type": "Feature", "properties": { "highway": "secondary", "name": "桃园路" }, "geometry": { "type": "LineString", "coordinates": [ [ 113.919299, 22.535346 ], [ 113.919848, 22.535333 ] ] } },
{ "type": "Feature", "properties": { "highway": "primary", "name": "南山大道" }, "geometry": { "type": "LineString", "coordinates": [ [ 113.919848, 22.535333 ], [ 113.919832, 22.534756 ] ] } },
{ "type": "Feature", "properties": { "highway": "secondary", "name": "桃园路" }, "geometry": { "type": "LineString", "coordinates": [ [ 113.926838, 22.535511 ], [ 113.926372, 22.535514 ] ] } },
{ "type": "Feature", "properties": { "highway": "secondary", "name": null }, "geometry": { "type": "LineString", "coordinates": [ [ 113.926943, 22.536101 ], [ 113.926838, 22.535511 ] ] } },
{ "type": "Feature", "properties": { "highway": "secondary", "name": null }, "geometry": { "type": "LineString", "coordinates": [ [ 113.92698, 22.534874 ], [ 113.927273, 22.535362 ], [ 113.927309, 22.535454 ] ] } },
{ "type": "Feature", "properties": { "highway": "secondary", "name": "前海路" }, "geometry": { "type": "LineString", "coordinates": [ [ 113.91028, 22.534762 ], [ 113.910275, 22.53153 ], [ 113.910262, 22.531293 ] ] } },
{ "type": "Feature", "properties": { "highway": "secondary", "name": "前海路" }, "geometry": { "type": "LineString", "coordinates": [ [ 113.910369, 22.531241 ], [ 113.910383, 22.531525 ], [ 113.91039, 22.5337 ], [ 113.910417, 22.534604 ] ] } },
{ "type": "Feature", "properties": { "highway": "trunk", "name": "月亮湾大道" }, "geometry": { "type": "LineString", "coordinates": [ [ 113.904649, 22.535875 ], [ 113.904758, 22.531477 ] ] } },
{ "type": "Feature", "properties": { "highway": "secondary", "name": "桃园路" }, "geometry": { "type": "LineString", "coordinates": [ [ 113.913957, 22.535559 ], [ 113.910963, 22.53535 ] ] } },
{ "type": "Feature", "properties": { "highway": "secondary", "name": "前海路" }, "geometry": { "type": "LineString", "coordinates": [ [ 113.910417, 22.534604 ], [ 113.910422, 22.535312 ] ] } },
{ "type": "Feature", "properties": { "highway": "secondary", "name": "桃园路" }, "geometry": { "type": "LineString", "coordinates": [ [ 113.911004, 22.535232 ], [ 113.914248, 22.535465 ] ] } },
{ "type": "Feature", "properties": { "highway": "secondary", "name": "大宝路" }, "geometry": { "type": "LineString", "coordinates": [ [ 113.912361, 22.577472 ], [ 113.912275, 22.577595 ], [ 113.905884, 22.583991 ] ] } },
{ "type": "Feature", "properties": { "highway": "secondary", "name": "大宝路" }, "geometry": { "type": "LineString", "coordinates": [ [ 113.90582, 22.583975 ], [ 113.912226, 22.577565 ], [ 113.912361, 22.577472 ] ] } },
{ "type": "Feature", "properties": { "highway": "secondary", "name": "大宝路" }, "geometry": { "type": "LineString", "coordinates": [ [ 113.903514, 22.586317 ], [ 113.90364, 22.586147 ], [ 113.90582, 22.583975 ] ] } },
{ "type": "Feature", "properties": { "highway": "secondary", "name": "大宝路" }, "geometry": { "type": "LineString", "coordinates": [ [ 113.905884, 22.583991 ], [ 113.903685, 22.586188 ], [ 113.903514, 22.586317 ] ] } },
{ "type": "Feature", "properties": { "highway": "secondary", "name": "水库路" }, "geometry": { "type": "LineString", "coordinates": [ [ 113.886489, 22.60536 ], [ 113.886753, 22.604469 ], [ 113.886796, 22.604235 ], [ 113.886813, 22.603996 ] ] } },
{ "type": "Feature", "properties": { "highway": "secondary", "name": null }, "geometry": { "type": "LineString", "coordinates": [ [ 113.885928, 22.60447 ], [ 113.886075, 22.605156 ], [ 113.886489, 22.60536 ] ] } },
{ "type": "Feature", "properties": { "highway": "secondary", "name": null }, "geometry": { "type": "LineString", "coordinates": [ [ 113.885842, 22.604106 ], [ 113.885928, 22.60447 ] ] } },
{ "type": "Feature", "properties": { "highway": "secondary", "name": "建安一路" }, "geometry": { "type": "LineString", "coordinates": [ [ 113.903966, 22.562048 ], [ 113.903747, 22.562266 ] ] } },
{ "type": "Feature", "properties": { "highway": "primary", "name": "新安二路" }, "geometry": { "type": "LineString", "coordinates": [ [ 113.904187, 22.56224 ], [ 113.903966, 22.562048 ] ] } },
{ "type": "Feature", "properties": { "highway": "tertiary", "name": "宝民二路" }, "geometry": { "type": "LineString", "coordinates": [ [ 113.869571, 22.594441 ], [ 113.869041, 22.595209 ], [ 113.867667, 22.597075 ], [ 113.866238, 22.599062 ], [ 113.866136, 22.599198 ], [ 113.866061, 22.599228 ] ] } },
{ "type": "Feature", "properties": { "highway": "secondary", "name": "宝田一路" }, "geometry": { "type": "LineString", "coordinates": [ [ 113.868079, 22.593902 ], [ 113.869174, 22.594449 ], [ 113.869733, 22.594769 ] ] } },
{ "type": "Feature", "properties": { "highway": "secondary", "name": "公园路" }, "geometry": { "type": "LineString", "coordinates": [ [ 113.907089, 22.57119 ], [ 113.907008, 22.57124 ], [ 113.902983, 22.575267 ] ] } },
{ "type": "Feature", "properties": { "highway": "primary", "name": "创业二路" }, "geometry": { "type": "LineString", "coordinates": [ [ 113.903044, 22.575207 ], [ 113.905602, 22.577395 ] ] } },
{ "type": "Feature", "properties": { "highway": "primary", "name": "新安三路" }, "geometry": { "type": "LineString", "coordinates": [ [ 113.905842, 22.577601 ], [ 113.906072, 22.577371 ] ] } },
{ "type": "Feature", "properties": { "highway": "primary", "name": "创业二路" }, "geometry": { "type": "LineString", "coordinates": [ [ 113.905602, 22.577395 ], [ 113.905842, 22.577601 ] ] } },
{ "type": "Feature", "properties": { "highway": "tertiary", "name": "宝民二路" }, "geometry": { "type": "LineString", "coordinates": [ [ 113.866061, 22.599228 ], [ 113.866061, 22.599154 ], [ 113.86616, 22.599012 ], [ 113.869344, 22.594608 ] ] } },
{ "type": "Feature", "properties": { "highway": "secondary", "name": "宝田一路" }, "geometry": { "type": "LineString", "coordinates": [ [ 113.869344, 22.594608 ], [ 113.868051, 22.593952 ] ] } },
{ "type": "Feature", "properties": { "highway": "secondary", "name": "建安一路" }, "geometry": { "type": "LineString", "coordinates": [ [ 113.903919, 22.562007 ], [ 113.903987, 22.56194 ] ] } },
{ "type": "Feature", "properties": { "highway": "primary", "name": "新安二路" }, "geometry": { "type": "LineString", "coordinates": [ [ 113.903775, 22.561759 ], [ 113.903987, 22.56194 ] ] } },
{ "type": "Feature", "properties": { "highway": "secondary", "name": "湖滨东路" }, "geometry": { "type": "LineString", "coordinates": [ [ 113.910742, 22.560558 ], [ 113.91061, 22.560496 ] ] } },
{ "type": "Feature", "properties": { "highway": "trunk_link", "name": "南头立交" }, "geometry": { "type": "LineString", "coordinates": [ [ 113.928401, 22.572772 ], [ 113.928893, 22.572281 ], [ 113.929156, 22.57198 ] ] } },
{ "type": "Feature", "properties": { "highway": "trunk", "name": "广深公路" }, "geometry": { "type": "LineString", "coordinates": [ [ 113.855835, 22.610198 ], [ 113.856428, 22.609327 ], [ 113.856996, 22.608592 ], [ 113.857599, 22.607909 ], [ 113.858449, 22.607057 ], [ 113.859853, 22.605694 ], [ 113.8603, 22.605199 ], [ 113.860808, 22.604536 ], [ 113.863098, 22.60115 ], [ 113.864435, 22.599031 ], [ 113.866252, 22.596253 ] ] } },
{ "type": "Feature", "properties": { "highway": "tertiary", "name": null }, "geometry": { "type": "LineString", "coordinates": [ [ 113.89281, 22.556088 ], [ 113.892782, 22.556165 ], [ 113.892772, 22.556268 ], [ 113.892813, 22.556411 ] ] } },
{ "type": "Feature", "properties": { "highway": "tertiary", "name": null }, "geometry": { "type": "LineString", "coordinates": [ [ 113.892813, 22.556411 ], [ 113.892752, 22.556372 ], [ 113.892619, 22.556352 ], [ 113.892503, 22.556388 ] ] } },
{ "type": "Feature", "properties": { "highway": "tertiary", "name": "兴华一路" }, "geometry": { "type": "LineString", "coordinates": [ [ 113.895704, 22.563544 ], [ 113.893801, 22.561948 ], [ 113.890334, 22.558917 ], [ 113.890172, 22.558857 ], [ 113.890088, 22.558853 ], [ 113.88992, 22.558887 ] ] } },
{ "type": "Feature", "properties": { "highway": "tertiary", "name": "桂湾三路" }, "geometry": { "type": "LineString", "coordinates": [ [ 113.893111, 22.53809 ], [ 113.894556, 22.538111 ] ] } },
{ "type": "Feature", "properties": { "highway": "tertiary", "name": "桂湾三路" }, "geometry": { "type": "LineString", "coordinates": [ [ 113.899124, 22.538198 ], [ 113.896242, 22.538153 ], [ 113.894556, 22.538111 ] ] } },
{ "type": "Feature", "properties": { "highway": "tertiary", "name": "桂湾二路" }, "geometry": { "type": "LineString", "coordinates": [ [ 113.896676, 22.540615 ], [ 113.898781, 22.540633 ] ] } },
{ "type": "Feature", "properties": { "highway": "primary", "name": "梦海大道" }, "geometry": { "type": "LineString", "coordinates": [ [ 113.896218, 22.543845 ], [ 113.895976, 22.544362 ], [ 113.895778, 22.54467 ], [ 113.895602, 22.544906 ], [ 113.895039, 22.545533 ] ] } },
{ "type": "Feature", "properties": { "highway": "secondary", "name": "临海大道" }, "geometry": { "type": "LineString", "coordinates": [ [ 113.889934, 22.531916 ], [ 113.889915, 22.531672 ] ] } },
{ "type": "Feature", "properties": { "highway": "tertiary", "name": "铲岛路" }, "geometry": { "type": "LineString", "coordinates": [ [ 113.85437, 22.564241 ], [ 113.856785, 22.566775 ] ] } },
{ "type": "Feature", "properties": { "highway": "tertiary", "name": null }, "geometry": { "type": "LineString", "coordinates": [ [ 113.864821, 22.562608 ], [ 113.865088, 22.562652 ] ] } },
{ "type": "Feature", "properties": { "highway": "tertiary", "name": "创辉路" }, "geometry": { "type": "LineString", "coordinates": [ [ 113.882603, 22.559877 ], [ 113.882748, 22.559737 ] ] } },
{ "type": "Feature", "properties": { "highway": "secondary", "name": "创科路" }, "geometry": { "type": "LineString", "coordinates": [ [ 113.932467, 22.583364 ], [ 113.9325, 22.582062 ] ] } },
{ "type": "Feature", "properties": { "highway": "secondary", "name": "创研路" }, "geometry": { "type": "LineString", "coordinates": [ [ 113.932694, 22.582049 ], [ 113.9325, 22.582062 ] ] } },
{ "type": "Feature", "properties": { "highway": "primary_link", "name": null }, "geometry": { "type": "LineString", "coordinates": [ [ 113.918325, 22.553541 ], [ 113.918417, 22.553543 ] ] } },
{ "type": "Feature", "properties": { "highway": "primary", "name": "南山大道" }, "geometry": { "type": "LineString", "coordinates": [ [ 113.918321, 22.553893 ], [ 113.918325, 22.553541 ] ] } },
{ "type": "Feature", "properties": { "highway": "primary", "name": "北环大道辅路" }, "geometry": { "type": "LineString", "coordinates": [ [ 113.923022, 22.555083 ], [ 113.923384, 22.555067 ] ] } },
{ "type": "Feature", "properties": { "highway": "tertiary", "name": "玉泉路" }, "geometry": { "type": "LineString", "coordinates": [ [ 113.92453, 22.549203 ], [ 113.925573, 22.549224 ] ] } },
{ "type": "Feature", "properties": { "highway": "tertiary", "name": "玉泉路" }, "geometry": { "type": "LineString", "coordinates": [ [ 113.923018, 22.549155 ], [ 113.923285, 22.549179 ], [ 113.92453, 22.549203 ] ] } },
{ "type": "Feature", "properties": { "highway": "tertiary", "name": "艺园路" }, "geometry": { "type": "LineString", "coordinates": [ [ 113.923018, 22.549155 ], [ 113.923005, 22.548956 ], [ 113.922533, 22.54604 ] ] } },
{ "type": "Feature", "properties": { "highway": "tertiary", "name": "艺园路" }, "geometry": { "type": "LineString", "coordinates": [ [ 113.922533, 22.54604 ], [ 113.922462, 22.545542 ], [ 113.922414, 22.544991 ], [ 113.922345, 22.543411 ], [ 113.922371, 22.54335 ] ] } },
{ "type": "Feature", "properties": { "highway": "secondary", "name": "桃园路" }, "geometry": { "type": "LineString", "coordinates": [ [ 113.923156, 22.535356 ], [ 113.926306, 22.53541 ] ] } },
{ "type": "Feature", "properties": { "highway": "tertiary", "name": "南光路" }, "geometry": { "type": "LineString", "coordinates": [ [ 113.923065, 22.535723 ], [ 113.923156, 22.535356 ] ] } },
{ "type": "Feature", "properties": { "highway": "secondary", "name": "桃园路" }, "geometry": { "type": "LineString", "coordinates": [ [ 113.926372, 22.535514 ], [ 113.923489, 22.535466 ] ] } },
{ "type": "Feature", "properties": { "highway": "secondary", "name": "桃园路" }, "geometry": { "type": "LineString", "coordinates": [ [ 113.920474, 22.535426 ], [ 113.919993, 22.535439 ] ] } },
{ "type": "Feature", "properties": { "highway": "primary", "name": "南山大道" }, "geometry": { "type": "LineString", "coordinates": [ [ 113.919993, 22.535439 ], [ 113.92, 22.535751 ] ] } },
{ "type": "Feature", "properties": { "highway": "primary", "name": "南山大道" }, "geometry": { "type": "LineString", "coordinates": [ [ 113.92, 22.535751 ], [ 113.919982, 22.53646 ], [ 113.919956, 22.536794 ], [ 113.919882, 22.537339 ], [ 113.91977, 22.537905 ], [ 113.919636, 22.53873 ] ] } },
{ "type": "Feature", "properties": { "highway": "tertiary", "name": "南头街" }, "geometry": { "type": "LineString", "coordinates": [ [ 113.919636, 22.53873 ], [ 113.922419, 22.538888 ] ] } },
{ "type": "Feature", "properties": { "highway": "tertiary", "name": "南光路" }, "geometry": { "type": "LineString", "coordinates": [ [ 113.922419, 22.538888 ], [ 113.922547, 22.537715 ], [ 113.922652, 22.537146 ], [ 113.923065, 22.535723 ] ] } },
{ "type": "Feature", "properties": { "highway": "tertiary", "name": "玉泉路辅路" }, "geometry": { "type": "LineString", "coordinates": [ [ 113.928016, 22.549171 ], [ 113.928217, 22.549168 ], [ 113.928315, 22.549144 ], [ 113.928366, 22.549078 ], [ 113.928375, 22.548982 ] ] } },
{ "type": "Feature", "properties": { "highway": "tertiary", "name": "玉泉路" }, "geometry": { "type": "LineString", "coordinates": [ [ 113.925571, 22.549295 ], [ 113.923079, 22.549232 ] ] } },
{ "type": "Feature", "properties": { "highway": "tertiary", "name": "艺园路" }, "geometry": { "type": "LineString", "coordinates": [ [ 113.923049, 22.551649 ], [ 113.923056, 22.555004 ], [ 113.923022, 22.555083 ] ] } },
{ "type": "Feature", "properties": { "highway": "tertiary", "name": "艺园路" }, "geometry": { "type": "LineString", "coordinates": [ [ 113.923079, 22.549232 ], [ 113.923089, 22.549394 ], [ 113.923049, 22.551649 ] ] } },
{ "type": "Feature", "properties": { "highway": "tertiary", "name": "艺园路" }, "geometry": { "type": "LineString", "coordinates": [ [ 113.922371, 22.54335 ], [ 113.9224, 22.54341 ], [ 113.922496, 22.545278 ], [ 113.922587, 22.546034 ] ] } },
{ "type": "Feature", "properties": { "highway": "primary", "name": "南山大道" }, "geometry": { "type": "LineString", "coordinates": [ [ 113.91852, 22.549281 ], [ 113.918485, 22.551129 ] ] } },
{ "type": "Feature", "properties": { "highway": "motorway_link", "name": null }, "geometry": { "type": "LineString", "coordinates": [ [ 113.854444, 22.563961 ], [ 113.854345, 22.564101 ], [ 113.854345, 22.564189 ], [ 113.85437, 22.564241 ] ] } },
{ "type": "Feature", "properties": { "highway": "secondary", "name": "打石一路" }, "geometry": { "type": "LineString", "coordinates": [ [ 113.924941, 22.57933 ], [ 113.924507, 22.579319 ] ] } },
{ "type": "Feature", "properties": { "highway": "primary", "name": "同乐路" }, "geometry": { "type": "LineString", "coordinates": [ [ 113.924941, 22.57933 ], [ 113.924944, 22.579217 ] ] } },
{ "type": "Feature", "properties": { "highway": "secondary", "name": "打石一路" }, "geometry": { "type": "LineString", "coordinates": [ [ 113.924944, 22.579217 ], [ 113.925224, 22.579217 ] ] } },
{ "type": "Feature", "properties": { "highway": "primary", "name": "前进一路" }, "geometry": { "type": "LineString", "coordinates": [ [ 113.895924, 22.57541 ], [ 113.8923, 22.579013 ] ] } },
{ "type": "Feature", "properties": { "highway": "primary", "name": "新安五路" }, "geometry": { "type": "LineString", "coordinates": [ [ 113.875764, 22.572228 ], [ 113.875557, 22.572057 ], [ 113.875388, 22.571945 ] ] } },
{ "type": "Feature", "properties": { "highway": "trunk", "name": "宝安大道" }, "geometry": { "type": "LineString", "coordinates": [ [ 113.871573, 22.574617 ], [ 113.869179, 22.576249 ] ] } },
{ "type": "Feature", "properties": { "highway": "trunk", "name": "宝安大道" }, "geometry": { "type": "LineString", "coordinates": [ [ 113.869179, 22.576249 ], [ 113.86894, 22.576415 ] ] } },
{ "type": "Feature", "properties": { "highway": "secondary", "name": "海城路" }, "geometry": { "type": "LineString", "coordinates": [ [ 113.865922, 22.57234 ], [ 113.865432, 22.571673 ] ] } },
{ "type": "Feature", "properties": { "highway": "secondary", "name": "新湖路" }, "geometry": { "type": "LineString", "coordinates": [ [ 113.865823, 22.57198 ], [ 113.865423, 22.57229 ] ] } },
{ "type": "Feature", "properties": { "highway": "primary", "name": "西乡大道" }, "geometry": { "type": "LineString", "coordinates": [ [ 113.856725, 22.5735 ], [ 113.857254, 22.574041 ] ] } },
{ "type": "Feature", "properties": { "highway": "primary", "name": "西乡大道" }, "geometry": { "type": "LineString", "coordinates": [ [ 113.859725, 22.576639 ], [ 113.859809, 22.576727 ] ] } },
{ "type": "Feature", "properties": { "highway": "secondary", "name": "新湖路" }, "geometry": { "type": "LineString", "coordinates": [ [ 113.859809, 22.576727 ], [ 113.859671, 22.576843 ] ] } },
{ "type": "Feature", "properties": { "highway": "secondary", "name": "新湖路" }, "geometry": { "type": "LineString", "coordinates": [ [ 113.859671, 22.576843 ], [ 113.859322, 22.577143 ] ] } },
{ "type": "Feature", "properties": { "highway": "tertiary", "name": "来安路" }, "geometry": { "type": "LineString", "coordinates": [ [ 113.866054, 22.608562 ], [ 113.864279, 22.607003 ] ] } },
{ "type": "Feature", "properties": { "highway": "tertiary", "name": "宝田二路" }, "geometry": { "type": "LineString", "coordinates": [ [ 113.869234, 22.601828 ], [ 113.866293, 22.59939 ], [ 113.866061, 22.599228 ], [ 113.865042, 22.598666 ] ] } },
{ "type": "Feature", "properties": { "highway": "tertiary", "name": "宝田二路" }, "geometry": { "type": "LineString", "coordinates": [ [ 113.869384, 22.601896 ], [ 113.869234, 22.601828 ] ] } },
{ "type": "Feature", "properties": { "highway": "secondary", "name": "宝田一路" }, "geometry": { "type": "LineString", "coordinates": [ [ 113.87377, 22.597543 ], [ 113.873609, 22.597431 ] ] } },
{ "type": "Feature", "properties": { "highway": "primary", "name": "深南大道" }, "geometry": { "type": "LineString", "coordinates": [ [ 113.923938, 22.542805 ], [ 113.92495, 22.54275 ] ] } },
{ "type": "Feature", "properties": { "highway": "primary", "name": "南海大道" }, "geometry": { "type": "LineString", "coordinates": [ [ 113.9271, 22.541259 ], [ 113.92707, 22.542146 ] ] } },
{ "type": "Feature", "properties": { "highway": "primary", "name": "北环大道辅路" }, "geometry": { "type": "LineString", "coordinates": [ [ 113.932515, 22.555018 ], [ 113.933, 22.554915 ], [ 113.933186, 22.55489 ] ] } },
{ "type": "Feature", "properties": { "highway": "primary_link", "name": null }, "geometry": { "type": "LineString", "coordinates": [ [ 113.919977, 22.534754 ], [ 113.92006, 22.535009 ], [ 113.920096, 22.535083 ], [ 113.92016, 22.535158 ], [ 113.920271, 22.535218 ], [ 113.920725, 22.535314 ] ] } },
{ "type": "Feature", "properties": { "highway": "secondary", "name": "罗田路" }, "geometry": { "type": "LineString", "coordinates": [ [ 113.866679, 22.554796 ], [ 113.86596, 22.554178 ] ] } },
{ "type": "Feature", "properties": { "highway": "primary", "name": "宝源南路" }, "geometry": { "type": "LineString", "coordinates": [ [ 113.868701, 22.564662 ], [ 113.868375, 22.564976 ] ] } },
{ "type": "Feature", "properties": { "highway": "primary", "name": "中山园路" }, "geometry": { "type": "LineString", "coordinates": [ [ 113.929032, 22.571604 ], [ 113.928482, 22.571607 ] ] } },
{ "type": "Feature", "properties": { "highway": "primary_link", "name": "同乐路辅路" }, "geometry": { "type": "LineString", "coordinates": [ [ 113.929064, 22.571449 ], [ 113.928929, 22.571984 ] ] } },
{ "type": "Feature", "properties": { "highway": "primary", "name": "同乐路" }, "geometry": { "type": "LineString", "coordinates": [ [ 113.928715, 22.572161 ], [ 113.92858, 22.572526 ], [ 113.928343, 22.572944 ], [ 113.928155, 22.57321 ], [ 113.927425, 22.574132 ] ] } },
{ "type": "Feature", "properties": { "highway": "primary", "name": "同乐路" }, "geometry": { "type": "LineString", "coordinates": [ [ 113.925231, 22.578858 ], [ 113.925224, 22.579217 ] ] } },
{ "type": "Feature", "properties": { "highway": "secondary", "name": "打石一路" }, "geometry": { "type": "LineString", "coordinates": [ [ 113.925224, 22.579217 ], [ 113.925765, 22.579225 ] ] } },
{ "type": "Feature", "properties": { "highway": "secondary", "name": "梦海大道" }, "geometry": { "type": "LineString", "coordinates": [ [ 113.895039, 22.545533 ], [ 113.894551, 22.546033 ] ] } },
{ "type": "Feature", "properties": { "highway": "secondary", "name": "梦海大道" }, "geometry": { "type": "LineString", "coordinates": [ [ 113.894421, 22.545916 ], [ 113.89492, 22.545435 ] ] } },
{ "type": "Feature", "properties": { "highway": "secondary", "name": "新湖路" }, "geometry": { "type": "LineString", "coordinates": [ [ 113.88976, 22.550445 ], [ 113.890185, 22.550003 ] ] } },
{ "type": "Feature", "properties": { "highway": "secondary", "name": "宝华路" }, "geometry": { "type": "LineString", "coordinates": [ [ 113.880735, 22.556099 ], [ 113.880708, 22.556186 ], [ 113.880652, 22.556279 ] ] } },
{ "type": "Feature", "properties": { "highway": "primary", "name": "创业一路" }, "geometry": { "type": "LineString", "coordinates": [ [ 113.87694, 22.556236 ], [ 113.877023, 22.556205 ], [ 113.877245, 22.55618 ], [ 113.880599, 22.556077 ] ] } },
{ "type": "Feature", "properties": { "highway": "primary", "name": "创业一路" }, "geometry": { "type": "LineString", "coordinates": [ [ 113.880735, 22.556099 ], [ 113.880914, 22.556221 ], [ 113.882037, 22.557219 ] ] } },
{ "type": "Feature", "properties": { "highway": "secondary", "name": "新湖路" }, "geometry": { "type": "LineString", "coordinates": [ [ 113.882369, 22.557503 ], [ 113.882761, 22.557121 ] ] } },
{ "type": "Feature", "properties": { "highway": "secondary", "name": "新湖路" }, "geometry": { "type": "LineString", "coordinates": [ [ 113.882761, 22.557121 ], [ 113.883011, 22.556876 ] ] } },
{ "type": "Feature", "properties": { "highway": "primary", "name": "新安西路" }, "geometry": { "type": "LineString", "coordinates": [ [ 113.889806, 22.549892 ], [ 113.886803, 22.547267 ], [ 113.886141, 22.546707 ], [ 113.886022, 22.546518 ] ] } },
{ "type": "Feature", "properties": { "highway": "secondary", "name": "新湖路" }, "geometry": { "type": "LineString", "coordinates": [ [ 113.883011, 22.556876 ], [ 113.884504, 22.555461 ] ] } },
{ "type": "Feature", "properties": { "highway": "tertiary", "name": "桂湾三路" }, "geometry": { "type": "LineString", "coordinates": [ [ 113.903404, 22.538264 ], [ 113.901361, 22.538233 ] ] } },
{ "type": "Feature", "properties": { "highway": "tertiary", "name": "桂湾三路" }, "geometry": { "type": "LineString", "coordinates": [ [ 113.901361, 22.538233 ], [ 113.900213, 22.538215 ] ] } },
{ "type": "Feature", "properties": { "highway": "tertiary", "name": "桂湾三路" }, "geometry": { "type": "LineString", "coordinates": [ [ 113.900213, 22.538215 ], [ 113.899124, 22.538198 ] ] } },
{ "type": "Feature", "properties": { "highway": "tertiary", "name": "宝深路" }, "geometry": { "type": "LineString", "coordinates": [ [ 113.931667, 22.563894 ], [ 113.93168, 22.563934 ], [ 113.931735, 22.563996 ], [ 113.932601, 22.564443 ], [ 113.932748, 22.56449 ], [ 113.932887, 22.564513 ], [ 113.934197, 22.5645 ] ] } },
{ "type": "Feature", "properties": { "highway": "secondary", "name": "朗山路" }, "geometry": { "type": "LineString", "coordinates": [ [ 113.929306, 22.559691 ], [ 113.931746, 22.559729 ] ] } },
{ "type": "Feature", "properties": { "highway": "tertiary", "name": "常兴路" }, "geometry": { "type": "LineString", "coordinates": [ [ 113.916046, 22.531143 ], [ 113.915846, 22.532187 ], [ 113.915819, 22.532615 ], [ 113.91584, 22.532901 ], [ 113.916167, 22.535468 ] ] } },
{ "type": "Feature", "properties": { "highway": "secondary", "name": "桃园路" }, "geometry": { "type": "LineString", "coordinates": [ [ 113.916181, 22.535578 ], [ 113.915457, 22.535596 ], [ 113.914794, 22.535589 ] ] } },
{ "type": "Feature", "properties": { "highway": "secondary", "name": "南新路" }, "geometry": { "type": "LineString", "coordinates": [ [ 113.914372, 22.535585 ], [ 113.914427, 22.53596 ] ] } },
{ "type": "Feature", "properties": { "highway": "secondary", "name": "南新路" }, "geometry": { "type": "LineString", "coordinates": [ [ 113.914427, 22.53596 ], [ 113.914524, 22.537097 ], [ 113.914609, 22.53782 ], [ 113.91481, 22.538908 ] ] } },
{ "type": "Feature", "properties": { "highway": "tertiary", "name": "南头街" }, "geometry": { "type": "LineString", "coordinates": [ [ 113.91481, 22.538908 ], [ 113.916742, 22.538596 ] ] } },
{ "type": "Feature", "properties": { "highway": "tertiary", "name": "南头街" }, "geometry": { "type": "LineString", "coordinates": [ [ 113.910143, 22.539694 ], [ 113.910281, 22.539684 ] ] } },
{ "type": "Feature", "properties": { "highway": "secondary", "name": "前海路" }, "geometry": { "type": "LineString", "coordinates": [ [ 113.910281, 22.539684 ], [ 113.909901, 22.543846 ] ] } },
{ "type": "Feature", "properties": { "highway": "secondary", "name": "前海路" }, "geometry": { "type": "LineString", "coordinates": [ [ 113.909717, 22.544012 ], [ 113.909759, 22.543442 ], [ 113.909826, 22.543001 ], [ 113.910113, 22.540141 ], [ 113.910143, 22.539694 ] ] } },
{ "type": "Feature", "properties": { "highway": "secondary", "name": "南新路" }, "geometry": { "type": "LineString", "coordinates": [ [ 113.914706, 22.538928 ], [ 113.914482, 22.537618 ], [ 113.914424, 22.53713 ], [ 113.914331, 22.535975 ] ] } },
{ "type": "Feature", "properties": { "highway": "tertiary", "name": "南头街" }, "geometry": { "type": "LineString", "coordinates": [ [ 113.914706, 22.538928 ], [ 113.91481, 22.538908 ] ] } },
{ "type": "Feature", "properties": { "highway": "secondary", "name": "桃园路" }, "geometry": { "type": "LineString", "coordinates": [ [ 113.914343, 22.535468 ], [ 113.914983, 22.535478 ], [ 113.916167, 22.535468 ] ] } },
{ "type": "Feature", "properties": { "highway": "tertiary", "name": "常兴路" }, "geometry": { "type": "LineString", "coordinates": [ [ 113.916167, 22.535468 ], [ 113.916181, 22.535578 ] ] } },
{ "type": "Feature", "properties": { "highway": "tertiary", "name": "圣洁路" }, "geometry": { "type": "LineString", "coordinates": [ [ 113.884589, 22.555812 ], [ 113.884454, 22.555782 ], [ 113.884343, 22.555785 ] ] } },
{ "type": "Feature", "properties": { "highway": "tertiary", "name": "圣洁路" }, "geometry": { "type": "LineString", "coordinates": [ [ 113.884541, 22.555592 ], [ 113.884551, 22.555697 ], [ 113.884589, 22.555812 ] ] } },
{ "type": "Feature", "properties": { "highway": "tertiary", "name": "腾港路" }, "geometry": { "type": "LineString", "coordinates": [ [ 113.857846, 22.545212 ], [ 113.858098, 22.544455 ], [ 113.858883, 22.541964 ], [ 113.859261, 22.540683 ], [ 113.860471, 22.536863 ], [ 113.862215, 22.531182 ], [ 113.863202, 22.528041 ] ] } },
{ "type": "Feature", "properties": { "highway": "tertiary", "name": "腾港路" }, "geometry": { "type": "LineString", "coordinates": [ [ 113.863296, 22.528091 ], [ 113.862305, 22.531443 ], [ 113.859529, 22.540372 ], [ 113.85799, 22.545252 ] ] } },
{ "type": "Feature", "properties": { "highway": "secondary", "name": "水库路" }, "geometry": { "type": "LineString", "coordinates": [ [ 113.885029, 22.601988 ], [ 113.884923, 22.601979 ], [ 113.884329, 22.60182 ] ] } },
{ "type": "Feature", "properties": { "highway": "secondary", "name": "水库路" }, "geometry": { "type": "LineString", "coordinates": [ [ 113.882849, 22.601294 ], [ 113.881804, 22.600885 ], [ 113.881036, 22.60054 ], [ 113.879416, 22.599691 ], [ 113.879186, 22.599519 ], [ 113.879054, 22.599382 ], [ 113.878886, 22.599139 ], [ 113.877679, 22.59702 ], [ 113.877506, 22.59663 ], [ 113.877254, 22.595915 ], [ 113.877201, 22.595735 ], [ 113.877173, 22.595518 ], [ 113.877184, 22.595323 ], [ 113.877325, 22.594613 ], [ 113.877352, 22.594307 ], [ 113.877322, 22.594189 ], [ 113.877253, 22.594083 ] ] } },
{ "type": "Feature", "properties": { "highway": "secondary", "name": "水库路" }, "geometry": { "type": "LineString", "coordinates": [ [ 113.884045, 22.601691 ], [ 113.883481, 22.601528 ], [ 113.882849, 22.601294 ] ] } },
{ "type": "Feature", "properties": { "highway": "secondary", "name": "水库路" }, "geometry": { "type": "LineString", "coordinates": [ [ 113.884045, 22.601691 ], [ 113.8844, 22.601747 ] ] } },
{ "type": "Feature", "properties": { "highway": "secondary", "name": "水库路" }, "geometry": { "type": "LineString", "coordinates": [ [ 113.884329, 22.60182 ], [ 113.884236, 22.601795 ] ] } },
{ "type": "Feature", "properties": { "highway": "secondary", "name": "宝田一路" }, "geometry": { "type": "LineString", "coordinates": [ [ 113.884236, 22.601795 ], [ 113.8844, 22.601747 ] ] } },
{ "type": "Feature", "properties": { "highway": "secondary", "name": "水库路" }, "geometry": { "type": "LineString", "coordinates": [ [ 113.884236, 22.601795 ], [ 113.884045, 22.601691 ] ] } },
{ "type": "Feature", "properties": { "highway": "secondary", "name": "水库路" }, "geometry": { "type": "LineString", "coordinates": [ [ 113.884936, 22.601888 ], [ 113.885231, 22.601997 ] ] } },
{ "type": "Feature", "properties": { "highway": "secondary", "name": "水库路" }, "geometry": { "type": "LineString", "coordinates": [ [ 113.885231, 22.601997 ], [ 113.885029, 22.601988 ] ] } },
{ "type": "Feature", "properties": { "highway": "tertiary", "name": "水库路" }, "geometry": { "type": "LineString", "coordinates": [ [ 113.884936, 22.601888 ], [ 113.885029, 22.601988 ] ] } },
{ "type": "Feature", "properties": { "highway": "secondary", "name": "宝华路" }, "geometry": { "type": "LineString", "coordinates": [ [ 113.880617, 22.552735 ], [ 113.880735, 22.556099 ] ] } },
{ "type": "Feature", "properties": { "highway": "secondary", "name": "海秀路" }, "geometry": { "type": "LineString", "coordinates": [ [ 113.888948, 22.548951 ], [ 113.888521, 22.549307 ], [ 113.888164, 22.549568 ], [ 113.88729, 22.550196 ], [ 113.886787, 22.550528 ], [ 113.886268, 22.550839 ], [ 113.885106, 22.55142 ], [ 113.884361, 22.551738 ], [ 113.883852, 22.551935 ], [ 113.883397, 22.552097 ], [ 113.882702, 22.552307 ], [ 113.881406, 22.552615 ], [ 113.880617, 22.552735 ] ] } },
{ "type": "Feature", "properties": { "highway": "secondary", "name": "海秀路" }, "geometry": { "type": "LineString", "coordinates": [ [ 113.880503, 22.552638 ], [ 113.881078, 22.552558 ], [ 113.881647, 22.55244 ], [ 113.882655, 22.552198 ], [ 113.883429, 22.551972 ], [ 113.884196, 22.55169 ], [ 113.885423, 22.551148 ], [ 113.886072, 22.550817 ], [ 113.886661, 22.550483 ], [ 113.88723, 22.55012 ], [ 113.887799, 22.549696 ] ] } },
{ "type": "Feature", "properties": { "highway": "secondary", "name": "宝华路" }, "geometry": { "type": "LineString", "coordinates": [ [ 113.880599, 22.556077 ], [ 113.880587, 22.555559 ], [ 113.880609, 22.555197 ], [ 113.880503, 22.552638 ] ] } },
{ "type": "Feature", "properties": { "highway": "secondary", "name": "宝华路" }, "geometry": { "type": "LineString", "coordinates": [ [ 113.880652, 22.556279 ], [ 113.880599, 22.556077 ] ] } },
{ "type": "Feature", "properties": { "highway": "primary", "name": "创业一路" }, "geometry": { "type": "LineString", "coordinates": [ [ 113.880599, 22.556077 ], [ 113.880735, 22.556099 ] ] } },
{ "type": "Feature", "properties": { "highway": "trunk_link", "name": null }, "geometry": { "type": "LineString", "coordinates": [ [ 113.890458, 22.569571 ], [ 113.890079, 22.570145 ] ] } },
{ "type": "Feature", "properties": { "highway": "trunk_link", "name": null }, "geometry": { "type": "LineString", "coordinates": [ [ 113.888768, 22.571449 ], [ 113.888203, 22.571792 ] ] } },
{ "type": "Feature", "properties": { "highway": "trunk_link", "name": null }, "geometry": { "type": "LineString", "coordinates": [ [ 113.870621, 22.588893 ], [ 113.870578, 22.588344 ] ] } },
{ "type": "Feature", "properties": { "highway": "trunk_link", "name": null }, "geometry": { "type": "LineString", "coordinates": [ [ 113.862408, 22.602171 ], [ 113.862556, 22.601699 ] ] } },
{ "type": "Feature", "properties": { "highway": "trunk_link", "name": null }, "geometry": { "type": "LineString", "coordinates": [ [ 113.861635, 22.603059 ], [ 113.862023, 22.602739 ] ] } },
{ "type": "Feature", "properties": { "highway": "secondary", "name": "裕安二路" }, "geometry": { "type": "LineString", "coordinates": [ [ 113.905884, 22.583991 ], [ 113.90582, 22.583975 ], [ 113.895862, 22.57538 ] ] } },
{ "type": "Feature", "properties": { "highway": "tertiary", "name": "流塘路" }, "geometry": { "type": "LineString", "coordinates": [ [ 113.892697, 22.590371 ], [ 113.892616, 22.590378 ], [ 113.885918, 22.587926 ], [ 113.885528, 22.587754 ], [ 113.885091, 22.587492 ], [ 113.884494, 22.587065 ], [ 113.884383, 22.586951 ] ] } },
{ "type": "Feature", "properties": { "highway": "secondary", "name": "公园路" }, "geometry": { "type": "LineString", "coordinates": [ [ 113.907085, 22.571115 ], [ 113.907251, 22.571048 ] ] } },
{ "type": "Feature", "properties": { "highway": "secondary", "name": "公园路" }, "geometry": { "type": "LineString", "coordinates": [ [ 113.907251, 22.571048 ], [ 113.907702, 22.570946 ], [ 113.907913, 22.570921 ], [ 113.908843, 22.570923 ], [ 113.908937, 22.570966 ] ] } },
{ "type": "Feature", "properties": { "highway": "tertiary", "name": "锦花路" }, "geometry": { "type": "LineString", "coordinates": [ [ 113.88604, 22.592979 ], [ 113.886093, 22.592909 ], [ 113.890124, 22.584383 ], [ 113.890164, 22.584332 ] ] } },
{ "type": "Feature", "properties": { "highway": "primary", "name": "新安四路" }, "geometry": { "type": "LineString", "coordinates": [ [ 113.893986, 22.585168 ], [ 113.897391, 22.585913 ], [ 113.897455, 22.585909 ], [ 113.897559, 22.585859 ], [ 113.898634, 22.584773 ], [ 113.898789, 22.584636 ] ] } },
{ "type": "Feature", "properties": { "highway": "tertiary", "name": "西乡大道辅路" }, "geometry": { "type": "LineString", "coordinates": [ [ 113.88604, 22.592979 ], [ 113.886326, 22.592996 ] ] } },
{ "type": "Feature", "properties": { "highway": "primary_link", "name": null }, "geometry": { "type": "LineString", "coordinates": [ [ 113.894325, 22.585312 ], [ 113.89425, 22.585313 ], [ 113.894088, 22.585358 ], [ 113.894025, 22.5854 ], [ 113.893925, 22.585525 ] ] } },
{ "type": "Feature", "properties": { "highway": "primary_link", "name": null }, "geometry": { "type": "LineString", "coordinates": [ [ 113.893851, 22.585512 ], [ 113.893827, 22.585369 ], [ 113.893793, 22.585296 ], [ 113.893744, 22.585239 ], [ 113.893606, 22.585155 ] ] } },
{ "type": "Feature", "properties": { "highway": "primary_link", "name": null }, "geometry": { "type": "LineString", "coordinates": [ [ 113.893621, 22.585088 ], [ 113.893701, 22.585085 ], [ 113.89386, 22.585035 ], [ 113.893922, 22.58499 ], [ 113.894017, 22.584861 ] ] } },
{ "type": "Feature", "properties": { "highway": "primary_link", "name": null }, "geometry": { "type": "LineString", "coordinates": [ [ 113.894089, 22.584877 ], [ 113.894115, 22.585025 ], [ 113.89415, 22.585098 ], [ 113.894198, 22.585155 ], [ 113.894337, 22.585245 ] ] } },
{ "type": "Feature", "properties": { "highway": "secondary", "name": "上川路" }, "geometry": { "type": "LineString", "coordinates": [ [ 113.898813, 22.584614 ], [ 113.898889, 22.584647 ], [ 113.902115, 22.585455 ], [ 113.90256, 22.5856 ], [ 113.902916, 22.585765 ], [ 113.903171, 22.585934 ], [ 113.903361, 22.586084 ], [ 113.903514, 22.586317 ] ] } },
{ "type": "Feature", "properties": { "highway": "motorway", "name": "南光高速" }, "geometry": { "type": "LineString", "coordinates": [ [ 113.926352, 22.596018 ], [ 113.926506, 22.596917 ], [ 113.926932, 22.599842 ], [ 113.927203, 22.601467 ] ] } },
{ "type": "Feature", "properties": { "highway": "motorway", "name": "南光高速" }, "geometry": { "type": "LineString", "coordinates": [ [ 113.927203, 22.601467 ], [ 113.927476, 22.603174 ] ] } },
{ "type": "Feature", "properties": { "highway": "secondary", "name": "打石一路" }, "geometry": { "type": "LineString", "coordinates": [ [ 113.925765, 22.579225 ], [ 113.926733, 22.579265 ], [ 113.927507, 22.579264 ] ] } },
{ "type": "Feature", "properties": { "highway": "secondary", "name": "打石一路" }, "geometry": { "type": "LineString", "coordinates": [ [ 113.927507, 22.579264 ], [ 113.927772, 22.579223 ], [ 113.928023, 22.57916 ], [ 113.928374, 22.579033 ] ] } },
{ "type": "Feature", "properties": { "highway": "secondary", "name": "打石一路" }, "geometry": { "type": "LineString", "coordinates": [ [ 113.928374, 22.579033 ], [ 113.928602, 22.578932 ], [ 113.928924, 22.57874 ], [ 113.929174, 22.578549 ], [ 113.929466, 22.578287 ] ] } },
{ "type": "Feature", "properties": { "highway": "primary_link", "name": null }, "geometry": { "type": "LineString", "coordinates": [ [ 113.899398, 22.549863 ], [ 113.898947, 22.550271 ] ] } },
{ "type": "Feature", "properties": { "highway": "trunk_link", "name": null }, "geometry": { "type": "LineString", "coordinates": [ [ 113.897365, 22.546969 ], [ 113.89758, 22.547052 ], [ 113.897826, 22.547084 ], [ 113.898247, 22.547087 ], [ 113.898609, 22.547034 ] ] } },
{ "type": "Feature", "properties": { "highway": "motorway", "name": "广深沿江高速" }, "geometry": { "type": "LineString", "coordinates": [ [ 113.878941, 22.532601 ], [ 113.879471, 22.531128 ], [ 113.879884, 22.530095 ], [ 113.880153, 22.529485 ], [ 113.880441, 22.52892 ], [ 113.880871, 22.528142 ] ] } },
{ "type": "Feature", "properties": { "highway": "motorway", "name": "广深沿江高速" }, "geometry": { "type": "LineString", "coordinates": [ [ 113.877456, 22.537131 ], [ 113.878668, 22.533387 ], [ 113.878941, 22.532601 ] ] } },
{ "type": "Feature", "properties": { "highway": "motorway", "name": "广深沿江高速" }, "geometry": { "type": "LineString", "coordinates": [ [ 113.880287, 22.529902 ], [ 113.879995, 22.530665 ], [ 113.879278, 22.532702 ] ] } },
{ "type": "Feature", "properties": { "highway": "motorway", "name": "广深沿江高速" }, "geometry": { "type": "LineString", "coordinates": [ [ 113.879278, 22.532702 ], [ 113.87852, 22.53491 ] ] } },
{ "type": "Feature", "properties": { "highway": "primary_link", "name": null }, "geometry": { "type": "LineString", "coordinates": [ [ 113.926363, 22.591265 ], [ 113.926127, 22.591196 ] ] } },
{ "type": "Feature", "properties": { "highway": "primary_link", "name": null }, "geometry": { "type": "LineString", "coordinates": [ [ 113.924754, 22.589673 ], [ 113.924864, 22.589701 ] ] } },
{ "type": "Feature", "properties": { "highway": "primary", "name": "同乐路" }, "geometry": { "type": "LineString", "coordinates": [ [ 113.92523, 22.58807 ], [ 113.925341, 22.589221 ], [ 113.925394, 22.589621 ], [ 113.925505, 22.589955 ], [ 113.925607, 22.59018 ] ] } },
{ "type": "Feature", "properties": { "highway": "primary", "name": "同乐路" }, "geometry": { "type": "LineString", "coordinates": [ [ 113.925607, 22.59018 ], [ 113.925706, 22.590345 ] ] } },
{ "type": "Feature", "properties": { "highway": "primary", "name": "同乐路" }, "geometry": { "type": "LineString", "coordinates": [ [ 113.925453, 22.590256 ], [ 113.925274, 22.58987 ], [ 113.925148, 22.589428 ], [ 113.92504, 22.588852 ], [ 113.924974, 22.588081 ] ] } },
{ "type": "Feature", "properties": { "highway": "primary", "name": "同乐路" }, "geometry": { "type": "LineString", "coordinates": [ [ 113.92553, 22.590392 ], [ 113.925453, 22.590256 ] ] } },
{ "type": "Feature", "properties": { "highway": "primary", "name": "同乐路" }, "geometry": { "type": "LineString", "coordinates": [ [ 113.926363, 22.591265 ], [ 113.926158, 22.591116 ], [ 113.925831, 22.590801 ], [ 113.925714, 22.590667 ], [ 113.92553, 22.590392 ] ] } },
{ "type": "Feature", "properties": { "highway": "primary_link", "name": null }, "geometry": { "type": "LineString", "coordinates": [ [ 113.931802, 22.606004 ], [ 113.932133, 22.606025 ], [ 113.932263, 22.605971 ], [ 113.932336, 22.605897 ], [ 113.932369, 22.605838 ] ] } },
{ "type": "Feature", "properties": { "highway": "motorway_link", "name": null }, "geometry": { "type": "LineString", "coordinates": [ [ 113.918321, 22.571743 ], [ 113.918189, 22.571968 ] ] } },
{ "type": "Feature", "properties": { "highway": "primary_link", "name": null }, "geometry": { "type": "LineString", "coordinates": [ [ 113.91122, 22.560027 ], [ 113.911203, 22.560127 ], [ 113.911211, 22.560643 ] ] } },
{ "type": "Feature", "properties": { "highway": "primary_link", "name": null }, "geometry": { "type": "LineString", "coordinates": [ [ 113.911211, 22.560643 ], [ 113.911173, 22.560611 ], [ 113.91088, 22.560594 ], [ 113.910742, 22.560558 ] ] } },
{ "type": "Feature", "properties": { "highway": "primary_link", "name": null }, "geometry": { "type": "LineString", "coordinates": [ [ 113.916181, 22.559494 ], [ 113.916152, 22.559387 ], [ 113.916107, 22.559329 ], [ 113.916041, 22.559279 ] ] } },
{ "type": "Feature", "properties": { "highway": "primary_link", "name": null }, "geometry": { "type": "LineString", "coordinates": [ [ 113.916384, 22.559282 ], [ 113.916337, 22.5593 ], [ 113.916242, 22.559386 ], [ 113.916181, 22.559494 ] ] } },
{ "type": "Feature", "properties": { "highway": "primary_link", "name": null }, "geometry": { "type": "LineString", "coordinates": [ [ 113.911751, 22.559444 ], [ 113.911814, 22.559356 ], [ 113.911828, 22.559298 ], [ 113.911819, 22.559181 ], [ 113.911799, 22.559144 ] ] } },
{ "type": "Feature", "properties": { "highway": "primary_link", "name": null }, "geometry": { "type": "LineString", "coordinates": [ [ 113.911799, 22.559144 ], [ 113.911928, 22.55924 ], [ 113.911993, 22.559262 ], [ 113.912141, 22.559275 ] ] } },
{ "type": "Feature", "properties": { "highway": "primary_link", "name": null }, "geometry": { "type": "LineString", "coordinates": [ [ 113.919299, 22.535346 ], [ 113.919473, 22.535281 ], [ 113.919587, 22.535222 ], [ 113.919661, 22.535162 ], [ 113.919763, 22.534989 ], [ 113.919832, 22.534756 ] ] } },
{ "type": "Feature", "properties": { "highway": "primary_link", "name": "同乐路辅路" }, "geometry": { "type": "LineString", "coordinates": [ [ 113.927611, 22.573465 ], [ 113.928004, 22.572699 ] ] } },
{ "type": "Feature", "properties": { "highway": "primary_link", "name": "同乐路辅路" }, "geometry": { "type": "LineString", "coordinates": [ [ 113.928004, 22.572699 ], [ 113.928274, 22.572144 ] ] } },
{ "type": "Feature", "properties": { "highway": "primary", "name": "留仙大道" }, "geometry": { "type": "LineString", "coordinates": [ [ 113.920744, 22.585634 ], [ 113.92113, 22.585322 ], [ 113.921316, 22.585193 ] ] } },
{ "type": "Feature", "properties": { "highway": "primary", "name": "留仙大道" }, "geometry": { "type": "LineString", "coordinates": [ [ 113.924443, 22.584305 ], [ 113.92486, 22.584342 ] ] } },
{ "type": "Feature", "properties": { "highway": "secondary", "name": "洪浪北二路" }, "geometry": { "type": "LineString", "coordinates": [ [ 113.913932, 22.578746 ], [ 113.913956, 22.578735 ], [ 113.920858, 22.584678 ] ] } },
{ "type": "Feature", "properties": { "highway": "secondary", "name": "洪浪北二路" }, "geometry": { "type": "LineString", "coordinates": [ [ 113.920804, 22.584747 ], [ 113.91393, 22.57877 ], [ 113.913932, 22.578746 ] ] } },
{ "type": "Feature", "properties": { "highway": "secondary", "name": "隆昌路" }, "geometry": { "type": "LineString", "coordinates": [ [ 113.921281, 22.585042 ], [ 113.921485, 22.584874 ], [ 113.922249, 22.584133 ] ] } },
{ "type": "Feature", "properties": { "highway": "primary", "name": "留仙三路" }, "geometry": { "type": "LineString", "coordinates": [ [ 113.920175, 22.586197 ], [ 113.920744, 22.585634 ] ] } },
{ "type": "Feature", "properties": { "highway": "primary", "name": "留仙三路" }, "geometry": { "type": "LineString", "coordinates": [ [ 113.921244, 22.585416 ], [ 113.920987, 22.585587 ], [ 113.920581, 22.585915 ] ] } },
{ "type": "Feature", "properties": { "highway": "primary", "name": "留仙三路" }, "geometry": { "type": "LineString", "coordinates": [ [ 113.920744, 22.585634 ], [ 113.920876, 22.585414 ], [ 113.921061, 22.585223 ], [ 113.92121, 22.5851 ] ] } },
{ "type": "Feature", "properties": { "highway": "secondary", "name": "洪浪北二路" }, "geometry": { "type": "LineString", "coordinates": [ [ 113.921454, 22.585279 ], [ 113.921316, 22.585193 ] ] } },
{ "type": "Feature", "properties": { "highway": "primary", "name": "留仙大道" }, "geometry": { "type": "LineString", "coordinates": [ [ 113.921316, 22.585193 ], [ 113.921397, 22.585142 ] ] } },
{ "type": "Feature", "properties": { "highway": "secondary", "name": "洪浪北二路" }, "geometry": { "type": "LineString", "coordinates": [ [ 113.921397, 22.585142 ], [ 113.921454, 22.585279 ] ] } },
{ "type": "Feature", "properties": { "highway": "primary", "name": "留仙大道" }, "geometry": { "type": "LineString", "coordinates": [ [ 113.921565, 22.585031 ], [ 113.922201, 22.584705 ], [ 113.922712, 22.584527 ], [ 113.923131, 22.584414 ] ] } },
{ "type": "Feature", "properties": { "highway": "secondary", "name": "洪浪北二路" }, "geometry": { "type": "LineString", "coordinates": [ [ 113.921281, 22.585042 ], [ 113.921397, 22.585142 ] ] } },
{ "type": "Feature", "properties": { "highway": "secondary", "name": "洪浪北二路" }, "geometry": { "type": "LineString", "coordinates": [ [ 113.921316, 22.585193 ], [ 113.92121, 22.5851 ] ] } },
{ "type": "Feature", "properties": { "highway": "secondary", "name": "留仙三路" }, "geometry": { "type": "LineString", "coordinates": [ [ 113.92121, 22.5851 ], [ 113.921281, 22.585042 ] ] } },
{ "type": "Feature", "properties": { "highway": "secondary", "name": "隆昌路" }, "geometry": { "type": "LineString", "coordinates": [ [ 113.922249, 22.584133 ], [ 113.922411, 22.583939 ], [ 113.92336, 22.582992 ] ] } },
{ "type": "Feature", "properties": { "highway": "secondary", "name": "隆昌路" }, "geometry": { "type": "LineString", "coordinates": [ [ 113.923438, 22.583058 ], [ 113.92239, 22.584104 ] ] } },
{ "type": "Feature", "properties": { "highway": "primary_link", "name": null }, "geometry": { "type": "LineString", "coordinates": [ [ 113.92239, 22.584104 ], [ 113.922359, 22.584152 ], [ 113.922357, 22.584247 ], [ 113.922403, 22.584329 ], [ 113.92244, 22.584358 ], [ 113.922617, 22.584394 ], [ 113.923131, 22.584414 ] ] } },
{ "type": "Feature", "properties": { "highway": "primary", "name": "留仙大道" }, "geometry": { "type": "LineString", "coordinates": [ [ 113.92224, 22.584902 ], [ 113.921689, 22.585148 ], [ 113.921454, 22.585279 ] ] } },
{ "type": "Feature", "properties": { "highway": "secondary", "name": "洪浪北二路" }, "geometry": { "type": "LineString", "coordinates": [ [ 113.92121, 22.5851 ], [ 113.920804, 22.584747 ] ] } },
{ "type": "Feature", "properties": { "highway": "secondary", "name": "洪浪北二路" }, "geometry": { "type": "LineString", "coordinates": [ [ 113.920858, 22.584678 ], [ 113.921281, 22.585042 ] ] } },
{ "type": "Feature", "properties": { "highway": "primary", "name": "留仙三路" }, "geometry": { "type": "LineString", "coordinates": [ [ 113.921454, 22.585279 ], [ 113.921244, 22.585416 ] ] } },
{ "type": "Feature", "properties": { "highway": "primary", "name": "留仙大道" }, "geometry": { "type": "LineString", "coordinates": [ [ 113.921397, 22.585142 ], [ 113.921565, 22.585031 ] ] } },
{ "type": "Feature", "properties": { "highway": "primary", "name": "创业二路" }, "geometry": { "type": "LineString", "coordinates": [ [ 113.918078, 22.588316 ], [ 113.917784, 22.588093 ] ] } },
{ "type": "Feature", "properties": { "highway": "primary_link", "name": null }, "geometry": { "type": "LineString", "coordinates": [ [ 113.924864, 22.589701 ], [ 113.924932, 22.589695 ], [ 113.924991, 22.589657 ], [ 113.925027, 22.589596 ], [ 113.925035, 22.589547 ] ] } },
{ "type": "Feature", "properties": { "highway": "primary_link", "name": null }, "geometry": { "type": "LineString", "coordinates": [ [ 113.925035, 22.589547 ], [ 113.924979, 22.589229 ], [ 113.924943, 22.588893 ], [ 113.924935, 22.588424 ], [ 113.924974, 22.588081 ] ] } },
{ "type": "Feature", "properties": { "highway": "tertiary", "name": null }, "geometry": { "type": "LineString", "coordinates": [ [ 113.924754, 22.589673 ], [ 113.92484, 22.589756 ] ] } },
{ "type": "Feature", "properties": { "highway": "tertiary", "name": "通成路" }, "geometry": { "type": "LineString", "coordinates": [ [ 113.864805, 22.592691 ], [ 113.864095, 22.592312 ], [ 113.863418, 22.591885 ], [ 113.862811, 22.591437 ], [ 113.86218, 22.590819 ], [ 113.861834, 22.590422 ], [ 113.861579, 22.590077 ], [ 113.861348, 22.58968 ] ] } },
{ "type": "Feature", "properties": { "highway": "tertiary", "name": "共和工业路" }, "geometry": { "type": "LineString", "coordinates": [ [ 113.866715, 22.581922 ], [ 113.866642, 22.582003 ], [ 113.865391, 22.583055 ], [ 113.86055, 22.587034 ], [ 113.853418, 22.592454 ], [ 113.852323, 22.593463 ] ] } },
{ "type": "Feature", "properties": { "highway": "tertiary", "name": "金海路" }, "geometry": { "type": "LineString", "coordinates": [ [ 113.858321, 22.585151 ], [ 113.855763, 22.582492 ], [ 113.854819, 22.581487 ] ] } },
{ "type": "Feature", "properties": { "highway": "tertiary", "name": "通成路" }, "geometry": { "type": "LineString", "coordinates": [ [ 113.860604, 22.588129 ], [ 113.860382, 22.587395 ], [ 113.860309, 22.587217 ], [ 113.858411, 22.585244 ] ] } },
{ "type": "Feature", "properties": { "highway": "tertiary", "name": "共和工业路" }, "geometry": { "type": "LineString", "coordinates": [ [ 113.866715, 22.581922 ], [ 113.867251, 22.581672 ], [ 113.870112, 22.580651 ] ] } },
{ "type": "Feature", "properties": { "highway": "tertiary", "name": "通成路" }, "geometry": { "type": "LineString", "coordinates": [ [ 113.86148, 22.589605 ], [ 113.861728, 22.590011 ], [ 113.861964, 22.590341 ], [ 113.862319, 22.590729 ], [ 113.86294, 22.59128 ], [ 113.863552, 22.591731 ], [ 113.864217, 22.592136 ], [ 113.864908, 22.592488 ] ] } },
{ "type": "Feature", "properties": { "highway": "tertiary", "name": "通成路" }, "geometry": { "type": "LineString", "coordinates": [ [ 113.865986, 22.593 ], [ 113.866408, 22.593157 ], [ 113.866925, 22.593318 ], [ 113.867721, 22.593516 ], [ 113.867802, 22.593516 ], [ 113.867877, 22.593489 ], [ 113.867963, 22.593424 ] ] } },
{ "type": "Feature", "properties": { "highway": "tertiary", "name": "通成路" }, "geometry": { "type": "LineString", "coordinates": [ [ 113.86776, 22.593798 ], [ 113.867757, 22.593727 ], [ 113.867732, 22.593668 ], [ 113.867669, 22.593624 ], [ 113.866315, 22.593287 ], [ 113.86591, 22.59317 ] ] } },
{ "type": "Feature", "properties": { "highway": "tertiary", "name": "通成路" }, "geometry": { "type": "LineString", "coordinates": [ [ 113.86591, 22.59317 ], [ 113.865508, 22.593017 ], [ 113.865086, 22.592823 ] ] } },
{ "type": "Feature", "properties": { "highway": "tertiary", "name": "通成路" }, "geometry": { "type": "LineString", "coordinates": [ [ 113.865185, 22.592627 ], [ 113.865986, 22.593 ] ] } },
{ "type": "Feature", "properties": { "highway": "tertiary", "name": "通成路" }, "geometry": { "type": "LineString", "coordinates": [ [ 113.864908, 22.592488 ], [ 113.865185, 22.592627 ] ] } },
{ "type": "Feature", "properties": { "highway": "tertiary", "name": "通成路" }, "geometry": { "type": "LineString", "coordinates": [ [ 113.865086, 22.592823 ], [ 113.864805, 22.592691 ] ] } },
{ "type": "Feature", "properties": { "highway": "tertiary", "name": "通成路" }, "geometry": { "type": "LineString", "coordinates": [ [ 113.860693, 22.588107 ], [ 113.860776, 22.588309 ], [ 113.861149, 22.589055 ], [ 113.86148, 22.589605 ] ] } },
{ "type": "Feature", "properties": { "highway": "tertiary", "name": "通成路" }, "geometry": { "type": "LineString", "coordinates": [ [ 113.861348, 22.58968 ], [ 113.861046, 22.589101 ], [ 113.860689, 22.588342 ], [ 113.860604, 22.588129 ] ] } },
{ "type": "Feature", "properties": { "highway": "tertiary", "name": "铁仔路" }, "geometry": { "type": "LineString", "coordinates": [ [ 113.859817, 22.588821 ], [ 113.858496, 22.590061 ], [ 113.856515, 22.590828 ] ] } },
{ "type": "Feature", "properties": { "highway": "tertiary", "name": "铁仔路" }, "geometry": { "type": "LineString", "coordinates": [ [ 113.860716, 22.587909 ], [ 113.860601, 22.587996 ], [ 113.860308, 22.588298 ] ] } },
{ "type": "Feature", "properties": { "highway": "tertiary", "name": "铁仔路" }, "geometry": { "type": "LineString", "coordinates": [ [ 113.860308, 22.588298 ], [ 113.859817, 22.588821 ] ] } },
{ "type": "Feature", "properties": { "highway": "secondary", "name": "打石一路" }, "geometry": { "type": "LineString", "coordinates": [ [ 113.92841, 22.579115 ], [ 113.927836, 22.579304 ], [ 113.927447, 22.579359 ], [ 113.926817, 22.579366 ], [ 113.924941, 22.57933 ] ] } },
{ "type": "Feature", "properties": { "highway": "primary_link", "name": null }, "geometry": { "type": "LineString", "coordinates": [ [ 113.918794, 22.546924 ], [ 113.918699, 22.547003 ] ] } },
{ "type": "Feature", "properties": { "highway": "tertiary", "name": "玉兰路" }, "geometry": { "type": "LineString", "coordinates": [ [ 113.872, 22.566862 ], [ 113.871469, 22.56634 ] ] } },
{ "type": "Feature", "properties": { "highway": "tertiary", "name": "玉兰路" }, "geometry": { "type": "LineString", "coordinates": [ [ 113.870382, 22.565269 ], [ 113.869232, 22.564265 ] ] } },
{ "type": "Feature", "properties": { "highway": "tertiary", "name": "科技中一路" }, "geometry": { "type": "LineString", "coordinates": [ [ 113.931295, 22.549595 ], [ 113.931187, 22.549452 ], [ 113.931079, 22.549376 ] ] } },
{ "type": "Feature", "properties": { "highway": "motorway_link", "name": null }, "geometry": { "type": "LineString", "coordinates": [ [ 113.93105, 22.564652 ], [ 113.931255, 22.564475 ], [ 113.931386, 22.564408 ], [ 113.93153, 22.564378 ], [ 113.931682, 22.564383 ], [ 113.931811, 22.564427 ], [ 113.932829, 22.564965 ], [ 113.932971, 22.565023 ], [ 113.933322, 22.565105 ], [ 113.934133, 22.565207 ] ] } },
{ "type": "Feature", "properties": { "highway": "motorway_link", "name": null }, "geometry": { "type": "LineString", "coordinates": [ [ 113.926723, 22.564835 ], [ 113.926904, 22.564676 ], [ 113.926986, 22.564624 ], [ 113.927078, 22.564578 ], [ 113.927262, 22.564523 ] ] } },
{ "type": "Feature", "properties": { "highway": "motorway", "name": "南光高速" }, "geometry": { "type": "LineString", "coordinates": [ [ 113.925068, 22.586382 ], [ 113.92512, 22.587359 ], [ 113.925205, 22.588493 ], [ 113.925329, 22.589553 ], [ 113.925644, 22.591583 ] ] } },
{ "type": "Feature", "properties": { "highway": "motorway", "name": "南光高速" }, "geometry": { "type": "LineString", "coordinates": [ [ 113.925097, 22.583898 ], [ 113.925072, 22.585031 ], [ 113.925068, 22.586382 ] ] } },
{ "type": "Feature", "properties": { "highway": "tertiary", "name": "丰盐路" }, "geometry": { "type": "LineString", "coordinates": [ [ 113.933695, 22.566181 ], [ 113.933265, 22.566332 ], [ 113.932283, 22.566809 ], [ 113.931551, 22.567131 ], [ 113.931426, 22.567155 ], [ 113.931274, 22.567155 ], [ 113.931113, 22.567132 ], [ 113.930766, 22.567023 ], [ 113.930259, 22.566917 ], [ 113.930005, 22.566883 ], [ 113.929812, 22.566877 ] ] } },
{ "type": "Feature", "properties": { "highway": "primary_link", "name": null }, "geometry": { "type": "LineString", "coordinates": [ [ 113.883983, 22.593125 ], [ 113.883557, 22.593222 ] ] } },
{ "type": "Feature", "properties": { "highway": "primary_link", "name": "同乐路辅路" }, "geometry": { "type": "LineString", "coordinates": [ [ 113.928193, 22.573324 ], [ 113.927973, 22.57357 ], [ 113.927425, 22.574132 ] ] } },
{ "type": "Feature", "properties": { "highway": "primary", "name": "创业一路" }, "geometry": { "type": "LineString", "coordinates": [ [ 113.877813, 22.556322 ], [ 113.877304, 22.556386 ], [ 113.877072, 22.556446 ] ] } },
{ "type": "Feature", "properties": { "highway": "secondary", "name": "宝兴路" }, "geometry": { "type": "LineString", "coordinates": [ [ 113.87694, 22.556236 ], [ 113.876907, 22.555732 ], [ 113.876789, 22.552865 ] ] } },
{ "type": "Feature", "properties": { "highway": "primary", "name": "创业一路" }, "geometry": { "type": "LineString", "coordinates": [ [ 113.875959, 22.557437 ], [ 113.875645, 22.557753 ] ] } },
{ "type": "Feature", "properties": { "highway": "primary", "name": "创业一路" }, "geometry": { "type": "LineString", "coordinates": [ [ 113.877072, 22.556446 ], [ 113.876949, 22.556497 ], [ 113.876743, 22.556637 ] ] } },
{ "type": "Feature", "properties": { "highway": "secondary", "name": "裕安一路" }, "geometry": { "type": "LineString", "coordinates": [ [ 113.875645, 22.557753 ], [ 113.876052, 22.558097 ] ] } },
{ "type": "Feature", "properties": { "highway": "secondary", "name": "新湖路" }, "geometry": { "type": "LineString", "coordinates": [ [ 113.881878, 22.557972 ], [ 113.882369, 22.557503 ] ] } },
{ "type": "Feature", "properties": { "highway": "primary", "name": "创业一路" }, "geometry": { "type": "LineString", "coordinates": [ [ 113.88188, 22.55732 ], [ 113.880781, 22.556355 ], [ 113.880652, 22.556279 ] ] } },
{ "type": "Feature", "properties": { "highway": "secondary", "name": "宝兴路" }, "geometry": { "type": "LineString", "coordinates": [ [ 113.876789, 22.552865 ], [ 113.876784, 22.552758 ] ] } },
{ "type": "Feature", "properties": { "highway": "secondary", "name": "宝兴路" }, "geometry": { "type": "LineString", "coordinates": [ [ 113.876631, 22.548469 ], [ 113.876627, 22.548375 ] ] } },
{ "type": "Feature", "properties": { "highway": "tertiary", "name": "海澜路" }, "geometry": { "type": "LineString", "coordinates": [ [ 113.876724, 22.54847 ], [ 113.876631, 22.548469 ] ] } },
{ "type": "Feature", "properties": { "highway": "primary", "name": "同乐路" }, "geometry": { "type": "LineString", "coordinates": [ [ 113.927626, 22.573445 ], [ 113.928003, 22.572939 ], [ 113.928155, 22.572695 ], [ 113.928457, 22.572086 ] ] } },
{ "type": "Feature", "properties": { "highway": "motorway", "name": "广深沿江高速" }, "geometry": { "type": "LineString", "coordinates": [ [ 113.860693, 22.557772 ], [ 113.85942, 22.558947 ], [ 113.857892, 22.560312 ] ] } },
{ "type": "Feature", "properties": { "highway": "secondary", "name": "兴华一路" }, "geometry": { "type": "LineString", "coordinates": [ [ 113.882702, 22.552307 ], [ 113.882891, 22.552423 ], [ 113.883475, 22.55293 ] ] } },
{ "type": "Feature", "properties": { "highway": "secondary", "name": "新湖路" }, "geometry": { "type": "LineString", "coordinates": [ [ 113.885509, 22.554659 ], [ 113.882461, 22.557583 ] ] } },
{ "type": "Feature", "properties": { "highway": "secondary", "name": "兴华一路" }, "geometry": { "type": "LineString", "coordinates": [ [ 113.883475, 22.55293 ], [ 113.885509, 22.554659 ] ] } },
{ "type": "Feature", "properties": { "highway": "secondary", "name": "新湖路" }, "geometry": { "type": "LineString", "coordinates": [ [ 113.879019, 22.560886 ], [ 113.87644, 22.563324 ] ] } },
{ "type": "Feature", "properties": { "highway": "secondary", "name": "罗田路" }, "geometry": { "type": "LineString", "coordinates": [ [ 113.87644, 22.563324 ], [ 113.873349, 22.560646 ] ] } },
{ "type": "Feature", "properties": { "highway": "secondary", "name": "罗田路" }, "geometry": { "type": "LineString", "coordinates": [ [ 113.873349, 22.560646 ], [ 113.870832, 22.558459 ] ] } },
{ "type": "Feature", "properties": { "highway": "secondary", "name": "兴业路" }, "geometry": { "type": "LineString", "coordinates": [ [ 113.872585, 22.556078 ], [ 113.870161, 22.558508 ] ] } },
{ "type": "Feature", "properties": { "highway": "primary", "name": "新安六路" }, "geometry": { "type": "LineString", "coordinates": [ [ 113.867967, 22.565106 ], [ 113.865693, 22.562698 ] ] } },
{ "type": "Feature", "properties": { "highway": "secondary", "name": "兴业路" }, "geometry": { "type": "LineString", "coordinates": [ [ 113.866083, 22.562517 ], [ 113.86588, 22.562657 ], [ 113.865693, 22.562698 ] ] } },
{ "type": "Feature", "properties": { "highway": "secondary", "name": "辅三路" }, "geometry": { "type": "LineString", "coordinates": [ [ 113.861023, 22.557727 ], [ 113.860513, 22.557472 ], [ 113.860246, 22.557373 ] ] } },
{ "type": "Feature", "properties": { "highway": "secondary", "name": "辅三路" }, "geometry": { "type": "LineString", "coordinates": [ [ 113.858649, 22.55682 ], [ 113.86023, 22.557237 ] ] } },
{ "type": "Feature", "properties": { "highway": "secondary", "name": "辅三路" }, "geometry": { "type": "LineString", "coordinates": [ [ 113.858549, 22.556794 ], [ 113.858649, 22.55682 ] ] } },
{ "type": "Feature", "properties": { "highway": "secondary", "name": "辅三路" }, "geometry": { "type": "LineString", "coordinates": [ [ 113.86023, 22.557237 ], [ 113.860522, 22.557281 ], [ 113.860774, 22.557342 ], [ 113.860964, 22.557413 ], [ 113.861217, 22.557551 ] ] } },
{ "type": "Feature", "properties": { "highway": "primary", "name": "新安六路" }, "geometry": { "type": "LineString", "coordinates": [ [ 113.866011, 22.562435 ], [ 113.868257, 22.564861 ], [ 113.868781, 22.56539 ] ] } },
{ "type": "Feature", "properties": { "highway": "secondary", "name": "罗田路" }, "geometry": { "type": "LineString", "coordinates": [ [ 113.870496, 22.558016 ], [ 113.871666, 22.559013 ], [ 113.872961, 22.560154 ] ] } },
{ "type": "Feature", "properties": { "highway": "secondary", "name": "兴业路" }, "geometry": { "type": "LineString", "coordinates": [ [ 113.870496, 22.558016 ], [ 113.873025, 22.555474 ] ] } },
{ "type": "Feature", "properties": { "highway": "secondary", "name": "罗田路" }, "geometry": { "type": "LineString", "coordinates": [ [ 113.872961, 22.560154 ], [ 113.874104, 22.561127 ], [ 113.876107, 22.56287 ] ] } },
{ "type": "Feature", "properties": { "highway": "secondary", "name": "新湖路" }, "geometry": { "type": "LineString", "coordinates": [ [ 113.876723, 22.562875 ], [ 113.878644, 22.561107 ], [ 113.879334, 22.560445 ] ] } },
{ "type": "Feature", "properties": { "highway": "secondary", "name": "新湖路" }, "geometry": { "type": "LineString", "coordinates": [ [ 113.884504, 22.555461 ], [ 113.885068, 22.55493 ] ] } },
{ "type": "Feature", "properties": { "highway": "secondary", "name": "兴华一路" }, "geometry": { "type": "LineString", "coordinates": [ [ 113.885069, 22.55441 ], [ 113.883406, 22.552998 ] ] } },
{ "type": "Feature", "properties": { "highway": "tertiary", "name": "海丽路" }, "geometry": { "type": "LineString", "coordinates": [ [ 113.883475, 22.55293 ], [ 113.883406, 22.552998 ] ] } },
{ "type": "Feature", "properties": { "highway": "secondary", "name": "兴华一路" }, "geometry": { "type": "LineString", "coordinates": [ [ 113.883406, 22.552998 ], [ 113.882815, 22.552485 ], [ 113.882702, 22.552307 ] ] } },
{ "type": "Feature", "properties": { "highway": "trunk_link", "name": null }, "geometry": { "type": "LineString", "coordinates": [ [ 113.89984, 22.548215 ], [ 113.900149, 22.548152 ], [ 113.900282, 22.548144 ], [ 113.900517, 22.548174 ], [ 113.900768, 22.548233 ], [ 113.90095, 22.54831 ], [ 113.901154, 22.548431 ], [ 113.901412, 22.548614 ], [ 113.901617, 22.548807 ], [ 113.902131, 22.549517 ], [ 113.902289, 22.549714 ], [ 113.902455, 22.549892 ], [ 113.902868, 22.550236 ] ] } },
{ "type": "Feature", "properties": { "highway": "trunk_link", "name": null }, "geometry": { "type": "LineString", "coordinates": [ [ 113.897127, 22.551281 ], [ 113.897374, 22.550944 ], [ 113.89811, 22.550215 ] ] } },
{ "type": "Feature", "properties": { "highway": "trunk_link", "name": null }, "geometry": { "type": "LineString", "coordinates": [ [ 113.898527, 22.549068 ], [ 113.898494, 22.548919 ], [ 113.898436, 22.548759 ], [ 113.898327, 22.548554 ], [ 113.898187, 22.548377 ], [ 113.89792, 22.548085 ] ] } },
{ "type": "Feature", "properties": { "highway": "trunk_link", "name": null }, "geometry": { "type": "LineString", "coordinates": [ [ 113.902868, 22.550236 ], [ 113.903357, 22.550561 ] ] } },
{ "type": "Feature", "properties": { "highway": "trunk_link", "name": null }, "geometry": { "type": "LineString", "coordinates": [ [ 113.902521, 22.549852 ], [ 113.902674, 22.550042 ], [ 113.902868, 22.550236 ] ] } },
{ "type": "Feature", "properties": { "highway": "trunk_link", "name": null }, "geometry": { "type": "LineString", "coordinates": [ [ 113.901435, 22.548358 ], [ 113.901577, 22.548478 ], [ 113.901836, 22.548788 ], [ 113.902261, 22.549501 ], [ 113.902521, 22.549852 ] ] } },
{ "type": "Feature", "properties": { "highway": "trunk_link", "name": null }, "geometry": { "type": "LineString", "coordinates": [ [ 113.900295, 22.547987 ], [ 113.900496, 22.547986 ], [ 113.9007, 22.54801 ], [ 113.900874, 22.548064 ], [ 113.901066, 22.548146 ], [ 113.901435, 22.548358 ] ] } },
{ "type": "Feature", "properties": { "highway": "trunk_link", "name": null }, "geometry": { "type": "LineString", "coordinates": [ [ 113.89807, 22.549556 ], [ 113.898334, 22.549368 ], [ 113.89856, 22.549162 ], [ 113.898671, 22.548996 ], [ 113.898804, 22.548671 ], [ 113.898891, 22.548506 ], [ 113.899048, 22.548371 ], [ 113.899198, 22.548295 ], [ 113.899536, 22.548203 ], [ 113.899887, 22.548155 ], [ 113.900149, 22.548152 ] ] } },
{ "type": "Feature", "properties": { "highway": "primary", "name": null }, "geometry": { "type": "LineString", "coordinates": [ [ 113.897335, 22.55059 ], [ 113.897536, 22.55007 ], [ 113.897669, 22.549878 ] ] } },
{ "type": "Feature", "properties": { "highway": "trunk_link", "name": null }, "geometry": { "type": "LineString", "coordinates": [ [ 113.897814, 22.549761 ], [ 113.89807, 22.549556 ] ] } },
{ "type": "Feature", "properties": { "highway": "primary", "name": null }, "geometry": { "type": "LineString", "coordinates": [ [ 113.898171, 22.54964 ], [ 113.898734, 22.549525 ], [ 113.898901, 22.549429 ], [ 113.899012, 22.549329 ], [ 113.899216, 22.549212 ], [ 113.899479, 22.54909 ] ] } },
{ "type": "Feature", "properties": { "highway": "motorway", "name": "京港澳高速" }, "geometry": { "type": "LineString", "coordinates": [ [ 113.89315, 22.598061 ], [ 113.893626, 22.597733 ], [ 113.894898, 22.596733 ] ] } },
{ "type": "Feature", "properties": { "highway": "motorway", "name": "京港澳高速" }, "geometry": { "type": "LineString", "coordinates": [ [ 113.91708, 22.574076 ], [ 113.917853, 22.573268 ], [ 113.919186, 22.572306 ] ] } },
{ "type": "Feature", "properties": { "highway": "motorway", "name": "京港澳高速" }, "geometry": { "type": "LineString", "coordinates": [ [ 113.921657, 22.570354 ], [ 113.921741, 22.570148 ], [ 113.921752, 22.570057 ], [ 113.921646, 22.569394 ], [ 113.921653, 22.569194 ], [ 113.921693, 22.569052 ], [ 113.921801, 22.568904 ], [ 113.921883, 22.568825 ], [ 113.922014, 22.568726 ], [ 113.922343, 22.56854 ] ] } },
{ "type": "Feature", "properties": { "highway": "tertiary", "name": "科技中一路" }, "geometry": { "type": "LineString", "coordinates": [ [ 113.93141, 22.549371 ], [ 113.931323, 22.549475 ], [ 113.931295, 22.549595 ] ] } },
{ "type": "Feature", "properties": { "highway": "secondary", "name": "辅三路" }, "geometry": { "type": "LineString", "coordinates": [ [ 113.854175, 22.555629 ], [ 113.854579, 22.555737 ], [ 113.854861, 22.555786 ] ] } },
{ "type": "Feature", "properties": { "highway": "secondary", "name": "辅三路" }, "geometry": { "type": "LineString", "coordinates": [ [ 113.854823, 22.555901 ], [ 113.854146, 22.55572 ] ] } },
{ "type": "Feature", "properties": { "highway": "secondary", "name": null }, "geometry": { "type": "LineString", "coordinates": [ [ 113.927073, 22.535486 ], [ 113.927025, 22.535508 ], [ 113.926883, 22.53551 ] ] } },
{ "type": "Feature", "properties": { "highway": "secondary", "name": "桃园路" }, "geometry": { "type": "LineString", "coordinates": [ [ 113.927095, 22.535441 ], [ 113.927309, 22.535454 ] ] } },
{ "type": "Feature", "properties": { "highway": "secondary", "name": "桃园路" }, "geometry": { "type": "LineString", "coordinates": [ [ 113.926861, 22.535432 ], [ 113.92706, 22.535439 ] ] } },
{ "type": "Feature", "properties": { "highway": "secondary", "name": null }, "geometry": { "type": "LineString", "coordinates": [ [ 113.92682, 22.53543 ], [ 113.926679, 22.534986 ] ] } },
{ "type": "Feature", "properties": { "highway": "secondary", "name": null }, "geometry": { "type": "LineString", "coordinates": [ [ 113.926838, 22.535511 ], [ 113.92682, 22.53543 ] ] } },
{ "type": "Feature", "properties": { "highway": "secondary", "name": null }, "geometry": { "type": "LineString", "coordinates": [ [ 113.927093, 22.535227 ], [ 113.927105, 22.535336 ], [ 113.927095, 22.535441 ] ] } },
{ "type": "Feature", "properties": { "highway": "primary", "name": "新安三路" }, "geometry": { "type": "LineString", "coordinates": [ [ 113.908747, 22.574704 ], [ 113.908711, 22.574844 ], [ 113.906122, 22.577438 ] ] } },
{ "type": "Feature", "properties": { "highway": "primary", "name": "新安二路" }, "geometry": { "type": "LineString", "coordinates": [ [ 113.908678, 22.574652 ], [ 113.908728, 22.574443 ], [ 113.908742, 22.574009 ] ] } },
{ "type": "Feature", "properties": { "highway": "primary", "name": "宝石路" }, "geometry": { "type": "LineString", "coordinates": [ [ 113.92116, 22.639136 ], [ 113.920995, 22.626354 ], [ 113.920889, 22.62026 ], [ 113.920873, 22.617461 ], [ 113.920796, 22.614148 ], [ 113.920756, 22.611113 ], [ 113.920711, 22.609486 ], [ 113.920676, 22.608674 ], [ 113.920597, 22.608085 ], [ 113.920457, 22.607503 ], [ 113.92029, 22.607027 ], [ 113.9201, 22.606599 ], [ 113.919888, 22.606199 ], [ 113.917515, 22.602691 ], [ 113.91721, 22.602166 ], [ 113.916965, 22.601682 ], [ 113.916766, 22.601177 ], [ 113.916611, 22.600677 ], [ 113.914967, 22.594803 ], [ 113.914862, 22.594313 ], [ 113.914797, 22.593804 ], [ 113.914765, 22.593322 ], [ 113.914814, 22.592826 ], [ 113.914937, 22.592336 ], [ 113.915107, 22.591851 ], [ 113.915384, 22.591321 ], [ 113.9156, 22.591005 ], [ 113.915773, 22.590786 ], [ 113.91742, 22.589067 ] ] } },
{ "type": "Feature", "properties": { "highway": "secondary", "name": "前进二路" }, "geometry": { "type": "LineString", "coordinates": [ [ 113.873836, 22.597472 ], [ 113.869553, 22.601724 ], [ 113.866001, 22.605286 ] ] } },
{ "type": "Feature", "properties": { "highway": "tertiary", "name": "宝田三路" }, "geometry": { "type": "LineString", "coordinates": [ [ 113.866001, 22.605286 ], [ 113.864199, 22.603725 ] ] } },
{ "type": "Feature", "properties": { "highway": "tertiary", "name": "水库路" }, "geometry": { "type": "LineString", "coordinates": [ [ 113.884775, 22.608734 ], [ 113.885474, 22.607662 ], [ 113.885817, 22.607217 ], [ 113.885951, 22.606984 ], [ 113.886048, 22.606776 ], [ 113.886489, 22.60536 ] ] } },
{ "type": "Feature", "properties": { "highway": "secondary", "name": "宝石路辅路" }, "geometry": { "type": "LineString", "coordinates": [ [ 113.915502, 22.590925 ], [ 113.915539, 22.590879 ] ] } },
{ "type": "Feature", "properties": { "highway": "primary", "name": "宝石路" }, "geometry": { "type": "LineString", "coordinates": [ [ 113.918167, 22.588394 ], [ 113.918134, 22.588558 ], [ 113.91808, 22.58867 ], [ 113.917718, 22.589068 ] ] } },
{ "type": "Feature", "properties": { "highway": "motorway", "name": "南光高速" }, "geometry": { "type": "LineString", "coordinates": [ [ 113.926667, 22.610222 ], [ 113.926831, 22.609821 ], [ 113.926981, 22.609361 ], [ 113.927146, 22.608767 ], [ 113.9273, 22.608088 ], [ 113.927431, 22.607239 ], [ 113.927499, 22.60651 ], [ 113.9275, 22.605617 ] ] } },
{ "type": "Feature", "properties": { "highway": "primary", "name": "桂湾四路" }, "geometry": { "type": "LineString", "coordinates": [ [ 113.900136, 22.535126 ], [ 113.898287, 22.53509 ] ] } },
{ "type": "Feature", "properties": { "highway": "tertiary", "name": "十一号路" }, "geometry": { "type": "LineString", "coordinates": [ [ 113.900138, 22.535 ], [ 113.900136, 22.535126 ] ] } },
{ "type": "Feature", "properties": { "highway": "tertiary", "name": "创新九街" }, "geometry": { "type": "LineString", "coordinates": [ [ 113.899965, 22.543916 ], [ 113.90166, 22.543948 ] ] } },
{ "type": "Feature", "properties": { "highway": "primary", "name": "梦海大道" }, "geometry": { "type": "LineString", "coordinates": [ [ 113.896676, 22.540615 ], [ 113.89666, 22.541645 ], [ 113.896614, 22.542441 ], [ 113.896518, 22.542967 ], [ 113.896431, 22.543284 ], [ 113.896321, 22.543607 ], [ 113.896218, 22.543845 ] ] } },
{ "type": "Feature", "properties": { "highway": "tertiary", "name": "桂湾二路" }, "geometry": { "type": "LineString", "coordinates": [ [ 113.893068, 22.540563 ], [ 113.893214, 22.540565 ] ] } },
{ "type": "Feature", "properties": { "highway": "secondary", "name": "听海大道" }, "geometry": { "type": "LineString", "coordinates": [ [ 113.892993, 22.535357 ], [ 113.893242, 22.536295 ], [ 113.893292, 22.536671 ], [ 113.893296, 22.537036 ], [ 113.893267, 22.53729 ], [ 113.893264, 22.538458 ], [ 113.893223, 22.54018 ] ] } },
{ "type": "Feature", "properties": { "highway": "secondary", "name": "听海大道" }, "geometry": { "type": "LineString", "coordinates": [ [ 113.893068, 22.540563 ], [ 113.893122, 22.536649 ], [ 113.893089, 22.53637 ], [ 113.893035, 22.536099 ], [ 113.892772, 22.535012 ] ] } },
{ "type": "Feature", "properties": { "highway": "tertiary", "name": "桂湾二路" }, "geometry": { "type": "LineString", "coordinates": [ [ 113.894554, 22.540585 ], [ 113.895193, 22.54059 ] ] } },
{ "type": "Feature", "properties": { "highway": "tertiary", "name": "桂湾二路" }, "geometry": { "type": "LineString", "coordinates": [ [ 113.893214, 22.540565 ], [ 113.893593, 22.540571 ] ] } },
{ "type": "Feature", "properties": { "highway": "primary", "name": "梦海大道" }, "geometry": { "type": "LineString", "coordinates": [ [ 113.896867, 22.531316 ], [ 113.896791, 22.534552 ] ] } },
{ "type": "Feature", "properties": { "highway": "primary", "name": "桂湾四路" }, "geometry": { "type": "LineString", "coordinates": [ [ 113.898287, 22.53509 ], [ 113.897735, 22.535081 ] ] } },
{ "type": "Feature", "properties": { "highway": "primary", "name": "桂湾四路" }, "geometry": { "type": "LineString", "coordinates": [ [ 113.897735, 22.535081 ], [ 113.897287, 22.535072 ] ] } },
{ "type": "Feature", "properties": { "highway": "primary", "name": "桂湾四路" }, "geometry": { "type": "LineString", "coordinates": [ [ 113.896621, 22.535058 ], [ 113.893291, 22.535017 ] ] } },
{ "type": "Feature", "properties": { "highway": "primary", "name": "桂湾四路" }, "geometry": { "type": "LineString", "coordinates": [ [ 113.904665, 22.535196 ], [ 113.904181, 22.53522 ] ] } },
{ "type": "Feature", "properties": { "highway": "trunk", "name": "月亮湾大道" }, "geometry": { "type": "LineString", "coordinates": [ [ 113.904627, 22.537561 ], [ 113.904649, 22.535875 ] ] } },
{ "type": "Feature", "properties": { "highway": "trunk", "name": "月亮湾大道" }, "geometry": { "type": "LineString", "coordinates": [ [ 113.904538, 22.541302 ], [ 113.904575, 22.54047 ], [ 113.904627, 22.537561 ] ] } },
{ "type": "Feature", "properties": { "highway": "tertiary", "name": "桂湾三路" }, "geometry": { "type": "LineString", "coordinates": [ [ 113.900079, 22.538138 ], [ 113.900215, 22.53814 ] ] } },
{ "type": "Feature", "properties": { "highway": "tertiary", "name": "十一号路" }, "geometry": { "type": "LineString", "coordinates": [ [ 113.900079, 22.538138 ], [ 113.89997, 22.543641 ] ] } },
{ "type": "Feature", "properties": { "highway": "primary", "name": "桂湾四路" }, "geometry": { "type": "LineString", "coordinates": [ [ 113.900138, 22.535 ], [ 113.900267, 22.535002 ] ] } },
{ "type": "Feature", "properties": { "highway": "primary", "name": "桂湾四路" }, "geometry": { "type": "LineString", "coordinates": [ [ 113.893289, 22.534909 ], [ 113.896624, 22.534936 ] ] } },
{ "type": "Feature", "properties": { "highway": "secondary", "name": "听海大道" }, "geometry": { "type": "LineString", "coordinates": [ [ 113.892853, 22.534455 ], [ 113.892856, 22.534754 ], [ 113.892898, 22.535012 ] ] } },
{ "type": "Feature", "properties": { "highway": "primary", "name": "留仙大道" }, "geometry": { "type": "LineString", "coordinates": [ [ 113.932467, 22.583364 ], [ 113.933065, 22.583318 ] ] } },
{ "type": "Feature", "properties": { "highway": "secondary", "name": "创科路" }, "geometry": { "type": "LineString", "coordinates": [ [ 113.932462, 22.583569 ], [ 113.932467, 22.583364 ] ] } },
{ "type": "Feature", "properties": { "highway": "tertiary", "name": null }, "geometry": { "type": "LineString", "coordinates": [ [ 113.864642, 22.56262 ], [ 113.864821, 22.562608 ] ] } },
{ "type": "Feature", "properties": { "highway": "trunk", "name": "广深公路" }, "geometry": { "type": "LineString", "coordinates": [ [ 113.904324, 22.556864 ], [ 113.903909, 22.557361 ], [ 113.903493, 22.557807 ], [ 113.903141, 22.558168 ], [ 113.902621, 22.558666 ], [ 113.902104, 22.559117 ], [ 113.901523, 22.559589 ], [ 113.900666, 22.560243 ] ] } },
{ "type": "Feature", "properties": { "highway": "trunk", "name": "广深公路" }, "geometry": { "type": "LineString", "coordinates": [ [ 113.900666, 22.560243 ], [ 113.899266, 22.561262 ], [ 113.897601, 22.562501 ] ] } },
{ "type": "Feature", "properties": { "highway": "trunk", "name": "广深公路" }, "geometry": { "type": "LineString", "coordinates": [ [ 113.881943, 22.577487 ], [ 113.881656, 22.577748 ], [ 113.879183, 22.580167 ] ] } },
{ "type": "Feature", "properties": { "highway": "primary", "name": "广深公路辅路" }, "geometry": { "type": "LineString", "coordinates": [ [ 113.873064, 22.586942 ], [ 113.872398, 22.587449 ] ] } },
{ "type": "Feature", "properties": { "highway": "secondary", "name": "南山大道" }, "geometry": { "type": "LineString", "coordinates": [ [ 113.91915, 22.559689 ], [ 113.918925, 22.558672 ] ] } },
{ "type": "Feature", "properties": { "highway": "primary", "name": "前进一路" }, "geometry": { "type": "LineString", "coordinates": [ [ 113.895817, 22.575318 ], [ 113.897445, 22.573659 ], [ 113.89923, 22.571892 ] ] } },
{ "type": "Feature", "properties": { "highway": "primary", "name": "创业二路" }, "geometry": { "type": "LineString", "coordinates": [ [ 113.89923, 22.571892 ], [ 113.899337, 22.571986 ] ] } },
{ "type": "Feature", "properties": { "highway": "trunk", "name": "广深公路" }, "geometry": { "type": "LineString", "coordinates": [ [ 113.89075, 22.569009 ], [ 113.891718, 22.567943 ] ] } },
{ "type": "Feature", "properties": { "highway": "primary", "name": "前进路" }, "geometry": { "type": "LineString", "coordinates": [ [ 113.918426, 22.559208 ], [ 113.919044, 22.559223 ], [ 113.919171, 22.559241 ] ] } },
{ "type": "Feature", "properties": { "highway": "primary", "name": "南山大道" }, "geometry": { "type": "LineString", "coordinates": [ [ 113.91999, 22.53533 ], [ 113.919993, 22.535439 ] ] } },
{ "type": "Feature", "properties": { "highway": "secondary", "name": "桃园路" }, "geometry": { "type": "LineString", "coordinates": [ [ 113.919848, 22.535333 ], [ 113.91999, 22.53533 ] ] } },
{ "type": "Feature", "properties": { "highway": "primary", "name": "梦海大道" }, "geometry": { "type": "LineString", "coordinates": [ [ 113.896782, 22.534939 ], [ 113.896768, 22.535498 ] ] } },
{ "type": "Feature", "properties": { "highway": "primary", "name": "桂湾四路" }, "geometry": { "type": "LineString", "coordinates": [ [ 113.897271, 22.534948 ], [ 113.89773, 22.534956 ] ] } },
{ "type": "Feature", "properties": { "highway": "trunk_link", "name": null }, "geometry": { "type": "LineString", "coordinates": [ [ 113.888344, 22.560201 ], [ 113.888249, 22.560206 ], [ 113.888176, 22.560181 ], [ 113.888127, 22.560145 ], [ 113.888101, 22.560086 ], [ 113.888103, 22.560002 ] ] } },
{ "type": "Feature", "properties": { "highway": "secondary", "name": "公园路" }, "geometry": { "type": "LineString", "coordinates": [ [ 113.902992, 22.575162 ], [ 113.906943, 22.571211 ], [ 113.907085, 22.571115 ] ] } },
{ "type": "Feature", "properties": { "highway": "primary", "name": "创业二路" }, "geometry": { "type": "LineString", "coordinates": [ [ 113.902992, 22.575162 ], [ 113.903044, 22.575207 ] ] } },
{ "type": "Feature", "properties": { "highway": "secondary", "name": "公园路" }, "geometry": { "type": "LineString", "coordinates": [ [ 113.902896, 22.575257 ], [ 113.902992, 22.575162 ] ] } },
{ "type": "Feature", "properties": { "highway": "primary", "name": "创业二路" }, "geometry": { "type": "LineString", "coordinates": [ [ 113.905743, 22.5777 ], [ 113.902896, 22.575257 ] ] } },
{ "type": "Feature", "properties": { "highway": "primary", "name": "创业二路" }, "geometry": { "type": "LineString", "coordinates": [ [ 113.902896, 22.575257 ], [ 113.901268, 22.573857 ] ] } },
{ "type": "Feature", "properties": { "highway": "primary", "name": "创业二路" }, "geometry": { "type": "LineString", "coordinates": [ [ 113.901268, 22.573857 ], [ 113.901072, 22.573694 ] ] } },
{ "type": "Feature", "properties": { "highway": "primary", "name": "宝石路" }, "geometry": { "type": "LineString", "coordinates": [ [ 113.91742, 22.589067 ], [ 113.917795, 22.588666 ] ] } },
{ "type": "Feature", "properties": { "highway": "tertiary", "name": "悦和路" }, "geometry": { "type": "LineString", "coordinates": [ [ 113.857429, 22.578785 ], [ 113.857447, 22.578904 ], [ 113.857468, 22.578944 ], [ 113.858324, 22.579847 ], [ 113.858362, 22.579992 ] ] } },
{ "type": "Feature", "properties": { "highway": "tertiary", "name": "悦和路" }, "geometry": { "type": "LineString", "coordinates": [ [ 113.858362, 22.579992 ], [ 113.858225, 22.579932 ], [ 113.857428, 22.579097 ], [ 113.857315, 22.579045 ], [ 113.857146, 22.579029 ] ] } },
{ "type": "Feature", "properties": { "highway": "tertiary", "name": null }, "geometry": { "type": "LineString", "coordinates": [ [ 113.854003, 22.558554 ], [ 113.854861, 22.555786 ] ] } },
{ "type": "Feature", "properties": { "highway": "secondary", "name": "临海大道" }, "geometry": { "type": "LineString", "coordinates": [ [ 113.889553, 22.541794 ], [ 113.889306, 22.542334 ], [ 113.88901, 22.542779 ] ] } },
{ "type": "Feature", "properties": { "highway": "tertiary", "name": "海圳路" }, "geometry": { "type": "LineString", "coordinates": [ [ 113.910681, 22.579105 ], [ 113.908171, 22.575384 ] ] } },
{ "type": "Feature", "properties": { "highway": "trunk_link", "name": null }, "geometry": { "type": "LineString", "coordinates": [ [ 113.855304, 22.552887 ], [ 113.855127, 22.55417 ], [ 113.855063, 22.554531 ], [ 113.854973, 22.554906 ], [ 113.854568, 22.556202 ] ] } },
{ "type": "Feature", "properties": { "highway": "trunk_link", "name": null }, "geometry": { "type": "LineString", "coordinates": [ [ 113.854208, 22.556121 ], [ 113.854711, 22.554538 ], [ 113.854801, 22.554087 ], [ 113.854872, 22.553542 ] ] } },
{ "type": "Feature", "properties": { "highway": "secondary", "name": "金湾大道" }, "geometry": { "type": "LineString", "coordinates": [ [ 113.854306, 22.556557 ], [ 113.854053, 22.557361 ], [ 113.853884, 22.55776 ] ] } },
{ "type": "Feature", "properties": { "highway": "secondary", "name": "金港大道" }, "geometry": { "type": "LineString", "coordinates": [ [ 113.854647, 22.553225 ], [ 113.853975, 22.555379 ] ] } },
{ "type": "Feature", "properties": { "highway": "secondary", "name": "腾港路" }, "geometry": { "type": "LineString", "coordinates": [ [ 113.85799, 22.545252 ], [ 113.857646, 22.546145 ], [ 113.856982, 22.547707 ], [ 113.856363, 22.549229 ], [ 113.856259, 22.549518 ], [ 113.855774, 22.550952 ], [ 113.855406, 22.552113 ], [ 113.854879, 22.553841 ], [ 113.854798, 22.554234 ] ] } },
{ "type": "Feature", "properties": { "highway": "trunk_link", "name": null }, "geometry": { "type": "LineString", "coordinates": [ [ 113.854568, 22.556202 ], [ 113.854135, 22.557566 ] ] } },
{ "type": "Feature", "properties": { "highway": "trunk_link", "name": null }, "geometry": { "type": "LineString", "coordinates": [ [ 113.853778, 22.557474 ], [ 113.854208, 22.556121 ] ] } },
{ "type": "Feature", "properties": { "highway": "trunk_link", "name": null }, "geometry": { "type": "LineString", "coordinates": [ [ 113.854135, 22.557566 ], [ 113.853928, 22.558197 ], [ 113.853628, 22.558737 ] ] } },
{ "type": "Feature", "properties": { "highway": "trunk_link", "name": null }, "geometry": { "type": "LineString", "coordinates": [ [ 113.860937, 22.536032 ], [ 113.860687, 22.537316 ] ] } },
{ "type": "Feature", "properties": { "highway": "trunk_link", "name": null }, "geometry": { "type": "LineString", "coordinates": [ [ 113.860107, 22.537467 ], [ 113.860275, 22.536971 ], [ 113.860704, 22.535975 ] ] } },
{ "type": "Feature", "properties": { "highway": "primary_link", "name": null }, "geometry": { "type": "LineString", "coordinates": [ [ 113.910215, 22.544823 ], [ 113.90994, 22.544991 ], [ 113.90981, 22.545177 ] ] } },
{ "type": "Feature", "properties": { "highway": "primary", "name": "深南大道" }, "geometry": { "type": "LineString", "coordinates": [ [ 113.908976, 22.549719 ], [ 113.908421, 22.550771 ] ] } },
{ "type": "Feature", "properties": { "highway": "trunk_link", "name": null }, "geometry": { "type": "LineString", "coordinates": [ [ 113.860687, 22.537316 ], [ 113.860106, 22.539146 ] ] } },
{ "type": "Feature", "properties": { "highway": "trunk_link", "name": null }, "geometry": { "type": "LineString", "coordinates": [ [ 113.859535, 22.539297 ], [ 113.860107, 22.537467 ] ] } },
{ "type": "Feature", "properties": { "highway": "trunk_link", "name": null }, "geometry": { "type": "LineString", "coordinates": [ [ 113.891219, 22.557656 ], [ 113.890879, 22.557883 ], [ 113.890258, 22.558379 ] ] } },
{ "type": "Feature", "properties": { "highway": "primary", "name": "宝安大道辅路" }, "geometry": { "type": "LineString", "coordinates": [ [ 113.892384, 22.556504 ], [ 113.891219, 22.557656 ] ] } },
{ "type": "Feature", "properties": { "highway": "trunk_link", "name": null }, "geometry": { "type": "LineString", "coordinates": [ [ 113.89223, 22.556482 ], [ 113.891727, 22.557072 ], [ 113.891572, 22.557307 ] ] } },
{ "type": "Feature", "properties": { "highway": "trunk_link", "name": null }, "geometry": { "type": "LineString", "coordinates": [ [ 113.889965, 22.558233 ], [ 113.890364, 22.557716 ] ] } },
{ "type": "Feature", "properties": { "highway": "trunk_link", "name": null }, "geometry": { "type": "LineString", "coordinates": [ [ 113.891272, 22.556839 ], [ 113.89201, 22.556283 ] ] } },
{ "type": "Feature", "properties": { "highway": "tertiary", "name": "桂湾二路" }, "geometry": { "type": "LineString", "coordinates": [ [ 113.89383, 22.540574 ], [ 113.894554, 22.540585 ] ] } },
{ "type": "Feature", "properties": { "highway": "secondary", "name": "听海大道" }, "geometry": { "type": "LineString", "coordinates": [ [ 113.893223, 22.54018 ], [ 113.893214, 22.540565 ] ] } },
{ "type": "Feature", "properties": { "highway": "primary", "name": "前海地下道路" }, "geometry": { "type": "LineString", "coordinates": [ [ 113.895642, 22.546072 ], [ 113.892077, 22.543095 ], [ 113.890204, 22.541572 ], [ 113.890009, 22.541349 ], [ 113.889943, 22.541238 ], [ 113.889827, 22.540902 ], [ 113.889773, 22.540458 ], [ 113.889762, 22.54006 ], [ 113.889815, 22.537669 ] ] } },
{ "type": "Feature", "properties": { "highway": "secondary", "name": "临海大道" }, "geometry": { "type": "LineString", "coordinates": [ [ 113.889644, 22.541006 ], [ 113.889757, 22.54031 ] ] } },
{ "type": "Feature", "properties": { "highway": "secondary", "name": "桂湾一路" }, "geometry": { "type": "LineString", "coordinates": [ [ 113.895039, 22.545533 ], [ 113.892696, 22.543565 ] ] } },
{ "type": "Feature", "properties": { "highway": "secondary", "name": "听海大道" }, "geometry": { "type": "LineString", "coordinates": [ [ 113.893214, 22.540565 ], [ 113.893206, 22.540901 ] ] } },
{ "type": "Feature", "properties": { "highway": "secondary", "name": "听海大道" }, "geometry": { "type": "LineString", "coordinates": [ [ 113.892779, 22.543044 ], [ 113.892781, 22.543037 ] ] } },
{ "type": "Feature", "properties": { "highway": "secondary", "name": "听海大道" }, "geometry": { "type": "LineString", "coordinates": [ [ 113.892589, 22.543478 ], [ 113.892779, 22.543044 ] ] } },
{ "type": "Feature", "properties": { "highway": "secondary", "name": "桂湾一路" }, "geometry": { "type": "LineString", "coordinates": [ [ 113.890089, 22.541229 ], [ 113.892364, 22.543108 ] ] } },
{ "type": "Feature", "properties": { "highway": "secondary", "name": "桂湾一路" }, "geometry": { "type": "LineString", "coordinates": [ [ 113.889667, 22.540893 ], [ 113.890089, 22.541229 ] ] } },
{ "type": "Feature", "properties": { "highway": "secondary", "name": "临海大道" }, "geometry": { "type": "LineString", "coordinates": [ [ 113.889944, 22.539993 ], [ 113.889892, 22.540475 ] ] } },
{ "type": "Feature", "properties": { "highway": "secondary", "name": "临海大道" }, "geometry": { "type": "LineString", "coordinates": [ [ 113.889892, 22.540475 ], [ 113.889764, 22.541101 ] ] } },
{ "type": "Feature", "properties": { "highway": "primary", "name": "前海地下道路" }, "geometry": { "type": "LineString", "coordinates": [ [ 113.88894, 22.5287 ], [ 113.889265, 22.529283 ], [ 113.889469, 22.529601 ], [ 113.889617, 22.529886 ], [ 113.889826, 22.53035 ], [ 113.889962, 22.530774 ], [ 113.890058, 22.531363 ], [ 113.890082, 22.531641 ], [ 113.890099, 22.53207 ], [ 113.890073, 22.533454 ] ] } },
{ "type": "Feature", "properties": { "highway": "secondary", "name": "金港大道" }, "geometry": { "type": "LineString", "coordinates": [ [ 113.852388, 22.558256 ], [ 113.852825, 22.557794 ], [ 113.853008, 22.557562 ], [ 113.853177, 22.557281 ], [ 113.85332, 22.556981 ], [ 113.854525, 22.553194 ] ] } },
{ "type": "Feature", "properties": { "highway": "secondary", "name": "腾港路" }, "geometry": { "type": "LineString", "coordinates": [ [ 113.854146, 22.55572 ], [ 113.854207, 22.555461 ], [ 113.854874, 22.553286 ], [ 113.855816, 22.550286 ], [ 113.855981, 22.549819 ], [ 113.856705, 22.547948 ], [ 113.857377, 22.546391 ], [ 113.857846, 22.545212 ] ] } },
{ "type": "Feature", "properties": { "highway": "motorway_link", "name": null }, "geometry": { "type": "LineString", "coordinates": [ [ 113.854426, 22.555695 ], [ 113.85377, 22.557838 ], [ 113.853703, 22.558132 ], [ 113.853658, 22.558577 ], [ 113.853628, 22.558737 ] ] } },
{ "type": "Feature", "properties": { "highway": "tertiary", "name": null }, "geometry": { "type": "LineString", "coordinates": [ [ 113.85799, 22.545252 ], [ 113.857658, 22.545159 ], [ 113.857571, 22.545147 ], [ 113.857406, 22.54516 ] ] } },
{ "type": "Feature", "properties": { "highway": "secondary", "name": "临海大道" }, "geometry": { "type": "LineString", "coordinates": [ [ 113.888813, 22.543086 ], [ 113.88877, 22.542862 ], [ 113.888784, 22.542794 ], [ 113.888845, 22.54268 ] ] } },
{ "type": "Feature", "properties": { "highway": "secondary", "name": "临海大道" }, "geometry": { "type": "LineString", "coordinates": [ [ 113.88901, 22.542779 ], [ 113.888813, 22.543086 ] ] } },
{ "type": "Feature", "properties": { "highway": "secondary", "name": "临海大道" }, "geometry": { "type": "LineString", "coordinates": [ [ 113.889376, 22.541733 ], [ 113.889541, 22.541356 ], [ 113.889644, 22.541006 ] ] } },
{ "type": "Feature", "properties": { "highway": "tertiary", "name": "湖滨西路" }, "geometry": { "type": "LineString", "coordinates": [ [ 113.890148, 22.544116 ], [ 113.888813, 22.543086 ] ] } },
{ "type": "Feature", "properties": { "highway": "tertiary", "name": "留仙二路" }, "geometry": { "type": "LineString", "coordinates": [ [ 113.91413, 22.584776 ], [ 113.91727, 22.581674 ] ] } },
{ "type": "Feature", "properties": { "highway": "tertiary", "name": "明湾路" }, "geometry": { "type": "LineString", "coordinates": [ [ 113.860374, 22.546031 ], [ 113.857797, 22.545337 ] ] } },
{ "type": "Feature", "properties": { "highway": "tertiary", "name": "明湾路" }, "geometry": { "type": "LineString", "coordinates": [ [ 113.85799, 22.545252 ], [ 113.860421, 22.545877 ] ] } },
{ "type": "Feature", "properties": { "highway": "tertiary", "name": "环湾路" }, "geometry": { "type": "LineString", "coordinates": [ [ 113.863549, 22.540032 ], [ 113.86367, 22.539293 ], [ 113.863803, 22.538655 ], [ 113.865445, 22.533278 ], [ 113.866518, 22.52991 ], [ 113.866612, 22.529926 ] ] } },
{ "type": "Feature", "properties": { "highway": "tertiary", "name": "环湾路" }, "geometry": { "type": "LineString", "coordinates": [ [ 113.865775, 22.532661 ], [ 113.864546, 22.536601 ], [ 113.864116, 22.538079 ], [ 113.863909, 22.53868 ], [ 113.863753, 22.53938 ], [ 113.863651, 22.540042 ] ] } },
{ "type": "Feature", "properties": { "highway": "tertiary", "name": "腾北路" }, "geometry": { "type": "LineString", "coordinates": [ [ 113.860248, 22.550487 ], [ 113.856149, 22.54937 ] ] } },
{ "type": "Feature", "properties": { "highway": "tertiary", "name": "腾北路" }, "geometry": { "type": "LineString", "coordinates": [ [ 113.856177, 22.54929 ], [ 113.860279, 22.55039 ] ] } },
{ "type": "Feature", "properties": { "highway": "primary", "name": null }, "geometry": { "type": "LineString", "coordinates": [ [ 113.897669, 22.549878 ], [ 113.897814, 22.549761 ], [ 113.898046, 22.549671 ], [ 113.898171, 22.54964 ] ] } },
{ "type": "Feature", "properties": { "highway": "primary_link", "name": null }, "geometry": { "type": "LineString", "coordinates": [ [ 113.883264, 22.558503 ], [ 113.883229, 22.558426 ], [ 113.883249, 22.558376 ], [ 113.883322, 22.558355 ], [ 113.883407, 22.558395 ] ] } },
{ "type": "Feature", "properties": { "highway": "secondary", "name": "桃园路" }, "geometry": { "type": "LineString", "coordinates": [ [ 113.909688, 22.535155 ], [ 113.910268, 22.535164 ] ] } },
{ "type": "Feature", "properties": { "highway": "secondary", "name": "前海路" }, "geometry": { "type": "LineString", "coordinates": [ [ 113.910268, 22.535164 ], [ 113.91028, 22.534762 ] ] } },
{ "type": "Feature", "properties": { "highway": "secondary", "name": "南新路" }, "geometry": { "type": "LineString", "coordinates": [ [ 113.914248, 22.535465 ], [ 113.914183, 22.53514 ], [ 113.913603, 22.531393 ], [ 113.91361, 22.531194 ] ] } },
{ "type": "Feature", "properties": { "highway": "primary", "name": "桂湾四路" }, "geometry": { "type": "LineString", "coordinates": [ [ 113.896624, 22.534936 ], [ 113.896782, 22.534939 ] ] } },
{ "type": "Feature", "properties": { "highway": "primary", "name": "梦海大道" }, "geometry": { "type": "LineString", "coordinates": [ [ 113.896791, 22.534552 ], [ 113.896782, 22.534939 ] ] } },
{ "type": "Feature", "properties": { "highway": "tertiary", "name": "高新中三道" }, "geometry": { "type": "LineString", "coordinates": [ [ 113.930856, 22.54699 ], [ 113.931188, 22.546997 ] ] } },
{ "type": "Feature", "properties": { "highway": "tertiary", "name": "科技中一路" }, "geometry": { "type": "LineString", "coordinates": [ [ 113.930886, 22.547824 ], [ 113.93084, 22.547549 ], [ 113.930856, 22.54699 ] ] } },
{ "type": "Feature", "properties": { "highway": "secondary", "name": "高新中四道" }, "geometry": { "type": "LineString", "coordinates": [ [ 113.930874, 22.54579 ], [ 113.927406, 22.545764 ] ] } },
{ "type": "Feature", "properties": { "highway": "tertiary", "name": "科技中一路" }, "geometry": { "type": "LineString", "coordinates": [ [ 113.930856, 22.54699 ], [ 113.930874, 22.54579 ] ] } },
{ "type": "Feature", "properties": { "highway": "primary", "name": "桂湾四路" }, "geometry": { "type": "LineString", "coordinates": [ [ 113.893291, 22.535017 ], [ 113.892772, 22.535012 ] ] } },
{ "type": "Feature", "properties": { "highway": "secondary", "name": "听海大道" }, "geometry": { "type": "LineString", "coordinates": [ [ 113.892898, 22.535012 ], [ 113.892993, 22.535357 ] ] } },
{ "type": "Feature", "properties": { "highway": "primary", "name": "龙珠大道" }, "geometry": { "type": "LineString", "coordinates": [ [ 113.929544, 22.571595 ], [ 113.929032, 22.571604 ] ] } },
{ "type": "Feature", "properties": { "highway": "secondary", "name": "广盛路" }, "geometry": { "type": "LineString", "coordinates": [ [ 113.90268, 22.590637 ], [ 113.904581, 22.592208 ], [ 113.904843, 22.592497 ], [ 113.905054, 22.592818 ] ] } },
{ "type": "Feature", "properties": { "highway": "primary", "name": null }, "geometry": { "type": "LineString", "coordinates": [ [ 113.895938, 22.552291 ], [ 113.896087, 22.552053 ], [ 113.896216, 22.551886 ] ] } },
{ "type": "Feature", "properties": { "highway": "trunk", "name": "北环大道" }, "geometry": { "type": "LineString", "coordinates": [ [ 113.910566, 22.55251 ], [ 113.910346, 22.552409 ] ] } },
{ "type": "Feature", "properties": { "highway": "secondary", "name": "海秀路" }, "geometry": { "type": "LineString", "coordinates": [ [ 113.880617, 22.552735 ], [ 113.880509, 22.552745 ] ] } },
{ "type": "Feature", "properties": { "highway": "secondary", "name": "海秀路" }, "geometry": { "type": "LineString", "coordinates": [ [ 113.876908, 22.552865 ], [ 113.876789, 22.552865 ] ] } },
{ "type": "Feature", "properties": { "highway": "secondary", "name": "海秀路" }, "geometry": { "type": "LineString", "coordinates": [ [ 113.876784, 22.552758 ], [ 113.876903, 22.552758 ] ] } },
{ "type": "Feature", "properties": { "highway": "secondary", "name": "腾港路" }, "geometry": { "type": "LineString", "coordinates": [ [ 113.854798, 22.554234 ], [ 113.854823, 22.554719 ], [ 113.854811, 22.554956 ], [ 113.854786, 22.555076 ], [ 113.854546, 22.555827 ] ] } },
{ "type": "Feature", "properties": { "highway": "motorway_link", "name": null }, "geometry": { "type": "LineString", "coordinates": [ [ 113.854798, 22.554234 ], [ 113.854643, 22.554977 ], [ 113.854426, 22.555695 ] ] } },
{ "type": "Feature", "properties": { "highway": "trunk_link", "name": null }, "geometry": { "type": "LineString", "coordinates": [ [ 113.859261, 22.540683 ], [ 113.859352, 22.539939 ], [ 113.859535, 22.539297 ] ] } },
{ "type": "Feature", "properties": { "highway": "trunk_link", "name": null }, "geometry": { "type": "LineString", "coordinates": [ [ 113.860106, 22.539146 ], [ 113.859926, 22.539684 ], [ 113.85986, 22.539834 ], [ 113.859529, 22.540372 ] ] } },
{ "type": "Feature", "properties": { "highway": "primary", "name": "沙河西路" }, "geometry": { "type": "LineString", "coordinates": [ [ 113.932593, 22.606598 ], [ 113.932564, 22.607022 ], [ 113.932576, 22.607509 ], [ 113.932604, 22.607769 ], [ 113.932661, 22.608008 ] ] } },
{ "type": "Feature", "properties": { "highway": "secondary", "name": "金湾大道" }, "geometry": { "type": "LineString", "coordinates": [ [ 113.853998, 22.556207 ], [ 113.854146, 22.55572 ] ] } },
{ "type": "Feature", "properties": { "highway": "secondary", "name": "金湾大道" }, "geometry": { "type": "LineString", "coordinates": [ [ 113.854546, 22.555827 ], [ 113.854306, 22.556557 ] ] } },
{ "type": "Feature", "properties": { "highway": "tertiary", "name": null }, "geometry": { "type": "LineString", "coordinates": [ [ 113.866612, 22.529926 ], [ 113.865932, 22.532057 ], [ 113.865879, 22.532312 ], [ 113.865775, 22.532661 ] ] } },
{ "type": "Feature", "properties": { "highway": "tertiary", "name": "明湾路" }, "geometry": { "type": "LineString", "coordinates": [ [ 113.86155, 22.546348 ], [ 113.860374, 22.546031 ] ] } },
{ "type": "Feature", "properties": { "highway": "motorway", "name": "南光高速" }, "geometry": { "type": "LineString", "coordinates": [ [ 113.927476, 22.603174 ], [ 113.927609, 22.604258 ] ] } },
{ "type": "Feature", "properties": { "highway": "motorway", "name": "南光高速" }, "geometry": { "type": "LineString", "coordinates": [ [ 113.9275, 22.605617 ], [ 113.927468, 22.604695 ], [ 113.927393, 22.603949 ], [ 113.92729, 22.603208 ], [ 113.926218, 22.596427 ], [ 113.926171, 22.596041 ] ] } },
{ "type": "Feature", "properties": { "highway": "tertiary", "name": "甲岸路" }, "geometry": { "type": "LineString", "coordinates": [ [ 113.898176, 22.561686 ], [ 113.897247, 22.560525 ], [ 113.89722, 22.560371 ], [ 113.897244, 22.560268 ], [ 113.895459, 22.558714 ] ] } },
{ "type": "Feature", "properties": { "highway": "secondary", "name": null }, "geometry": { "type": "LineString", "coordinates": [ [ 113.891273, 22.555028 ], [ 113.891291, 22.555062 ], [ 113.891271, 22.555105 ], [ 113.891222, 22.555114 ], [ 113.891193, 22.555097 ] ] } },
{ "type": "Feature", "properties": { "highway": "secondary", "name": null }, "geometry": { "type": "LineString", "coordinates": [ [ 113.890934, 22.545423 ], [ 113.89097, 22.545405 ], [ 113.891012, 22.545412 ], [ 113.89104, 22.545441 ], [ 113.89104, 22.545485 ] ] } },
{ "type": "Feature", "properties": { "highway": "primary_link", "name": null }, "geometry": { "type": "LineString", "coordinates": [ [ 113.869649, 22.56371 ], [ 113.869584, 22.563739 ], [ 113.869532, 22.563726 ], [ 113.8695, 22.563687 ], [ 113.869512, 22.563613 ] ] } },
{ "type": "Feature", "properties": { "highway": "primary_link", "name": null }, "geometry": { "type": "LineString", "coordinates": [ [ 113.89659, 22.574734 ], [ 113.896546, 22.574751 ], [ 113.896503, 22.574742 ], [ 113.896477, 22.57471 ], [ 113.89648, 22.574647 ] ] } },
{ "type": "Feature", "properties": { "highway": "primary_link", "name": null }, "geometry": { "type": "LineString", "coordinates": [ [ 113.900036, 22.571295 ], [ 113.899981, 22.571313 ], [ 113.899943, 22.571294 ], [ 113.899925, 22.571258 ], [ 113.899935, 22.571223 ] ] } },
{ "type": "Feature", "properties": { "highway": "primary_link", "name": null }, "geometry": { "type": "LineString", "coordinates": [ [ 113.911463, 22.559628 ], [ 113.911507, 22.559619 ], [ 113.911547, 22.559637 ], [ 113.911566, 22.559672 ], [ 113.911549, 22.559724 ] ] } },
{ "type": "Feature", "properties": { "highway": "primary_link", "name": null }, "geometry": { "type": "LineString", "coordinates": [ [ 113.911717, 22.559619 ], [ 113.911663, 22.559625 ], [ 113.911625, 22.559602 ], [ 113.911612, 22.559543 ], [ 113.91164, 22.559508 ] ] } },
{ "type": "Feature", "properties": { "highway": "primary_link", "name": null }, "geometry": { "type": "LineString", "coordinates": [ [ 113.862268, 22.569282 ], [ 113.862343, 22.569274 ], [ 113.862384, 22.569307 ], [ 113.862394, 22.569357 ], [ 113.86237, 22.569397 ] ] } },
{ "type": "Feature", "properties": { "highway": "primary_link", "name": null }, "geometry": { "type": "LineString", "coordinates": [ [ 113.857301, 22.573199 ], [ 113.857242, 22.573217 ], [ 113.857202, 22.5732 ], [ 113.857181, 22.573162 ], [ 113.857205, 22.573103 ] ] } },
{ "type": "Feature", "properties": { "highway": "trunk_link", "name": null }, "geometry": { "type": "LineString", "coordinates": [ [ 113.87622, 22.57125 ], [ 113.87614, 22.571285 ], [ 113.87605, 22.57126 ], [ 113.876008, 22.571181 ], [ 113.876042, 22.571095 ] ] } },
{ "type": "Feature", "properties": { "highway": "trunk_link", "name": null }, "geometry": { "type": "LineString", "coordinates": [ [ 113.877236, 22.570467 ], [ 113.876977, 22.570545 ] ] } },
{ "type": "Feature", "properties": { "highway": "tertiary", "name": "玉兰路" }, "geometry": { "type": "LineString", "coordinates": [ [ 113.873724, 22.568299 ], [ 113.873672, 22.568294 ], [ 113.873582, 22.568255 ], [ 113.872082, 22.566935 ] ] } },
{ "type": "Feature", "properties": { "highway": "secondary", "name": null }, "geometry": { "type": "LineString", "coordinates": [ [ 113.926883, 22.53551 ], [ 113.926838, 22.535511 ] ] } },
{ "type": "Feature", "properties": { "highway": "secondary", "name": null }, "geometry": { "type": "LineString", "coordinates": [ [ 113.927095, 22.535441 ], [ 113.927073, 22.535486 ] ] } },
{ "type": "Feature", "properties": { "highway": "secondary", "name": "桃园路" }, "geometry": { "type": "LineString", "coordinates": [ [ 113.92706, 22.535439 ], [ 113.927095, 22.535441 ] ] } },
{ "type": "Feature", "properties": { "highway": "secondary", "name": "桃园路" }, "geometry": { "type": "LineString", "coordinates": [ [ 113.92682, 22.53543 ], [ 113.926861, 22.535432 ] ] } },
{ "type": "Feature", "properties": { "highway": "secondary", "name": "上川一路" }, "geometry": { "type": "LineString", "coordinates": [ [ 113.882637, 22.571231 ], [ 113.88255, 22.571219 ], [ 113.882244, 22.570954 ], [ 113.881561, 22.570363 ], [ 113.881523, 22.570267 ] ] } },
{ "type": "Feature", "properties": { "highway": "secondary", "name": "上川一路" }, "geometry": { "type": "LineString", "coordinates": [ [ 113.881523, 22.570267 ], [ 113.881636, 22.570289 ], [ 113.882631, 22.57115 ], [ 113.882637, 22.571231 ] ] } },
{ "type": "Feature", "properties": { "highway": "secondary", "name": "上川一路" }, "geometry": { "type": "LineString", "coordinates": [ [ 113.879975, 22.568928 ], [ 113.881523, 22.570267 ] ] } },
{ "type": "Feature", "properties": { "highway": "primary_link", "name": null }, "geometry": { "type": "LineString", "coordinates": [ [ 113.877901, 22.591894 ], [ 113.877952, 22.591986 ], [ 113.877937, 22.59205 ], [ 113.877885, 22.592093 ], [ 113.87779, 22.592097 ] ] } },
{ "type": "Feature", "properties": { "highway": "tertiary", "name": "明湾路" }, "geometry": { "type": "LineString", "coordinates": [ [ 113.860421, 22.545877 ], [ 113.861602, 22.546181 ] ] } },
{ "type": "Feature", "properties": { "highway": "secondary", "name": "辅三路" }, "geometry": { "type": "LineString", "coordinates": [ [ 113.855732, 22.556147 ], [ 113.854823, 22.555901 ] ] } },
{ "type": "Feature", "properties": { "highway": "secondary", "name": "辅三路" }, "geometry": { "type": "LineString", "coordinates": [ [ 113.854861, 22.555786 ], [ 113.85577, 22.55603 ] ] } },
{ "type": "Feature", "properties": { "highway": "motorway_link", "name": null }, "geometry": { "type": "LineString", "coordinates": [ [ 113.856755, 22.562045 ], [ 113.856366, 22.562255 ], [ 113.855886, 22.562646 ], [ 113.855544, 22.563008 ], [ 113.855042, 22.56343 ], [ 113.85478, 22.563695 ], [ 113.854444, 22.563961 ] ] } },
{ "type": "Feature", "properties": { "highway": "motorway_link", "name": null }, "geometry": { "type": "LineString", "coordinates": [ [ 113.854444, 22.563961 ], [ 113.853933, 22.564194 ] ] } },
{ "type": "Feature", "properties": { "highway": "secondary", "name": null }, "geometry": { "type": "LineString", "coordinates": [ [ 113.928761, 22.542522 ], [ 113.929305, 22.542443 ], [ 113.930366, 22.542366 ] ] } },
{ "type": "Feature", "properties": { "highway": "primary", "name": "深南大道" }, "geometry": { "type": "LineString", "coordinates": [ [ 113.928761, 22.542522 ], [ 113.92996, 22.542473 ] ] } },
{ "type": "Feature", "properties": { "highway": "secondary", "name": "高新中四道" }, "geometry": { "type": "LineString", "coordinates": [ [ 113.933592, 22.545526 ], [ 113.932018, 22.545526 ], [ 113.931751, 22.545552 ], [ 113.931369, 22.545628 ], [ 113.931003, 22.545766 ], [ 113.930874, 22.54579 ] ] } },
{ "type": "Feature", "properties": { "highway": "tertiary", "name": "高新中一道" }, "geometry": { "type": "LineString", "coordinates": [ [ 113.92922, 22.552546 ], [ 113.934494, 22.552633 ] ] } },
{ "type": "Feature", "properties": { "highway": "primary", "name": "前海路" }, "geometry": { "type": "LineString", "coordinates": [ [ 113.909494, 22.546715 ], [ 113.909615, 22.5456 ], [ 113.909679, 22.544816 ] ] } },
{ "type": "Feature", "properties": { "highway": "primary", "name": "前海路" }, "geometry": { "type": "LineString", "coordinates": [ [ 113.909493, 22.547826 ], [ 113.909454, 22.548094 ], [ 113.909288, 22.548904 ], [ 113.909143, 22.549322 ], [ 113.908976, 22.549719 ] ] } },
{ "type": "Feature", "properties": { "highway": "secondary", "name": "前海路" }, "geometry": { "type": "LineString", "coordinates": [ [ 113.910422, 22.535312 ], [ 113.910407, 22.535713 ] ] } },
{ "type": "Feature", "properties": { "highway": "secondary", "name": "桃园路" }, "geometry": { "type": "LineString", "coordinates": [ [ 113.910963, 22.53535 ], [ 113.910267, 22.535306 ] ] } },
{ "type": "Feature", "properties": { "highway": "secondary", "name": "桃园路" }, "geometry": { "type": "LineString", "coordinates": [ [ 113.914794, 22.535589 ], [ 113.914372, 22.535585 ], [ 113.913957, 22.535559 ] ] } },
{ "type": "Feature", "properties": { "highway": "secondary", "name": "南新路" }, "geometry": { "type": "LineString", "coordinates": [ [ 113.914331, 22.535975 ], [ 113.914248, 22.535465 ] ] } },
{ "type": "Feature", "properties": { "highway": "secondary", "name": "南新路" }, "geometry": { "type": "LineString", "coordinates": [ [ 113.914343, 22.535468 ], [ 113.914372, 22.535585 ] ] } },
{ "type": "Feature", "properties": { "highway": "secondary", "name": "桃园路" }, "geometry": { "type": "LineString", "coordinates": [ [ 113.914248, 22.535465 ], [ 113.914343, 22.535468 ] ] } },
{ "type": "Feature", "properties": { "highway": "secondary", "name": "桃园路" }, "geometry": { "type": "LineString", "coordinates": [ [ 113.910268, 22.535164 ], [ 113.911004, 22.535232 ] ] } },
{ "type": "Feature", "properties": { "highway": "secondary", "name": "前海路" }, "geometry": { "type": "LineString", "coordinates": [ [ 113.910267, 22.535306 ], [ 113.910268, 22.535164 ] ] } },
{ "type": "Feature", "properties": { "highway": "primary", "name": "深南大道" }, "geometry": { "type": "LineString", "coordinates": [ [ 113.908835, 22.544806 ], [ 113.908785, 22.544805 ] ] } },
{ "type": "Feature", "properties": { "highway": "primary_link", "name": null }, "geometry": { "type": "LineString", "coordinates": [ [ 113.909396, 22.546174 ], [ 113.909417, 22.54594 ] ] } },
{ "type": "Feature", "properties": { "highway": "primary", "name": "广深公路辅路" }, "geometry": { "type": "LineString", "coordinates": [ [ 113.863399, 22.601265 ], [ 113.86268, 22.602422 ] ] } },
{ "type": "Feature", "properties": { "highway": "trunk", "name": "广深公路" }, "geometry": { "type": "LineString", "coordinates": [ [ 113.863519, 22.600789 ], [ 113.860987, 22.604618 ], [ 113.860443, 22.605304 ], [ 113.859972, 22.605815 ], [ 113.85857, 22.607178 ], [ 113.85776, 22.607992 ], [ 113.857144, 22.608688 ], [ 113.856569, 22.60941 ], [ 113.856114, 22.610097 ] ] } },
{ "type": "Feature", "properties": { "highway": "trunk", "name": "广深公路" }, "geometry": { "type": "LineString", "coordinates": [ [ 113.88291, 22.576605 ], [ 113.881943, 22.577487 ] ] } },
{ "type": "Feature", "properties": { "highway": "primary", "name": "广深公路辅路" }, "geometry": { "type": "LineString", "coordinates": [ [ 113.882618, 22.57705 ], [ 113.881469, 22.578128 ], [ 113.879487, 22.580098 ] ] } },
{ "type": "Feature", "properties": { "highway": "tertiary", "name": "科技北一路" }, "geometry": { "type": "LineString", "coordinates": [ [ 113.931828, 22.555682 ], [ 113.931746, 22.559729 ] ] } },
{ "type": "Feature", "properties": { "highway": "secondary", "name": "朗山路" }, "geometry": { "type": "LineString", "coordinates": [ [ 113.931746, 22.559729 ], [ 113.934288, 22.559769 ] ] } },
{ "type": "Feature", "properties": { "highway": "tertiary", "name": "科技北一路" }, "geometry": { "type": "LineString", "coordinates": [ [ 113.931697, 22.562185 ], [ 113.931667, 22.563894 ] ] } },
{ "type": "Feature", "properties": { "highway": "secondary", "name": "庄边路" }, "geometry": { "type": "LineString", "coordinates": [ [ 113.87569, 22.586137 ], [ 113.875908, 22.586317 ] ] } },
{ "type": "Feature", "properties": { "highway": "tertiary", "name": "宝民二路" }, "geometry": { "type": "LineString", "coordinates": [ [ 113.8759, 22.585922 ], [ 113.87569, 22.586137 ] ] } },
{ "type": "Feature", "properties": { "highway": "secondary", "name": "建安一路" }, "geometry": { "type": "LineString", "coordinates": [ [ 113.896692, 22.569333 ], [ 113.896454, 22.569567 ] ] } },
{ "type": "Feature", "properties": { "highway": "primary", "name": "创业二路" }, "geometry": { "type": "LineString", "coordinates": [ [ 113.896454, 22.569567 ], [ 113.89669, 22.569768 ] ] } },
{ "type": "Feature", "properties": { "highway": "primary", "name": "创业二路" }, "geometry": { "type": "LineString", "coordinates": [ [ 113.894499, 22.567894 ], [ 113.895821, 22.569036 ] ] } },
{ "type": "Feature", "properties": { "highway": "trunk", "name": "广深公路" }, "geometry": { "type": "LineString", "coordinates": [ [ 113.894917, 22.564703 ], [ 113.894316, 22.565374 ] ] } },
{ "type": "Feature", "properties": { "highway": "primary", "name": "新安六路" }, "geometry": { "type": "LineString", "coordinates": [ [ 113.865693, 22.562698 ], [ 113.865194, 22.562172 ] ] } },
{ "type": "Feature", "properties": { "highway": "secondary", "name": "兴业路" }, "geometry": { "type": "LineString", "coordinates": [ [ 113.863784, 22.562724 ], [ 113.864039, 22.562735 ] ] } },
{ "type": "Feature", "properties": { "highway": "primary", "name": "西乡大道" }, "geometry": { "type": "LineString", "coordinates": [ [ 113.87163, 22.587401 ], [ 113.870069, 22.586229 ] ] } },
{ "type": "Feature", "properties": { "highway": "trunk", "name": "广深公路" }, "geometry": { "type": "LineString", "coordinates": [ [ 113.872398, 22.587449 ], [ 113.871961, 22.587961 ] ] } },
{ "type": "Feature", "properties": { "highway": "primary", "name": "广深公路辅路" }, "geometry": { "type": "LineString", "coordinates": [ [ 113.891906, 22.568223 ], [ 113.890079, 22.570145 ] ] } },
{ "type": "Feature", "properties": { "highway": "trunk", "name": "广深公路" }, "geometry": { "type": "LineString", "coordinates": [ [ 113.894316, 22.565374 ], [ 113.891063, 22.568963 ], [ 113.890458, 22.569571 ] ] } },
{ "type": "Feature", "properties": { "highway": "primary", "name": "北环大道辅路" }, "geometry": { "type": "LineString", "coordinates": [ [ 113.921607, 22.55592 ], [ 113.918991, 22.556061 ] ] } },
{ "type": "Feature", "properties": { "highway": "trunk", "name": "北环大道" }, "geometry": { "type": "LineString", "coordinates": [ [ 113.932143, 22.555366 ], [ 113.930807, 22.55528 ], [ 113.930213, 22.555263 ], [ 113.929707, 22.555256 ], [ 113.928108, 22.55529 ], [ 113.922511, 22.555579 ] ] } },
{ "type": "Feature", "properties": { "highway": "trunk_link", "name": null }, "geometry": { "type": "LineString", "coordinates": [ [ 113.891906, 22.568223 ], [ 113.89175, 22.568306 ] ] } },
{ "type": "Feature", "properties": { "highway": "trunk", "name": "广深公路" }, "geometry": { "type": "LineString", "coordinates": [ [ 113.868593, 22.592611 ], [ 113.867586, 22.594476 ], [ 113.866784, 22.595789 ], [ 113.864593, 22.599114 ], [ 113.863519, 22.600789 ] ] } },
{ "type": "Feature", "properties": { "highway": "primary", "name": "创业二路" }, "geometry": { "type": "LineString", "coordinates": [ [ 113.895744, 22.569117 ], [ 113.894516, 22.568083 ] ] } },
{ "type": "Feature", "properties": { "highway": "primary", "name": "创业二路" }, "geometry": { "type": "LineString", "coordinates": [ [ 113.901072, 22.573694 ], [ 113.899237, 22.572088 ] ] } },
{ "type": "Feature", "properties": { "highway": "primary", "name": "前进一路" }, "geometry": { "type": "LineString", "coordinates": [ [ 113.899337, 22.571986 ], [ 113.899237, 22.572088 ] ] } },
{ "type": "Feature", "properties": { "highway": "secondary", "name": "南山大道" }, "geometry": { "type": "LineString", "coordinates": [ [ 113.91919, 22.559323 ], [ 113.919227, 22.559497 ] ] } },
{ "type": "Feature", "properties": { "highway": "primary", "name": "同乐路" }, "geometry": { "type": "LineString", "coordinates": [ [ 113.925565, 22.576765 ], [ 113.925382, 22.577339 ], [ 113.925307, 22.577673 ], [ 113.925269, 22.578018 ], [ 113.925231, 22.578858 ] ] } },
{ "type": "Feature", "properties": { "highway": "primary", "name": "南海大道" }, "geometry": { "type": "LineString", "coordinates": [ [ 113.929155, 22.563118 ], [ 113.929151, 22.563836 ], [ 113.929118, 22.564789 ] ] } },
{ "type": "Feature", "properties": { "highway": "secondary", "name": "南海大道辅路" }, "geometry": { "type": "LineString", "coordinates": [ [ 113.929306, 22.559691 ], [ 113.929306, 22.559764 ] ] } },
{ "type": "Feature", "properties": { "highway": "primary_link", "name": null }, "geometry": { "type": "LineString", "coordinates": [ [ 113.881526, 22.57692 ], [ 113.881594, 22.576995 ], [ 113.881608, 22.577046 ], [ 113.881579, 22.577145 ], [ 113.881539, 22.577182 ], [ 113.881446, 22.577211 ], [ 113.8814, 22.577204 ], [ 113.881297, 22.577144 ] ] } },
{ "type": "Feature", "properties": { "highway": "secondary", "name": "建安二路" }, "geometry": { "type": "LineString", "coordinates": [ [ 113.885438, 22.580543 ], [ 113.885144, 22.580769 ], [ 113.885058, 22.580788 ] ] } },
{ "type": "Feature", "properties": { "highway": "secondary", "name": "建安二路" }, "geometry": { "type": "LineString", "coordinates": [ [ 113.885058, 22.580788 ], [ 113.88509, 22.580717 ], [ 113.885426, 22.580444 ] ] } },
{ "type": "Feature", "properties": { "highway": "primary_link", "name": null }, "geometry": { "type": "LineString", "coordinates": [ [ 113.887882, 22.583224 ], [ 113.887961, 22.583005 ], [ 113.887961, 22.582861 ], [ 113.887898, 22.582711 ], [ 113.887792, 22.582573 ] ] } },
{ "type": "Feature", "properties": { "highway": "primary_link", "name": null }, "geometry": { "type": "LineString", "coordinates": [ [ 113.888726, 22.58262 ], [ 113.888639, 22.582751 ], [ 113.8886, 22.582901 ], [ 113.888614, 22.583054 ], [ 113.88868, 22.583196 ], [ 113.88878, 22.583289 ] ] } },
{ "type": "Feature", "properties": { "highway": "primary_link", "name": null }, "geometry": { "type": "LineString", "coordinates": [ [ 113.888722, 22.583339 ], [ 113.888582, 22.583257 ], [ 113.888345, 22.583218 ], [ 113.888172, 22.583244 ], [ 113.888099, 22.583279 ], [ 113.887971, 22.583375 ] ] } },
{ "type": "Feature", "properties": { "highway": "primary_link", "name": null }, "geometry": { "type": "LineString", "coordinates": [ [ 113.887839, 22.582525 ], [ 113.888073, 22.582642 ], [ 113.888179, 22.58266 ], [ 113.888322, 22.582664 ], [ 113.888501, 22.582617 ] ] } },
{ "type": "Feature", "properties": { "highway": "primary_link", "name": null }, "geometry": { "type": "LineString", "coordinates": [ [ 113.924983, 22.543121 ], [ 113.924782, 22.543108 ] ] } },
{ "type": "Feature", "properties": { "highway": "primary", "name": "南海大道" }, "geometry": { "type": "LineString", "coordinates": [ [ 113.927329, 22.546348 ], [ 113.927135, 22.545894 ] ] } },
{ "type": "Feature", "properties": { "highway": "primary", "name": "新安四路" }, "geometry": { "type": "LineString", "coordinates": [ [ 113.885438, 22.580543 ], [ 113.885419, 22.580526 ] ] } },
{ "type": "Feature", "properties": { "highway": "secondary", "name": "建安二路" }, "geometry": { "type": "LineString", "coordinates": [ [ 113.885491, 22.580499 ], [ 113.885438, 22.580543 ] ] } },
{ "type": "Feature", "properties": { "highway": "primary", "name": "西乡大道" }, "geometry": { "type": "LineString", "coordinates": [ [ 113.86355, 22.580873 ], [ 113.862925, 22.580221 ] ] } },
{ "type": "Feature", "properties": { "highway": "trunk", "name": "宝安大道" }, "geometry": { "type": "LineString", "coordinates": [ [ 113.868352, 22.576825 ], [ 113.867648, 22.577292 ], [ 113.866453, 22.57821 ], [ 113.865548, 22.578957 ], [ 113.864971, 22.579465 ], [ 113.864229, 22.580224 ] ] } },
{ "type": "Feature", "properties": { "highway": "trunk", "name": "宝安大道" }, "geometry": { "type": "LineString", "coordinates": [ [ 113.87488, 22.572362 ], [ 113.871965, 22.57435 ] ] } },
{ "type": "Feature", "properties": { "highway": "trunk", "name": "宝安大道" }, "geometry": { "type": "LineString", "coordinates": [ [ 113.87622, 22.57125 ], [ 113.875982, 22.571472 ], [ 113.87488, 22.572362 ] ] } },
{ "type": "Feature", "properties": { "highway": "primary", "name": null }, "geometry": { "type": "LineString", "coordinates": [ [ 113.883214, 22.564697 ], [ 113.883146, 22.564894 ], [ 113.883039, 22.565116 ], [ 113.882934, 22.565257 ] ] } },
{ "type": "Feature", "properties": { "highway": "trunk", "name": "宝安大道" }, "geometry": { "type": "LineString", "coordinates": [ [ 113.883274, 22.564643 ], [ 113.883214, 22.564697 ] ] } },
{ "type": "Feature", "properties": { "highway": "trunk", "name": "宝安大道" }, "geometry": { "type": "LineString", "coordinates": [ [ 113.90054, 22.548428 ], [ 113.900017, 22.549004 ], [ 113.899729, 22.549296 ] ] } },
{ "type": "Feature", "properties": { "highway": "trunk", "name": "北环大道" }, "geometry": { "type": "LineString", "coordinates": [ [ 113.906, 22.549869 ], [ 113.905752, 22.549621 ], [ 113.905431, 22.549233 ] ] } },
{ "type": "Feature", "properties": { "highway": "motorway_link", "name": null }, "geometry": { "type": "LineString", "coordinates": [ [ 113.925544, 22.567113 ], [ 113.924912, 22.567383 ], [ 113.924412, 22.567654 ], [ 113.923457, 22.5681 ] ] } },
{ "type": "Feature", "properties": { "highway": "trunk", "name": "宝安大道" }, "geometry": { "type": "LineString", "coordinates": [ [ 113.858321, 22.585151 ], [ 113.857177, 22.585525 ], [ 113.855906, 22.586343 ], [ 113.855357, 22.58672 ], [ 113.853259, 22.588098 ], [ 113.852361, 22.589085 ], [ 113.852196, 22.589297 ], [ 113.851816, 22.589697 ], [ 113.85046, 22.590845 ], [ 113.849917, 22.591357 ], [ 113.848975, 22.59233 ], [ 113.848519, 22.592843 ], [ 113.84799, 22.593479 ] ] } },
{ "type": "Feature", "properties": { "highway": "trunk", "name": "宝安大道" }, "geometry": { "type": "LineString", "coordinates": [ [ 113.862679, 22.581708 ], [ 113.861198, 22.583068 ], [ 113.860577, 22.583586 ], [ 113.859687, 22.58426 ], [ 113.858371, 22.585134 ], [ 113.858321, 22.585151 ] ] } },
{ "type": "Feature", "properties": { "highway": "tertiary", "name": "金海路" }, "geometry": { "type": "LineString", "coordinates": [ [ 113.858411, 22.585244 ], [ 113.858321, 22.585151 ] ] } },
{ "type": "Feature", "properties": { "highway": "trunk", "name": "宝安大道" }, "geometry": { "type": "LineString", "coordinates": [ [ 113.863111, 22.581312 ], [ 113.862679, 22.581708 ] ] } },
{ "type": "Feature", "properties": { "highway": "trunk", "name": "宝安大道" }, "geometry": { "type": "LineString", "coordinates": [ [ 113.86355, 22.580873 ], [ 113.863111, 22.581312 ] ] } },
{ "type": "Feature", "properties": { "highway": "primary", "name": "西乡大道" }, "geometry": { "type": "LineString", "coordinates": [ [ 113.863962, 22.581296 ], [ 113.86355, 22.580873 ] ] } },
{ "type": "Feature", "properties": { "highway": "motorway", "name": "京港澳高速" }, "geometry": { "type": "LineString", "coordinates": [ [ 113.902208, 22.590202 ], [ 113.900139, 22.592371 ], [ 113.898955, 22.593503 ], [ 113.897822, 22.59452 ], [ 113.895189, 22.596658 ] ] } },
{ "type": "Feature", "properties": { "highway": "motorway_link", "name": null }, "geometry": { "type": "LineString", "coordinates": [ [ 113.930917, 22.566042 ], [ 113.930795, 22.565883 ], [ 113.930703, 22.565815 ], [ 113.930589, 22.565759 ], [ 113.930321, 22.565676 ], [ 113.930161, 22.565653 ], [ 113.929969, 22.565663 ], [ 113.929726, 22.565696 ], [ 113.929005, 22.565845 ], [ 113.928568, 22.565953 ], [ 113.928091, 22.566083 ], [ 113.927559, 22.566259 ] ] } },
{ "type": "Feature", "properties": { "highway": "primary", "name": "南海大道" }, "geometry": { "type": "LineString", "coordinates": [ [ 113.928764, 22.555958 ], [ 113.929025, 22.557989 ] ] } },
{ "type": "Feature", "properties": { "highway": "primary", "name": "深南大道" }, "geometry": { "type": "LineString", "coordinates": [ [ 113.910215, 22.544823 ], [ 113.909839, 22.544818 ] ] } },
{ "type": "Feature", "properties": { "highway": "primary", "name": "前海路" }, "geometry": { "type": "LineString", "coordinates": [ [ 113.909839, 22.544818 ], [ 113.90981, 22.545177 ] ] } },
{ "type": "Feature", "properties": { "highway": "tertiary", "name": "宝民二路" }, "geometry": { "type": "LineString", "coordinates": [ [ 113.873606, 22.588526 ], [ 113.873627, 22.588572 ] ] } },
{ "type": "Feature", "properties": { "highway": "tertiary", "name": "西乡大道辅路" }, "geometry": { "type": "LineString", "coordinates": [ [ 113.891254, 22.593353 ], [ 113.891944, 22.593398 ] ] } },
{ "type": "Feature", "properties": { "highway": "secondary", "name": "公园路" }, "geometry": { "type": "LineString", "coordinates": [ [ 113.892697, 22.590371 ], [ 113.891958, 22.593289 ], [ 113.891944, 22.593398 ] ] } },
{ "type": "Feature", "properties": { "highway": "secondary", "name": "尖岗山大道" }, "geometry": { "type": "LineString", "coordinates": [ [ 113.895663, 22.599394 ], [ 113.895583, 22.599828 ], [ 113.895522, 22.600028 ], [ 113.895434, 22.60022 ], [ 113.895321, 22.6004 ], [ 113.895184, 22.600565 ], [ 113.895026, 22.600713 ], [ 113.894849, 22.600841 ], [ 113.894656, 22.600948 ], [ 113.89445, 22.601031 ], [ 113.894234, 22.60109 ], [ 113.894012, 22.601123 ], [ 113.892603, 22.601231 ] ] } },
{ "type": "Feature", "properties": { "highway": "secondary", "name": "尖岗山大道" }, "geometry": { "type": "LineString", "coordinates": [ [ 113.892607, 22.601158 ], [ 113.894003, 22.601052 ], [ 113.894216, 22.60102 ], [ 113.894423, 22.600964 ], [ 113.89462, 22.600884 ], [ 113.894805, 22.600782 ], [ 113.894974, 22.600659 ], [ 113.895126, 22.600517 ], [ 113.895256, 22.600359 ], [ 113.895364, 22.600188 ], [ 113.895448, 22.600004 ], [ 113.895506, 22.599813 ], [ 113.895576, 22.599372 ] ] } },
{ "type": "Feature", "properties": { "highway": "secondary", "name": "尖岗山大道" }, "geometry": { "type": "LineString", "coordinates": [ [ 113.896131, 22.59824 ], [ 113.896372, 22.59802 ] ] } },
{ "type": "Feature", "properties": { "highway": "secondary", "name": "公园路" }, "geometry": { "type": "LineString", "coordinates": [ [ 113.896359, 22.59815 ], [ 113.89616, 22.597927 ] ] } },
{ "type": "Feature", "properties": { "highway": "secondary", "name": "公园路" }, "geometry": { "type": "LineString", "coordinates": [ [ 113.89616, 22.597927 ], [ 113.894839, 22.596435 ], [ 113.894361, 22.595983 ], [ 113.894111, 22.595801 ], [ 113.893868, 22.595668 ], [ 113.89358, 22.595558 ], [ 113.892769, 22.595291 ], [ 113.892419, 22.595115 ], [ 113.892249, 22.594985 ], [ 113.892086, 22.594823 ], [ 113.89193, 22.594608 ], [ 113.891844, 22.59442 ] ] } },
{ "type": "Feature", "properties": { "highway": "tertiary", "name": "西乡大道辅路" }, "geometry": { "type": "LineString", "coordinates": [ [ 113.891183, 22.593622 ], [ 113.890812, 22.593601 ] ] } },
{ "type": "Feature", "properties": { "highway": "primary", "name": "西乡大道" }, "geometry": { "type": "LineString", "coordinates": [ [ 113.872362, 22.58795 ], [ 113.87163, 22.587401 ] ] } },
{ "type": "Feature", "properties": { "highway": "trunk", "name": "广深公路" }, "geometry": { "type": "LineString", "coordinates": [ [ 113.871811, 22.587845 ], [ 113.872244, 22.587345 ] ] } },
{ "type": "Feature", "properties": { "highway": "primary", "name": "深南大道" }, "geometry": { "type": "LineString", "coordinates": [ [ 113.913596, 22.543856 ], [ 113.914331, 22.543609 ] ] } },
{ "type": "Feature", "properties": { "highway": "primary_link", "name": null }, "geometry": { "type": "LineString", "coordinates": [ [ 113.888845, 22.536697 ], [ 113.888908, 22.536831 ], [ 113.888965, 22.536882 ], [ 113.889115, 22.536923 ], [ 113.889471, 22.536923 ], [ 113.88956, 22.536909 ], [ 113.889637, 22.536879 ], [ 113.889691, 22.536823 ], [ 113.889721, 22.536765 ], [ 113.889737, 22.536692 ], [ 113.889818, 22.533351 ] ] } },
{ "type": "Feature", "properties": { "highway": "primary_link", "name": null }, "geometry": { "type": "LineString", "coordinates": [ [ 113.888731, 22.535084 ], [ 113.888764, 22.534979 ], [ 113.888833, 22.534905 ], [ 113.888918, 22.534865 ], [ 113.889006, 22.534846 ], [ 113.889571, 22.534844 ] ] } },
{ "type": "Feature", "properties": { "highway": "trunk", "name": "宝安大道" }, "geometry": { "type": "LineString", "coordinates": [ [ 113.86894, 22.576415 ], [ 113.868352, 22.576825 ] ] } },
{ "type": "Feature", "properties": { "highway": "trunk", "name": "宝安大道" }, "geometry": { "type": "LineString", "coordinates": [ [ 113.864229, 22.580224 ], [ 113.86355, 22.580873 ] ] } },
{ "type": "Feature", "properties": { "highway": "trunk", "name": "宝安大道" }, "geometry": { "type": "LineString", "coordinates": [ [ 113.864051, 22.580076 ], [ 113.864765, 22.579407 ], [ 113.865456, 22.578804 ], [ 113.867829, 22.576942 ], [ 113.868159, 22.576699 ] ] } },
{ "type": "Feature", "properties": { "highway": "trunk", "name": "宝安大道" }, "geometry": { "type": "LineString", "coordinates": [ [ 113.869421, 22.575804 ], [ 113.871454, 22.574471 ] ] } },
{ "type": "Feature", "properties": { "highway": "trunk", "name": "宝安大道" }, "geometry": { "type": "LineString", "coordinates": [ [ 113.868159, 22.576699 ], [ 113.869421, 22.575804 ] ] } },
{ "type": "Feature", "properties": { "highway": "trunk", "name": "宝安大道" }, "geometry": { "type": "LineString", "coordinates": [ [ 113.871852, 22.574211 ], [ 113.872591, 22.573725 ], [ 113.874033, 22.572729 ], [ 113.874721, 22.572199 ] ] } },
{ "type": "Feature", "properties": { "highway": "trunk", "name": "宝安大道" }, "geometry": { "type": "LineString", "coordinates": [ [ 113.874721, 22.572199 ], [ 113.876042, 22.571095 ] ] } },
{ "type": "Feature", "properties": { "highway": "primary", "name": "宝安大道辅路" }, "geometry": { "type": "LineString", "coordinates": [ [ 113.881792, 22.565913 ], [ 113.882821, 22.564921 ] ] } },
{ "type": "Feature", "properties": { "highway": "trunk", "name": "宝安大道" }, "geometry": { "type": "LineString", "coordinates": [ [ 113.882154, 22.565705 ], [ 113.882821, 22.565021 ], [ 113.883095, 22.564664 ], [ 113.88312, 22.564611 ] ] } },
{ "type": "Feature", "properties": { "highway": "primary", "name": "西乡大道" }, "geometry": { "type": "LineString", "coordinates": [ [ 113.859997, 22.577176 ], [ 113.859671, 22.576843 ] ] } },
{ "type": "Feature", "properties": { "highway": "secondary", "name": "新湖路" }, "geometry": { "type": "LineString", "coordinates": [ [ 113.859322, 22.577143 ], [ 113.857429, 22.578785 ] ] } },
{ "type": "Feature", "properties": { "highway": "tertiary", "name": "金海路" }, "geometry": { "type": "LineString", "coordinates": [ [ 113.854589, 22.581242 ], [ 113.854499, 22.581147 ] ] } },
{ "type": "Feature", "properties": { "highway": "secondary", "name": "新湖路" }, "geometry": { "type": "LineString", "coordinates": [ [ 113.854251, 22.581352 ], [ 113.854499, 22.581147 ] ] } },
{ "type": "Feature", "properties": { "highway": "tertiary", "name": "金海路" }, "geometry": { "type": "LineString", "coordinates": [ [ 113.854554, 22.581099 ], [ 113.854646, 22.581192 ] ] } },
{ "type": "Feature", "properties": { "highway": "tertiary", "name": "金海路" }, "geometry": { "type": "LineString", "coordinates": [ [ 113.85486, 22.581409 ], [ 113.85582, 22.582434 ], [ 113.858483, 22.585199 ] ] } },
{ "type": "Feature", "properties": { "highway": "secondary", "name": "新湖路" }, "geometry": { "type": "LineString", "coordinates": [ [ 113.854784, 22.580903 ], [ 113.857221, 22.578805 ] ] } },
{ "type": "Feature", "properties": { "highway": "tertiary", "name": "金海路" }, "geometry": { "type": "LineString", "coordinates": [ [ 113.854499, 22.581147 ], [ 113.854284, 22.580921 ] ] } },
{ "type": "Feature", "properties": { "highway": "secondary", "name": "新湖路" }, "geometry": { "type": "LineString", "coordinates": [ [ 113.854499, 22.581147 ], [ 113.854554, 22.581099 ] ] } },
{ "type": "Feature", "properties": { "highway": "tertiary", "name": "金海路" }, "geometry": { "type": "LineString", "coordinates": [ [ 113.854819, 22.581487 ], [ 113.854589, 22.581242 ] ] } },
{ "type": "Feature", "properties": { "highway": "secondary", "name": "新湖路" }, "geometry": { "type": "LineString", "coordinates": [ [ 113.854347, 22.581441 ], [ 113.852512, 22.582954 ], [ 113.852079, 22.583292 ], [ 113.851152, 22.583966 ] ] } },
{ "type": "Feature", "properties": { "highway": "secondary", "name": "新湖路" }, "geometry": { "type": "LineString", "coordinates": [ [ 113.854646, 22.581192 ], [ 113.854589, 22.581242 ] ] } },
{ "type": "Feature", "properties": { "highway": "tertiary", "name": "金海路" }, "geometry": { "type": "LineString", "coordinates": [ [ 113.854646, 22.581192 ], [ 113.85486, 22.581409 ] ] } },
{ "type": "Feature", "properties": { "highway": "secondary", "name": "新湖路" }, "geometry": { "type": "LineString", "coordinates": [ [ 113.854871, 22.580998 ], [ 113.854646, 22.581192 ] ] } },
{ "type": "Feature", "properties": { "highway": "tertiary", "name": "金海路" }, "geometry": { "type": "LineString", "coordinates": [ [ 113.851699, 22.578135 ], [ 113.854335, 22.580874 ] ] } },
{ "type": "Feature", "properties": { "highway": "secondary", "name": "南新路" }, "geometry": { "type": "LineString", "coordinates": [ [ 113.915382, 22.54289 ], [ 113.914706, 22.538928 ] ] } },
{ "type": "Feature", "properties": { "highway": "secondary", "name": "南新路" }, "geometry": { "type": "LineString", "coordinates": [ [ 113.915453, 22.543294 ], [ 113.915382, 22.54289 ] ] } },
{ "type": "Feature", "properties": { "highway": "primary", "name": "深南大道" }, "geometry": { "type": "LineString", "coordinates": [ [ 113.915453, 22.543294 ], [ 113.91557, 22.543271 ] ] } },
{ "type": "Feature", "properties": { "highway": "secondary", "name": "南新路" }, "geometry": { "type": "LineString", "coordinates": [ [ 113.91557, 22.543271 ], [ 113.91554, 22.543419 ] ] } },
{ "type": "Feature", "properties": { "highway": "primary", "name": "深南大道" }, "geometry": { "type": "LineString", "coordinates": [ [ 113.91557, 22.543271 ], [ 113.916047, 22.543192 ] ] } },
{ "type": "Feature", "properties": { "highway": "primary", "name": "深南大道" }, "geometry": { "type": "LineString", "coordinates": [ [ 113.914962, 22.54341 ], [ 113.915453, 22.543294 ] ] } },
{ "type": "Feature", "properties": { "highway": "primary", "name": "深南大道" }, "geometry": { "type": "LineString", "coordinates": [ [ 113.914687, 22.543497 ], [ 113.914962, 22.54341 ] ] } },
{ "type": "Feature", "properties": { "highway": "trunk_link", "name": null }, "geometry": { "type": "LineString", "coordinates": [ [ 113.88233, 22.565524 ], [ 113.882574, 22.565163 ] ] } },
{ "type": "Feature", "properties": { "highway": "trunk", "name": "宝安大道" }, "geometry": { "type": "LineString", "coordinates": [ [ 113.88312, 22.564611 ], [ 113.883162, 22.564525 ] ] } },
{ "type": "Feature", "properties": { "highway": "secondary", "name": "裕安一路" }, "geometry": { "type": "LineString", "coordinates": [ [ 113.882889, 22.564255 ], [ 113.882651, 22.56403 ], [ 113.879019, 22.560886 ] ] } },
{ "type": "Feature", "properties": { "highway": "trunk", "name": "宝安大道" }, "geometry": { "type": "LineString", "coordinates": [ [ 113.883337, 22.564583 ], [ 113.883274, 22.564643 ] ] } },
{ "type": "Feature", "properties": { "highway": "secondary", "name": "裕安一路" }, "geometry": { "type": "LineString", "coordinates": [ [ 113.883337, 22.564583 ], [ 113.883668, 22.564892 ], [ 113.883819, 22.564984 ], [ 113.883998, 22.565047 ], [ 113.884176, 22.565135 ], [ 113.886323, 22.566991 ], [ 113.887078, 22.567662 ], [ 113.889679, 22.569901 ] ] } },
{ "type": "Feature", "properties": { "highway": "secondary", "name": "裕安一路" }, "geometry": { "type": "LineString", "coordinates": [ [ 113.883213, 22.564441 ], [ 113.883337, 22.564583 ] ] } },
{ "type": "Feature", "properties": { "highway": "trunk", "name": "宝安大道" }, "geometry": { "type": "LineString", "coordinates": [ [ 113.883213, 22.564441 ], [ 113.883486, 22.564175 ] ] } },
{ "type": "Feature", "properties": { "highway": "secondary", "name": "裕安一路" }, "geometry": { "type": "LineString", "coordinates": [ [ 113.883162, 22.564525 ], [ 113.882889, 22.564255 ] ] } },
{ "type": "Feature", "properties": { "highway": "trunk", "name": "宝安大道" }, "geometry": { "type": "LineString", "coordinates": [ [ 113.883162, 22.564525 ], [ 113.883213, 22.564441 ] ] } },
{ "type": "Feature", "properties": { "highway": "primary", "name": "宝源路" }, "geometry": { "type": "LineString", "coordinates": [ [ 113.851758, 22.577534 ], [ 113.854156, 22.575587 ] ] } },
{ "type": "Feature", "properties": { "highway": "secondary", "name": "新湖路" }, "geometry": { "type": "LineString", "coordinates": [ [ 113.857221, 22.578805 ], [ 113.859589, 22.576757 ] ] } },
{ "type": "Feature", "properties": { "highway": "tertiary", "name": "悦和路" }, "geometry": { "type": "LineString", "coordinates": [ [ 113.854156, 22.575587 ], [ 113.853848, 22.575267 ] ] } },
{ "type": "Feature", "properties": { "highway": "primary", "name": "宝源路" }, "geometry": { "type": "LineString", "coordinates": [ [ 113.854156, 22.575587 ], [ 113.856725, 22.5735 ] ] } },
{ "type": "Feature", "properties": { "highway": "tertiary", "name": "悦和路" }, "geometry": { "type": "LineString", "coordinates": [ [ 113.854261, 22.575694 ], [ 113.854156, 22.575587 ] ] } },
{ "type": "Feature", "properties": { "highway": "primary", "name": "宝源路" }, "geometry": { "type": "LineString", "coordinates": [ [ 113.854261, 22.575694 ], [ 113.853939, 22.575958 ] ] } },
{ "type": "Feature", "properties": { "highway": "primary", "name": "宝安大道辅路" }, "geometry": { "type": "LineString", "coordinates": [ [ 113.882821, 22.564921 ], [ 113.883162, 22.564525 ] ] } },
{ "type": "Feature", "properties": { "highway": "primary_link", "name": "桂湾联络道" }, "geometry": { "type": "LineString", "coordinates": [ [ 113.89147, 22.534657 ], [ 113.891451, 22.534765 ], [ 113.891399, 22.534853 ], [ 113.891291, 22.534946 ], [ 113.891148, 22.535002 ], [ 113.890993, 22.535026 ], [ 113.890583, 22.535019 ], [ 113.890336, 22.535071 ], [ 113.890244, 22.535133 ], [ 113.890112, 22.535306 ] ] } },
{ "type": "Feature", "properties": { "highway": "primary_link", "name": null }, "geometry": { "type": "LineString", "coordinates": [ [ 113.889571, 22.534844 ], [ 113.88965, 22.534827 ], [ 113.889715, 22.534789 ], [ 113.889759, 22.534738 ], [ 113.889786, 22.534666 ] ] } },
{ "type": "Feature", "properties": { "highway": "primary_link", "name": "桂湾联络道" }, "geometry": { "type": "LineString", "coordinates": [ [ 113.890126, 22.534565 ], [ 113.890165, 22.53468 ], [ 113.890232, 22.534783 ], [ 113.890323, 22.534856 ], [ 113.890461, 22.534906 ], [ 113.89098, 22.53492 ], [ 113.891101, 22.534904 ], [ 113.891201, 22.53487 ], [ 113.891272, 22.53482 ], [ 113.891331, 22.534744 ], [ 113.891366, 22.534651 ], [ 113.891379, 22.533369 ], [ 113.891334, 22.533254 ], [ 113.891286, 22.533207 ], [ 113.891148, 22.533139 ], [ 113.891072, 22.533129 ] ] } },
{ "type": "Feature", "properties": { "highway": "primary_link", "name": "桂湾联络道" }, "geometry": { "type": "LineString", "coordinates": [ [ 113.891072, 22.533129 ], [ 113.889229, 22.533118 ] ] } },
{ "type": "Feature", "properties": { "highway": "primary_link", "name": "桂湾联络道" }, "geometry": { "type": "LineString", "coordinates": [ [ 113.89099, 22.54183 ], [ 113.892211, 22.542867 ], [ 113.892439, 22.543103 ], [ 113.892666, 22.543379 ] ] } },
{ "type": "Feature", "properties": { "highway": "primary_link", "name": "桂湾联络道" }, "geometry": { "type": "LineString", "coordinates": [ [ 113.889183, 22.5406 ], [ 113.88996, 22.541055 ], [ 113.89099, 22.54183 ] ] } },
{ "type": "Feature", "properties": { "highway": "tertiary", "name": "深南大道辅路" }, "geometry": { "type": "LineString", "coordinates": [ [ 113.909692, 22.548782 ], [ 113.909568, 22.548879 ], [ 113.909466, 22.54899 ], [ 113.909379, 22.549242 ] ] } },
{ "type": "Feature", "properties": { "highway": "primary", "name": "广深公路辅路" }, "geometry": { "type": "LineString", "coordinates": [ [ 113.897601, 22.562501 ], [ 113.89708, 22.563139 ], [ 113.895631, 22.564203 ], [ 113.894917, 22.564703 ] ] } },
{ "type": "Feature", "properties": { "highway": "primary", "name": "广深公路辅路" }, "geometry": { "type": "LineString", "coordinates": [ [ 113.890079, 22.570145 ], [ 113.889605, 22.570642 ], [ 113.888042, 22.57215 ], [ 113.887459, 22.572684 ], [ 113.886899, 22.573022 ] ] } },
{ "type": "Feature", "properties": { "highway": "primary", "name": "广深公路辅路" }, "geometry": { "type": "LineString", "coordinates": [ [ 113.884567, 22.575127 ], [ 113.884393, 22.575387 ], [ 113.884331, 22.575542 ], [ 113.882618, 22.57705 ] ] } },
{ "type": "Feature", "properties": { "highway": "secondary", "name": "宝民一路" }, "geometry": { "type": "LineString", "coordinates": [ [ 113.883379, 22.578916 ], [ 113.884381, 22.577489 ], [ 113.88471, 22.577079 ], [ 113.885863, 22.575906 ], [ 113.887143, 22.574642 ] ] } },
{ "type": "Feature", "properties": { "highway": "secondary", "name": "宝民一路" }, "geometry": { "type": "LineString", "coordinates": [ [ 113.887143, 22.574642 ], [ 113.88719, 22.574596 ] ] } },
{ "type": "Feature", "properties": { "highway": "primary_link", "name": null }, "geometry": { "type": "LineString", "coordinates": [ [ 113.895199, 22.55376 ], [ 113.895147, 22.55392 ] ] } },
{ "type": "Feature", "properties": { "highway": "primary", "name": "宝安大道辅路" }, "geometry": { "type": "LineString", "coordinates": [ [ 113.895085, 22.55387 ], [ 113.894387, 22.554546 ] ] } },
{ "type": "Feature", "properties": { "highway": "primary", "name": "宝安大道辅路" }, "geometry": { "type": "LineString", "coordinates": [ [ 113.894483, 22.553726 ], [ 113.894685, 22.553527 ] ] } },
{ "type": "Feature", "properties": { "highway": "primary_link", "name": null }, "geometry": { "type": "LineString", "coordinates": [ [ 113.894667, 22.55351 ], [ 113.894755, 22.553458 ] ] } },
{ "type": "Feature", "properties": { "highway": "primary", "name": "宝安大道辅路" }, "geometry": { "type": "LineString", "coordinates": [ [ 113.894685, 22.553527 ], [ 113.894967, 22.553249 ] ] } },
{ "type": "Feature", "properties": { "highway": "primary", "name": "宝安大道辅路" }, "geometry": { "type": "LineString", "coordinates": [ [ 113.89536, 22.553607 ], [ 113.895085, 22.55387 ] ] } },
{ "type": "Feature", "properties": { "highway": "tertiary", "name": "环湾路" }, "geometry": { "type": "LineString", "coordinates": [ [ 113.859703, 22.553094 ], [ 113.85971, 22.552711 ], [ 113.859864, 22.552191 ], [ 113.860011, 22.550971 ], [ 113.860081, 22.550628 ], [ 113.860221, 22.550242 ], [ 113.861781, 22.545163 ], [ 113.862106, 22.544242 ], [ 113.862437, 22.543578 ], [ 113.862594, 22.543208 ] ] } },
{ "type": "Feature", "properties": { "highway": "tertiary", "name": "环湾路" }, "geometry": { "type": "LineString", "coordinates": [ [ 113.862701, 22.543262 ], [ 113.862217, 22.54428 ], [ 113.861895, 22.545167 ], [ 113.861632, 22.546086 ], [ 113.860188, 22.55065 ], [ 113.860104, 22.550999 ], [ 113.859936, 22.552241 ], [ 113.859703, 22.553094 ] ] } },
{ "type": "Feature", "properties": { "highway": "tertiary", "name": "环湾路" }, "geometry": { "type": "LineString", "coordinates": [ [ 113.862594, 22.543208 ], [ 113.86303, 22.542129 ], [ 113.863343, 22.5411 ], [ 113.863423, 22.540785 ], [ 113.863549, 22.540032 ] ] } },
{ "type": "Feature", "properties": { "highway": "tertiary", "name": "环湾路" }, "geometry": { "type": "LineString", "coordinates": [ [ 113.863651, 22.540042 ], [ 113.863444, 22.541096 ], [ 113.863116, 22.542179 ], [ 113.862874, 22.542856 ], [ 113.862701, 22.543262 ] ] } },
{ "type": "Feature", "properties": { "highway": "tertiary", "name": "桂湾二路" }, "geometry": { "type": "LineString", "coordinates": [ [ 113.893593, 22.540571 ], [ 113.89383, 22.540574 ] ] } },
{ "type": "Feature", "properties": { "highway": "primary", "name": "广深公路辅路" }, "geometry": { "type": "LineString", "coordinates": [ [ 113.875434, 22.584318 ], [ 113.874714, 22.585138 ], [ 113.873064, 22.586942 ] ] } },
{ "type": "Feature", "properties": { "highway": "trunk", "name": "广深公路" }, "geometry": { "type": "LineString", "coordinates": [ [ 113.874802, 22.584821 ], [ 113.874061, 22.585666 ], [ 113.872398, 22.587449 ] ] } },
{ "type": "Feature", "properties": { "highway": "trunk", "name": "广深公路" }, "geometry": { "type": "LineString", "coordinates": [ [ 113.874424, 22.584946 ], [ 113.874644, 22.584787 ], [ 113.874917, 22.584545 ], [ 113.875809, 22.583717 ], [ 113.876093, 22.583446 ], [ 113.876593, 22.582926 ], [ 113.877149, 22.582449 ], [ 113.877678, 22.582025 ], [ 113.877854, 22.58182 ], [ 113.878653, 22.580612 ], [ 113.879096, 22.580025 ] ] } },
{ "type": "Feature", "properties": { "highway": "primary", "name": "广深公路辅路" }, "geometry": { "type": "LineString", "coordinates": [ [ 113.886671, 22.57291 ], [ 113.886747, 22.572747 ], [ 113.887092, 22.572437 ], [ 113.888757, 22.57085 ], [ 113.890261, 22.569311 ] ] } },
{ "type": "Feature", "properties": { "highway": "trunk", "name": "广深公路" }, "geometry": { "type": "LineString", "coordinates": [ [ 113.886671, 22.57291 ], [ 113.887603, 22.572121 ] ] } },
{ "type": "Feature", "properties": { "highway": "trunk", "name": "广深公路" }, "geometry": { "type": "LineString", "coordinates": [ [ 113.883533, 22.57581 ], [ 113.883984, 22.575384 ] ] } },
{ "type": "Feature", "properties": { "highway": "trunk", "name": "广深公路" }, "geometry": { "type": "LineString", "coordinates": [ [ 113.884318, 22.574991 ], [ 113.885122, 22.574193 ], [ 113.886464, 22.573049 ], [ 113.886671, 22.57291 ] ] } },
{ "type": "Feature", "properties": { "highway": "trunk", "name": "广深公路" }, "geometry": { "type": "LineString", "coordinates": [ [ 113.883984, 22.575384 ], [ 113.885196, 22.574248 ], [ 113.886517, 22.573096 ], [ 113.886671, 22.57291 ] ] } },
{ "type": "Feature", "properties": { "highway": "trunk", "name": "广深公路" }, "geometry": { "type": "LineString", "coordinates": [ [ 113.887603, 22.572121 ], [ 113.888869, 22.57093 ], [ 113.889741, 22.57007 ], [ 113.89075, 22.569009 ] ] } },
{ "type": "Feature", "properties": { "highway": "trunk", "name": "广深公路" }, "geometry": { "type": "LineString", "coordinates": [ [ 113.881818, 22.577376 ], [ 113.883533, 22.57581 ] ] } },
{ "type": "Feature", "properties": { "highway": "trunk", "name": "广深公路" }, "geometry": { "type": "LineString", "coordinates": [ [ 113.879183, 22.580167 ], [ 113.879004, 22.580352 ], [ 113.878757, 22.580662 ], [ 113.878291, 22.581329 ], [ 113.877979, 22.581815 ], [ 113.877838, 22.581996 ], [ 113.877698, 22.582131 ], [ 113.877305, 22.58243 ], [ 113.876773, 22.582889 ], [ 113.875992, 22.583685 ], [ 113.875039, 22.584568 ], [ 113.874802, 22.584821 ] ] } },
{ "type": "Feature", "properties": { "highway": "trunk", "name": "广深公路" }, "geometry": { "type": "LineString", "coordinates": [ [ 113.886505, 22.573395 ], [ 113.883991, 22.575641 ] ] } },
{ "type": "Feature", "properties": { "highway": "trunk", "name": "广深公路" }, "geometry": { "type": "LineString", "coordinates": [ [ 113.883991, 22.575641 ], [ 113.88291, 22.576605 ] ] } },
{ "type": "Feature", "properties": { "highway": "trunk", "name": "广深公路" }, "geometry": { "type": "LineString", "coordinates": [ [ 113.886505, 22.573395 ], [ 113.88631, 22.573465 ], [ 113.885336, 22.574303 ], [ 113.884585, 22.575005 ], [ 113.883991, 22.575641 ] ] } },
{ "type": "Feature", "properties": { "highway": "primary", "name": "广深公路辅路" }, "geometry": { "type": "LineString", "coordinates": [ [ 113.872244, 22.587345 ], [ 113.872584, 22.58679 ], [ 113.875043, 22.5841 ], [ 113.875295, 22.583773 ], [ 113.875626, 22.583462 ] ] } },
{ "type": "Feature", "properties": { "highway": "trunk", "name": "广深公路" }, "geometry": { "type": "LineString", "coordinates": [ [ 113.875626, 22.583462 ], [ 113.875832, 22.583174 ], [ 113.876547, 22.582386 ], [ 113.877745, 22.581145 ], [ 113.878034, 22.580904 ] ] } },
{ "type": "Feature", "properties": { "highway": "trunk", "name": "广深公路" }, "geometry": { "type": "LineString", "coordinates": [ [ 113.878484, 22.580635 ], [ 113.880836, 22.578316 ], [ 113.881818, 22.577376 ] ] } },
{ "type": "Feature", "properties": { "highway": "primary", "name": "广深公路辅路" }, "geometry": { "type": "LineString", "coordinates": [ [ 113.875295, 22.583773 ], [ 113.875566, 22.583331 ], [ 113.875769, 22.583068 ], [ 113.876383, 22.582386 ], [ 113.877463, 22.581279 ], [ 113.877569, 22.581143 ], [ 113.877953, 22.580845 ], [ 113.878317, 22.580616 ] ] } },
{ "type": "Feature", "properties": { "highway": "trunk_link", "name": null }, "geometry": { "type": "LineString", "coordinates": [ [ 113.903972, 22.546854 ], [ 113.903841, 22.546764 ], [ 113.903586, 22.546646 ], [ 113.90329, 22.546577 ], [ 113.903133, 22.546569 ], [ 113.902991, 22.546578 ], [ 113.902817, 22.546612 ], [ 113.902517, 22.546723 ], [ 113.902302, 22.546829 ] ] } },
{ "type": "Feature", "properties": { "highway": "primary", "name": "广深公路辅路" }, "geometry": { "type": "LineString", "coordinates": [ [ 113.879487, 22.580098 ], [ 113.878862, 22.580733 ], [ 113.878209, 22.581664 ], [ 113.877996, 22.581953 ], [ 113.877872, 22.582092 ], [ 113.87759, 22.582343 ], [ 113.877264, 22.582569 ], [ 113.876883, 22.582897 ], [ 113.876044, 22.583751 ], [ 113.875791, 22.583958 ], [ 113.875434, 22.584318 ] ] } },
{ "type": "Feature", "properties": { "highway": "motorway_link", "name": null }, "geometry": { "type": "LineString", "coordinates": [ [ 113.893939, 22.593641 ], [ 113.894485, 22.593782 ] ] } },
{ "type": "Feature", "properties": { "highway": "motorway_link", "name": null }, "geometry": { "type": "LineString", "coordinates": [ [ 113.894435, 22.593905 ], [ 113.893919, 22.593758 ] ] } },
{ "type": "Feature", "properties": { "highway": "trunk_link", "name": null }, "geometry": { "type": "LineString", "coordinates": [ [ 113.89811, 22.550215 ], [ 113.898328, 22.549978 ] ] } },
{ "type": "Feature", "properties": { "highway": "trunk", "name": "广深公路" }, "geometry": { "type": "LineString", "coordinates": [ [ 113.878034, 22.580904 ], [ 113.878484, 22.580635 ] ] } },
{ "type": "Feature", "properties": { "highway": "trunk", "name": "广深公路" }, "geometry": { "type": "LineString", "coordinates": [ [ 113.875326, 22.583953 ], [ 113.875626, 22.583462 ] ] } },
{ "type": "Feature", "properties": { "highway": "trunk", "name": "广深公路" }, "geometry": { "type": "LineString", "coordinates": [ [ 113.883984, 22.575384 ], [ 113.884318, 22.574991 ] ] } },
{ "type": "Feature", "properties": { "highway": "trunk", "name": "广深公路" }, "geometry": { "type": "LineString", "coordinates": [ [ 113.888203, 22.571792 ], [ 113.886899, 22.573022 ] ] } },
{ "type": "Feature", "properties": { "highway": "trunk", "name": "广深公路" }, "geometry": { "type": "LineString", "coordinates": [ [ 113.886899, 22.573022 ], [ 113.886505, 22.573395 ] ] } },
{ "type": "Feature", "properties": { "highway": "trunk", "name": "广深公路" }, "geometry": { "type": "LineString", "coordinates": [ [ 113.897601, 22.562501 ], [ 113.895687, 22.563956 ], [ 113.894917, 22.564703 ] ] } }
]
}
